rainfall_1h,rainfall_3h,rainfall_6h,rainfall_24h,forecast_rain_3h,forecast_rain_6h,soil_moisture,soil_saturation,water_level,water_level_rise_rate,incoming_flow,elevation,slope,flow_accumulation,storage_remaining,historical_flood_frequency,target_flood_1h,target_flood_3h,target_flood_6h,prob_groundtruth_1h,prob_groundtruth_3h,prob_groundtruth_6h
16.71,35.5,77.25,154.02,23.52,54.08,70.21,82.37,7.8,0.171,18217.6,89.3,1.44,165058.0,32.44,1.19,1,1,1,0.686,0.987,0.983
80.28,184.35,305.76,497.12,82.3,237.13,83.48,99.5,9.19,0.926,25331.8,172.9,7.52,64502.0,0.92,0.15,1,1,1,1.0,1.0,1.0
1.29,6.5,12.16,16.61,2.54,3.3,33.15,41.64,5.25,-0.406,7375.8,141.1,5.68,95867.0,75.0,0.98,0,0,0,0.0,0.001,0.0
0.63,4.73,8.52,29.46,0.59,5.44,45.52,49.2,4.63,-0.217,6893.7,121.8,6.36,85345.0,75.0,1.13,0,0,0,0.0,0.001,0.0
25.06,81.87,157.88,282.4,34.74,94.61,80.12,99.5,9.0,0.315,24196.2,57.6,1.2,233477.0,0.92,1.96,1,1,1,0.998,1.0,1.0
13.67,31.16,62.63,118.18,28.88,71.91,55.62,64.75,7.05,-0.04,16028.6,57.6,2.05,195853.0,64.86,1.77,0,1,1,0.021,0.844,0.957
0.54,1.62,4.86,6.06,0.72,1.64,35.12,37.31,5.58,-0.309,13599.3,43.4,0.5,221707.0,75.0,2.72,0,0,0,0.0,0.002,0.002
7.9,26.76,53.29,91.85,27.75,68.98,50.58,61.87,6.33,-0.243,9898.0,160.6,7.65,65462.0,70.16,0.33,0,0,0,0.003,0.16,0.165
16.21,30.85,47.56,82.9,15.52,37.12,51.97,61.06,6.88,0.074,13285.2,122.2,5.42,147985.0,71.64,1.2,0,0,0,0.02,0.296,0.086
2.49,13.22,20.01,35.71,1.78,6.92,40.7,45.22,6.0,-0.285,9765.5,137.7,6.05,116947.0,75.0,0.76,0,0,0,0.0,0.004,0.001
3.53,5.82,6.5,8.64,1.75,3.17,26.05,39.59,6.04,-0.343,13252.6,38.0,1.33,222023.0,75.0,2.34,0,0,0,0.0,0.006,0.003
42.76,102.22,192.81,273.28,47.46,111.17,84.45,99.5,8.23,0.463,19003.2,175.6,7.46,63352.0,0.92,0.5,1,1,1,0.999,1.0,1.0
14.18,28.68,72.98,136.49,23.2,65.78,54.55,68.8,6.44,0.039,13716.5,155.7,9.5,118328.0,57.42,0.24,0,0,1,0.019,0.471,0.857
6.41,6.96,13.61,15.74,1.22,1.59,31.98,34.79,5.61,-0.327,13610.9,65.8,1.97,199958.0,75.0,1.93,0,0,0,0.0,0.001,0.002
1.17,2.75,6.71,20.31,1.93,3.15,34.18,42.54,6.17,-0.273,12937.5,61.4,2.3,203636.0,75.0,2.35,0,0,0,0.0,0.013,0.003
15.88,33.26,62.95,142.31,15.67,46.51,65.88,72.26,6.48,0.04,15219.0,61.6,0.95,191967.0,51.04,2.52,0,1,1,0.037,0.537,0.939
1.38,1.71,3.46,22.87,0.54,2.92,34.72,43.65,5.83,-0.384,10623.6,79.1,1.53,156643.0,75.0,1.7,0,0,0,0.0,0.006,0.001
35.77,97.61,191.31,340.59,43.75,122.61,85.7,99.5,8.55,0.529,21835.7,111.1,4.08,144292.0,0.92,1.3,1,1,1,1.0,1.0,1.0
14.52,27.62,71.67,144.93,15.8,51.05,54.91,67.18,6.33,-0.025,13006.0,97.6,5.36,167724.0,60.4,2.14,0,0,1,0.011,0.155,0.88
14.33,29.67,70.58,135.09,23.16,44.79,58.1,69.05,8.26,0.076,18298.4,77.2,2.35,203820.0,56.96,2.11,0,1,1,0.343,0.95,0.939
61.31,157.35,333.38,559.95,64.29,168.91,84.56,99.5,9.48,0.676,29545.9,123.7,3.8,97810.0,0.92,0.92,1,1,1,1.0,1.0,1.0
11.15,31.67,68.98,123.51,12.34,36.13,55.9,65.69,7.26,0.039,16645.9,55.2,1.53,196852.0,63.14,1.9,0,1,1,0.024,0.664,0.92
0.35,4.15,4.94,12.45,2.22,13.93,35.03,36.35,5.92,-0.258,12279.0,77.4,1.96,178456.0,75.0,2.05,0,0,0,0.0,0.01,0.002
17.99,42.19,78.74,146.06,25.18,66.06,63.61,70.64,7.45,0.072,15341.4,88.1,3.55,174201.0,54.02,1.31,0,1,1,0.296,0.908,0.907
17.37,32.95,60.45,113.47,23.2,61.46,53.21,64.81,6.91,0.138,15862.1,101.1,0.81,156468.0,64.75,1.75,0,1,1,0.032,0.759,0.774
2.45,3.98,5.78,54.93,0.53,1.41,36.9,43.28,5.19,-0.238,9469.8,148.9,8.64,99554.0,75.0,0.85,0,0,0,0.0,0.001,0.001
1.51,2.0,4.04,8.19,0.37,3.4,29.91,38.61,6.11,-0.32,11639.2,64.0,1.47,209378.0,75.0,2.11,0,0,0,0.0,0.006,0.001
9.86,25.71,46.59,114.98,16.29,41.58,54.87,68.64,5.87,-0.014,11568.2,109.6,5.26,134974.0,57.7,1.23,0,0,0,0.008,0.143,0.363
0.35,1.77,4.26,13.32,6.86,15.08,32.3,39.96,5.54,-0.39,11037.5,120.9,1.47,148932.0,75.0,0.96,0,0,0,0.0,0.004,0.001
35.23,71.79,158.53,245.7,54.86,116.32,88.78,99.5,8.78,0.594,24633.2,41.7,1.96,236419.0,0.92,2.71,1,1,1,1.0,1.0,1.0
15.89,39.91,67.43,120.45,21.8,42.72,57.57,72.7,6.62,0.161,13311.1,123.1,5.8,127490.0,50.24,1.04,0,1,1,0.063,0.626,0.618
17.06,32.42,52.42,120.56,14.38,33.69,61.42,70.57,7.3,-0.008,17777.7,59.7,2.5,232342.0,54.16,1.89,0,1,1,0.127,0.826,0.896
12.32,31.73,63.82,126.65,12.31,41.59,60.15,69.41,7.06,0.027,16570.0,44.4,0.76,250027.0,56.28,2.21,0,1,1,0.064,0.816,0.949
9.64,34.19,50.68,95.59,28.84,73.34,49.42,60.33,6.02,-0.149,9242.6,172.6,6.82,86887.0,72.99,0.46,0,0,0,0.001,0.192,0.418
2.09,2.29,5.58,11.72,3.28,3.48,38.39,43.26,4.58,-0.264,3807.3,175.0,2.4,25000.0,75.0,0.1,0,0,0,0.0,0.0,0.0
0.26,1.94,2.63,16.79,3.44,7.71,33.74,37.82,5.81,-0.306,9734.1,152.2,4.64,121023.0,75.0,0.53,0,0,0,0.0,0.008,0.001
0.7,5.96,6.56,10.17,1.34,1.57,32.31,38.12,5.35,-0.45,10031.0,79.2,4.24,196919.0,75.0,1.56,0,0,0,0.0,0.002,0.0
0.12,1.39,12.91,41.59,1.25,1.79,37.58,44.65,6.16,-0.317,15774.4,49.2,2.43,251101.0,75.0,2.42,0,0,0,0.0,0.038,0.008
7.32,21.73,43.04,77.18,23.48,55.92,49.44,58.89,5.87,-0.086,11762.2,134.2,4.73,137505.0,75.0,0.69,0,0,0,0.001,0.084,0.133
27.28,93.44,190.0,309.28,33.38,123.89,82.47,99.5,8.84,0.426,24768.7,98.8,1.72,185089.0,0.92,0.93,1,1,1,1.0,1.0,1.0
13.69,25.89,59.21,109.46,22.71,51.92,59.76,69.82,7.93,0.178,18548.9,52.7,2.46,229945.0,55.52,1.53,0,1,1,0.303,0.945,0.87
64.42,178.57,343.81,495.0,63.27,167.67,83.31,99.5,10.38,0.664,34000.0,106.8,3.78,172070.0,0.92,0.9,1,1,1,1.0,1.0,1.0
30.76,76.77,165.85,261.46,54.64,137.17,84.98,99.5,8.8,0.562,24595.3,40.0,0.5,261928.0,0.92,2.71,1,1,1,1.0,1.0,1.0
49.97,159.02,355.55,522.55,105.47,233.95,83.05,99.5,9.62,0.575,28999.6,166.9,8.19,83027.0,0.92,0.49,1,1,1,1.0,1.0,1.0
34.77,71.85,166.75,285.01,55.24,139.75,82.93,99.5,8.08,0.322,21802.0,72.5,2.51,169389.0,0.92,1.99,1,1,1,0.997,1.0,1.0
11.81,24.29,43.54,81.56,27.34,46.05,41.61,50.56,5.68,-0.118,13033.9,131.1,7.42,118109.0,75.0,1.16,0,0,0,0.0,0.124,0.158
10.0,23.68,64.65,118.53,29.93,67.04,61.16,68.22,6.82,-0.025,16575.3,80.2,1.23,189611.0,58.48,1.74,0,1,1,0.011,0.794,0.946
2.28,2.54,3.71,5.46,1.25,5.68,25.5,34.05,5.24,-0.369,10303.9,110.4,0.5,148631.0,75.0,1.27,0,0,0,0.0,0.001,0.0
24.23,64.43,151.31,249.73,46.78,89.59,89.01,99.5,9.27,0.43,20099.2,114.3,4.57,124174.0,0.92,1.55,1,1,1,0.999,1.0,1.0
13.85,31.05,65.47,109.24,15.57,54.61,55.43,62.96,7.69,0.024,15242.9,61.8,2.49,181369.0,68.16,2.03,0,1,1,0.068,0.73,0.818
14.34,32.2,66.04,100.74,27.12,65.22,52.9,66.83,7.18,-0.025,11410.9,175.6,0.8,58175.0,61.03,0.78,0,1,0,0.024,0.638,0.344
12.68,36.29,56.35,120.68,29.26,53.56,47.61,57.71,6.17,-0.011,14122.9,147.4,2.56,115243.0,75.0,0.95,0,0,0,0.001,0.234,0.405
5.2,25.69,40.9,114.53,11.13,45.71,50.02,63.62,6.86,-0.262,10059.0,171.2,9.5,98232.0,66.93,0.24,0,0,0,0.002,0.072,0.121
9.9,21.36,63.31,130.62,16.81,40.33,55.35,63.21,5.81,-0.065,9737.8,164.7,4.86,96049.0,67.69,0.37,0,0,0,0.001,0.104,0.117
14.57,36.79,73.27,135.26,14.56,55.14,62.71,70.02,7.66,0.136,14928.9,121.7,5.86,149827.0,55.17,0.91,0,1,1,0.318,0.853,0.83
38.74,94.43,175.13,300.66,58.99,139.81,85.15,99.5,8.45,0.556,19920.9,168.7,3.93,76382.0,0.92,0.83,1,1,1,1.0,1.0,1.0
41.41,96.7,184.18,332.54,38.13,102.55,87.62,99.5,8.6,0.564,24732.4,47.8,0.5,196471.0,0.92,2.07,1,1,1,1.0,1.0,1.0
35.52,107.12,158.07,255.08,38.21,96.17,85.03,99.5,9.08,0.473,20820.3,63.4,2.03,197071.0,0.92,1.73,1,1,1,1.0,1.0,1.0
27.04,85.65,188.79,319.75,38.45,125.96,87.0,99.5,10.04,0.444,27353.8,41.6,1.26,226249.0,0.92,2.37,1,1,1,1.0,1.0,1.0
1.2,1.82,3.61,22.34,2.69,5.69,41.48,47.94,5.78,-0.294,12306.4,82.2,2.28,173937.0,75.0,1.67,0,0,0,0.0,0.009,0.004
50.79,168.99,306.67,554.69,92.38,193.51,84.61,99.5,10.24,0.704,32121.8,91.4,3.01,171191.0,0.92,1.65,1,1,1,1.0,1.0,1.0
0.29,0.64,1.75,3.81,1.92,5.12,36.5,40.67,5.51,-0.383,13685.3,74.3,2.96,197407.0,75.0,2.38,0,0,0,0.0,0.002,0.002
34.65,95.33,194.22,347.3,38.06,110.39,84.18,99.5,8.13,0.614,19947.5,155.2,5.01,106595.0,0.92,0.93,1,1,1,0.999,1.0,1.0
0.1,0.42,4.67,12.67,2.84,4.78,34.53,36.34,5.89,-0.336,12588.8,86.7,1.06,171753.0,75.0,1.64,0,0,0,0.0,0.005,0.0
6.66,29.48,46.97,86.42,15.54,60.4,53.69,64.1,6.41,0.062,12771.3,75.7,3.31,160561.0,66.06,1.37,0,0,0,0.005,0.437,0.464
30.42,85.49,181.67,312.58,59.45,126.2,85.99,99.5,8.9,0.419,19752.7,113.7,0.5,136328.0,0.92,1.1,1,1,1,0.999,1.0,1.0
17.64,39.18,66.23,115.29,28.59,64.12,56.8,68.9,6.65,0.165,16302.9,55.4,0.5,214135.0,57.22,2.29,0,1,1,0.051,0.901,0.896
13.08,33.96,65.79,103.75,16.38,48.12,57.0,71.68,6.73,-0.056,13556.3,151.3,7.31,116760.0,52.1,0.36,0,0,0,0.035,0.424,0.415
5.24,20.67,58.35,96.56,11.29,51.37,54.6,63.18,7.4,-0.047,16405.3,45.8,2.02,216511.0,67.75,2.86,0,1,1,0.012,0.672,0.789
13.02,24.03,63.22,126.12,16.68,42.97,53.96,68.79,6.06,0.011,12331.6,178.1,6.05,73970.0,57.42,0.33,0,0,0,0.009,0.241,0.312
0.2,4.71,7.56,17.33,4.3,4.36,38.37,38.82,5.33,-0.348,9867.7,147.0,1.45,107981.0,75.0,0.79,0,0,0,0.0,0.003,0.0
5.87,16.62,32.52,95.43,22.68,44.0,54.34,64.98,7.43,-0.025,15446.2,63.8,1.42,204082.0,64.44,1.76,0,1,1,0.036,0.864,0.58
0.19,0.59,12.84,27.03,1.76,3.12,30.36,35.94,7.27,-0.322,17203.8,35.8,1.08,250997.0,75.0,2.51,0,0,0,0.0,0.115,0.006
10.63,20.15,65.09,132.85,22.43,55.06,58.41,69.63,6.06,0.07,9843.6,153.2,0.96,86197.0,55.87,0.33,0,0,0,0.015,0.234,0.348
0.84,1.59,2.61,12.18,0.15,0.42,35.41,41.24,5.98,-0.303,9282.0,137.5,2.98,106379.0,75.0,1.56,0,0,0,0.0,0.002,0.0
12.29,35.93,78.36,108.9,12.15,44.64,59.74,69.28,7.46,0.06,13961.0,140.7,6.58,110974.0,56.53,1.26,0,1,1,0.139,0.608,0.57
16.03,40.26,81.07,144.95,14.01,31.19,66.4,80.58,6.46,0.131,11137.5,146.8,8.91,94197.0,35.73,1.07,0,1,0,0.164,0.542,0.458
0.06,2.43,2.57,18.7,2.49,2.78,29.27,41.95,6.55,-0.385,13164.2,45.7,1.26,232736.0,75.0,1.8,0,0,0,0.0,0.01,0.002
16.79,33.66,75.79,150.87,13.94,40.36,60.55,74.47,6.99,0.118,15432.7,87.0,4.23,164929.0,46.97,1.69,0,1,1,0.088,0.764,0.883
6.75,27.92,58.05,134.49,14.16,49.82,60.77,72.92,6.8,-0.18,16872.5,51.8,0.5,221233.0,49.82,2.49,0,1,1,0.016,0.576,0.967
84.57,194.49,310.68,533.06,68.99,151.43,85.28,99.5,9.37,1.025,27173.2,160.1,7.51,86317.0,0.92,0.76,1,1,1,1.0,1.0,1.0
28.37,74.02,171.34,281.24,55.65,96.55,85.03,99.5,8.13,0.499,19590.0,125.4,2.57,132770.0,0.92,0.78,1,1,1,0.998,1.0,1.0
20.37,56.54,119.7,229.62,51.27,145.5,83.55,96.08,7.96,0.371,20653.7,83.0,3.36,173528.0,7.21,1.49,1,1,1,0.986,1.0,1.0
9.61,18.55,39.4,114.29,23.99,62.69,50.5,64.25,6.69,-0.101,14433.0,44.2,1.35,221855.0,65.78,2.1,0,1,1,0.007,0.619,0.892
6.61,16.91,35.28,108.13,14.2,48.49,47.8,58.86,6.34,-0.29,12495.7,80.1,4.71,185329.0,75.0,1.55,0,0,0,0.0,0.074,0.448
0.87,2.84,3.71,15.81,0.09,17.7,32.44,39.47,5.93,-0.293,10717.5,82.2,1.58,184449.0,75.0,2.16,0,0,0,0.0,0.003,0.001
5.35,14.2,38.94,110.52,15.14,44.3,57.63,63.32,6.55,-0.165,9947.9,140.8,6.52,110985.0,67.49,0.28,0,0,0,0.003,0.114,0.168
20.45,58.6,145.08,240.63,54.3,137.5,89.04,96.75,8.46,0.224,18697.7,127.4,3.82,152645.0,5.98,1.25,1,1,1,0.993,1.0,1.0
16.05,26.33,54.99,132.35,25.44,43.95,54.08,67.59,6.45,0.116,11799.2,163.6,5.26,68764.0,59.64,0.15,0,1,0,0.02,0.551,0.311
11.53,35.21,63.41,135.29,19.92,38.12,66.69,75.24,6.67,-0.049,13559.0,103.5,3.28,154872.0,45.55,1.1,0,1,1,0.079,0.61,0.691
0.19,0.31,1.18,28.07,2.1,6.8,36.7,42.92,6.6,-0.337,11964.9,52.3,1.04,193586.0,75.0,1.52,0,0,0,0.0,0.01,0.004
1.17,2.39,3.37,34.55,1.45,3.74,35.24,39.82,5.27,-0.198,7279.6,138.4,4.81,119477.0,75.0,0.73,0,0,0,0.0,0.001,0.0
6.66,7.87,15.57,39.36,0.53,0.88,37.24,47.71,5.26,-0.273,7597.3,145.3,4.92,88895.0,75.0,1.25,0,0,0,0.0,0.003,0.001
17.68,32.92,47.99,102.94,22.39,60.67,62.67,69.74,6.8,-0.011,13195.3,116.4,4.58,136163.0,55.67,1.29,0,1,1,0.066,0.588,0.546
17.26,40.82,84.02,115.63,24.24,46.01,52.63,68.46,6.08,0.1,13863.9,146.8,5.36,98271.0,58.04,0.41,0,0,0,0.017,0.394,0.403
7.44,29.04,56.56,132.39,10.85,49.91,58.7,72.93,6.9,0.025,15150.9,106.6,5.26,156293.0,49.81,1.65,0,1,1,0.053,0.544,0.839
6.78,17.78,47.1,96.88,19.72,62.92,53.46,63.68,6.13,-0.217,11339.5,110.8,5.72,138753.0,66.82,1.66,0,0,1,0.001,0.135,0.583
36.43,83.05,143.42,257.03,45.81,118.88,83.09,99.5,7.79,0.514,18732.7,97.0,1.56,154678.0,0.92,1.52,1,1,1,0.999,1.0,1.0
26.65,92.35,148.26,273.09,51.82,103.2,84.64,99.5,9.27,0.507,25523.3,38.7,1.96,255115.0,0.92,2.93,1,1,1,1.0,1.0,1.0
40.65,100.27,189.01,308.83,61.84,140.0,82.86,99.5,9.57,0.664,25686.5,50.6,0.69,223495.0,0.92,2.39,1,1,1,1.0,1.0,1.0
9.96,22.02,39.15,77.42,29.85,57.06,50.63,60.61,7.66,-0.099,15931.1,39.6,1.8,224116.0,72.47,2.51,0,1,1,0.01,0.832,0.718
16.68,27.58,55.34,133.37,11.82,44.64,58.1,68.89,6.5,0.097,13068.9,127.3,5.87,123502.0,57.24,0.81,0,0,1,0.03,0.479,0.593
81.77,208.75,394.89,654.72,92.61,190.24,84.02,99.5,10.28,1.007,34000.0,80.6,0.5,207982.0,0.92,1.91,1,1,1,1.0,1.0,1.0
1.57,11.16,14.15,17.77,1.7,5.81,36.74,42.79,5.48,-0.23,9893.6,108.7,3.99,145981.0,75.0,1.38,0,0,0,0.0,0.006,0.0
0.28,3.46,7.0,18.37,0.73,1.32,40.12,44.56,5.51,-0.316,6585.1,166.6,4.43,69744.0,75.0,0.65,0,0,0,0.0,0.003,0.0
13.1,31.07,56.21,101.01,16.94,46.64,45.93,56.25,6.03,0.02,15112.8,71.1,1.52,184348.0,75.0,1.65,0,0,0,0.001,0.32,0.327
17.67,38.65,79.21,134.49,20.52,41.65,64.39,71.79,6.79,0.033,14375.8,94.5,5.61,158356.0,51.91,1.56,0,1,1,0.032,0.67,0.724
1.53,2.9,8.33,14.64,0.23,0.89,38.74,45.44,5.7,-0.227,8456.3,144.6,3.36,97617.0,75.0,0.56,0,0,0,0.0,0.003,0.0
40.29,85.63,151.5,305.84,53.02,99.3,87.73,99.5,8.12,0.469,20553.3,68.2,1.4,178994.0,0.92,1.25,1,1,1,1.0,1.0,1.0
6.87,19.5,52.32,119.96,15.49,56.61,54.62,65.26,6.92,-0.214,16089.0,46.2,1.68,207742.0,63.91,2.51,0,0,1,0.001,0.371,0.91
6.42,17.95,62.06,98.8,27.76,63.88,50.63,62.11,7.41,-0.053,15986.8,77.0,3.65,175143.0,69.71,1.32,0,1,1,0.011,0.863,0.787
5.95,22.17,52.74,129.35,18.42,46.83,61.03,71.56,7.31,0.209,16962.2,58.4,1.89,218821.0,52.33,2.07,0,1,1,0.092,0.894,0.898
6.46,25.33,46.66,80.53,29.94,53.03,56.8,59.28,6.28,-0.099,8258.8,169.8,9.5,70514.0,74.93,0.55,0,0,0,0.001,0.184,0.058
0.18,3.19,10.08,10.88,0.22,0.55,31.21,40.73,6.13,-0.359,8299.7,152.2,6.78,94280.0,75.0,0.8,0,0,0,0.0,0.004,0.0
0.06,2.75,6.3,19.35,1.41,7.36,28.21,31.2,5.84,-0.323,10428.5,126.8,0.5,146839.0,75.0,0.97,0,0,0,0.0,0.001,0.001
0.95,7.22,9.88,28.65,1.05,3.05,35.55,41.3,5.31,-0.365,7905.9,161.4,4.11,105791.0,75.0,0.65,0,0,0,0.0,0.001,0.0
41.22,80.53,164.43,302.53,56.26,128.8,85.59,99.5,8.48,0.417,17035.3,151.5,3.77,93929.0,0.92,0.85,1,1,1,0.999,1.0,1.0
10.82,23.26,65.54,114.03,25.98,41.93,46.24,57.94,6.02,-0.017,16595.1,62.1,2.71,196074.0,75.0,2.21,0,0,1,0.003,0.408,0.651
8.02,21.89,57.04,103.01,10.83,31.04,49.99,57.47,5.16,0.0,8285.0,164.4,0.5,69728.0,75.0,1.04,0,0,0,0.0,0.012,0.044
8.37,19.36,40.47,108.92,18.24,45.4,48.22,55.86,6.55,-0.124,11561.4,113.2,9.16,154546.0,75.0,1.32,0,0,0,0.001,0.164,0.338
17.57,33.16,75.99,120.94,18.01,44.9,58.16,72.79,7.42,0.124,10806.3,152.1,6.78,94435.0,50.07,0.72,0,1,1,0.186,0.816,0.567
0.95,3.14,4.28,23.22,1.37,1.4,31.49,36.66,5.24,-0.417,5383.8,164.9,6.21,76283.0,75.0,0.24,0,0,0,0.0,0.001,0.0
1.07,5.07,6.23,6.69,3.29,16.39,26.94,32.41,5.78,-0.415,10785.0,81.1,4.56,170462.0,75.0,1.84,0,0,0,0.0,0.002,0.001
21.91,94.44,165.99,321.31,52.71,141.67,83.69,99.5,8.82,0.383,24738.2,51.0,3.93,207306.0,0.92,2.34,1,1,1,0.998,1.0,1.0
15.22,23.69,40.66,96.94,12.59,41.42,47.09,55.54,7.1,-0.065,15864.5,68.1,3.45,203140.0,75.0,1.84,0,1,1,0.007,0.523,0.549
17.41,30.42,60.09,109.3,22.6,43.41,60.06,67.46,7.42,0.056,14971.3,96.9,5.05,143952.0,59.88,1.65,0,1,1,0.091,0.798,0.622
8.38,30.98,70.32,139.78,25.42,54.2,71.68,82.99,7.09,-0.159,11998.5,153.6,5.74,110588.0,31.31,0.59,0,1,1,0.146,0.805,0.841
38.22,88.71,144.75,256.22,35.55,97.05,81.97,99.5,7.38,0.541,13739.6,159.8,5.19,80225.0,0.92,0.79,1,1,1,0.998,0.996,1.0
8.87,27.05,52.9,118.18,20.24,62.83,51.19,58.76,7.47,-0.211,16667.0,36.0,0.95,234546.0,75.0,2.63,0,1,1,0.007,0.581,0.919
0.11,3.02,7.49,43.59,0.93,2.2,36.62,43.22,6.03,-0.284,10863.4,109.1,2.2,129075.0,75.0,1.58,0,0,0,0.0,0.006,0.001
24.31,69.92,150.03,297.05,39.95,88.63,83.03,99.5,8.49,0.474,19988.6,95.5,2.16,165185.0,0.92,1.54,1,1,1,0.999,1.0,1.0
0.38,0.65,11.1,35.83,0.74,1.73,35.54,45.46,6.62,-0.256,12768.6,67.2,0.72,194428.0,75.0,1.6,0,0,0,0.0,0.037,0.001
2.83,2.83,6.51,36.23,1.42,1.43,41.73,46.73,5.96,-0.357,13263.5,52.4,1.76,216392.0,75.0,1.94,0,0,0,0.0,0.009,0.004
0.3,6.69,6.76,12.78,3.12,9.49,29.32,36.17,6.19,-0.446,13671.5,84.0,0.5,201331.0,75.0,1.85,0,0,0,0.0,0.007,0.001
31.94,76.24,162.22,263.32,38.93,123.35,86.85,99.5,8.05,0.46,18115.5,171.7,6.6,76599.0,0.92,1.15,1,1,1,0.998,1.0,1.0
23.86,59.08,129.28,248.56,54.68,137.64,77.14,93.92,7.33,0.406,17470.5,81.9,2.81,169843.0,11.19,1.6,1,1,1,0.939,0.999,1.0
36.59,96.65,186.59,288.32,43.38,117.29,89.56,99.5,7.65,0.591,18608.5,110.2,4.15,137061.0,0.92,1.43,1,1,1,0.999,0.999,1.0
47.62,135.34,281.92,496.6,84.32,221.77,91.16,99.5,9.23,0.651,27925.4,136.9,3.51,124602.0,0.92,0.75,1,1,1,1.0,1.0,1.0
0.77,6.63,8.55,17.49,0.01,1.31,35.83,40.56,6.5,-0.415,12363.4,87.7,7.93,194209.0,75.0,1.33,0,0,0,0.0,0.012,0.001
16.27,29.94,52.53,109.71,11.57,42.52,55.3,61.24,6.12,0.084,10614.3,175.9,9.5,73139.0,71.31,0.16,0,0,0,0.005,0.118,0.081
8.95,23.46,62.2,125.3,18.92,51.25,57.43,68.9,6.36,-0.022,10480.1,174.6,2.2,80865.0,57.22,0.1,0,0,0,0.004,0.18,0.409
75.67,190.42,317.1,499.23,77.41,172.42,83.19,99.5,10.47,0.871,33725.5,71.5,2.8,203336.0,0.92,2.26,1,1,1,1.0,1.0,1.0
0.01,0.49,7.1,16.57,0.84,4.12,34.97,37.63,6.13,-0.409,11361.4,107.1,2.58,172765.0,75.0,0.67,0,0,0,0.0,0.005,0.001
74.59,165.86,317.81,466.8,89.85,198.37,84.95,99.5,10.01,0.77,30092.8,78.6,1.32,156403.0,0.92,1.67,1,1,1,1.0,1.0,1.0
0.68,2.06,6.06,16.25,1.1,1.16,29.88,39.19,6.06,-0.262,12178.7,76.3,0.83,198446.0,75.0,1.43,0,0,0,0.0,0.008,0.001
35.52,105.71,201.88,360.41,34.87,87.11,84.77,99.5,9.35,0.491,27415.8,40.3,1.73,246338.0,0.92,2.03,1,1,1,1.0,1.0,1.0
12.01,24.02,40.06,90.17,15.75,38.67,43.91,55.25,6.67,-0.158,11557.1,123.4,2.81,111855.0,75.0,1.52,0,0,0,0.001,0.12,0.083
43.83,88.37,146.13,236.16,58.22,137.54,84.11,99.5,7.9,0.633,18697.7,107.9,5.66,137249.0,0.92,1.39,1,1,1,0.999,1.0,1.0
0.17,0.79,6.29,10.14,7.98,10.71,28.56,30.52,6.43,-0.364,12215.7,42.5,2.25,216281.0,75.0,1.98,0,0,0,0.0,0.01,0.001
0.26,5.15,6.69,10.78,0.79,5.91,38.28,40.74,6.07,-0.45,13766.4,75.4,4.5,178584.0,75.0,1.62,0,0,0,0.0,0.01,0.003
0.23,1.43,1.56,22.58,0.83,1.83,34.13,39.34,5.13,-0.229,6869.1,166.7,3.28,72736.0,75.0,0.26,0,0,0,0.0,0.0,0.0
12.54,32.52,71.91,119.3,26.25,55.19,59.44,66.0,7.77,0.17,18638.6,69.7,3.04,199955.0,62.57,1.86,0,1,1,0.132,0.933,0.927
6.31,28.7,60.13,120.25,28.75,60.52,57.77,69.32,8.11,-0.034,16133.6,56.0,2.6,225773.0,56.46,2.12,0,1,1,0.123,0.956,0.97
45.22,167.46,303.09,513.34,70.24,174.0,88.83,99.5,9.06,0.617,30285.6,106.0,2.8,169055.0,0.92,1.93,1,1,1,1.0,1.0,1.0
13.93,29.23,63.04,134.22,16.82,48.87,63.21,76.49,6.7,0.285,9843.6,177.9,3.76,53929.0,43.26,0.1,0,1,0,0.215,0.69,0.418
1.8,4.94,8.05,13.85,1.05,3.03,27.22,34.4,6.24,-0.45,12862.5,70.1,4.48,183212.0,75.0,1.86,0,0,0,0.0,0.003,0.001
0.51,3.52,4.05,45.15,3.02,4.26,35.25,42.83,5.22,-0.363,7568.5,132.5,5.18,140786.0,75.0,0.88,0,0,0,0.0,0.002,0.002
0.05,3.16,8.46,48.23,0.59,0.89,40.77,50.16,5.55,-0.218,6695.7,145.4,6.76,115179.0,75.0,1.08,0,0,0,0.0,0.001,0.001
42.88,88.22,181.52,266.37,56.62,103.61,85.87,99.5,8.3,0.666,23240.0,69.5,1.4,197894.0,0.92,1.99,1,1,1,1.0,1.0,1.0
37.39,93.68,201.01,283.97,40.22,84.04,87.71,99.5,8.31,0.523,22246.9,140.6,1.84,118390.0,0.92,1.04,1,1,1,0.999,1.0,1.0
80.17,185.8,343.95,502.35,84.45,196.35,84.61,99.5,10.36,0.882,32648.7,88.3,2.19,173559.0,0.92,1.71,1,1,1,1.0,1.0,1.0
9.1,30.23,47.07,109.4,26.46,68.68,57.04,66.19,6.13,0.062,12246.8,126.7,4.15,135848.0,62.22,0.78,0,0,1,0.006,0.441,0.681
1.64,2.47,6.14,7.97,0.25,3.81,26.32,35.03,5.57,-0.376,9188.8,126.9,2.01,122725.0,75.0,1.42,0,0,0,0.0,0.002,0.0
2.29,2.46,2.91,12.91,0.49,3.8,31.4,36.66,5.27,-0.355,9139.3,112.7,3.92,148807.0,75.0,1.5,0,0,0,0.0,0.001,0.0
7.79,17.77,49.14,122.25,23.7,63.26,65.43,71.77,7.2,0.067,17267.0,48.1,0.5,199631.0,51.95,2.46,0,1,1,0.068,0.889,0.963
55.65,178.81,322.75,582.09,83.56,184.99,88.11,99.5,9.75,0.823,26867.0,156.1,2.32,82341.0,0.92,1.02,1,1,1,1.0,1.0,1.0
0.36,2.46,2.79,34.71,0.63,2.06,32.75,41.75,5.1,-0.313,8731.1,81.5,3.84,172029.0,75.0,1.83,0,0,0,0.0,0.001,0.001
0.32,0.33,5.04,15.76,3.32,3.46,33.31,40.47,5.94,-0.305,11479.1,62.0,2.85,199930.0,75.0,2.43,0,0,0,0.0,0.008,0.002
43.22,91.45,196.24,284.81,56.04,127.9,92.0,99.5,9.21,0.662,24882.1,40.9,1.14,217007.0,0.92,2.4,1,1,1,1.0,1.0,1.0
9.66,19.0,52.14,83.47,20.03,53.15,50.6,58.29,6.53,-0.119,12532.9,120.7,2.01,127181.0,75.0,1.08,0,0,0,0.003,0.222,0.218
1.58,13.45,14.66,19.33,0.83,5.44,38.34,40.64,5.31,-0.373,8767.6,133.2,2.2,97388.0,75.0,0.97,0,0,0,0.0,0.002,0.001
43.3,117.27,224.02,374.37,64.68,125.36,88.56,99.5,9.88,0.549,29621.3,37.4,1.06,243344.0,0.92,2.33,1,1,1,1.0,1.0,1.0
3.56,7.13,7.87,8.43,0.48,5.76,28.0,36.22,5.64,-0.42,12657.7,109.3,5.09,147658.0,75.0,1.15,0,0,0,0.0,0.002,0.001
70.27,153.73,330.5,490.29,101.09,244.62,86.38,99.5,9.98,0.761,32590.6,67.8,3.51,173012.0,0.92,2.39,1,1,1,1.0,1.0,1.0
4.32,4.72,14.21,19.21,1.08,3.29,34.82,40.42,6.4,-0.126,10220.3,128.6,3.35,113217.0,75.0,1.12,0,0,0,0.0,0.011,0.001
1.18,14.31,17.98,49.34,0.59,2.37,49.79,53.46,6.75,-0.298,13561.0,60.3,0.86,212709.0,75.0,2.04,0,0,0,0.0,0.026,0.006
0.84,1.82,16.88,32.41,1.3,6.17,34.78,35.15,5.57,-0.36,9561.0,135.2,5.38,109632.0,75.0,1.06,0,0,0,0.0,0.001,0.001
0.76,0.8,3.93,15.71,7.95,8.09,33.26,41.57,5.98,-0.336,10315.8,91.1,1.84,160254.0,75.0,2.46,0,0,0,0.0,0.007,0.001
11.66,21.33,40.8,101.32,14.63,52.11,60.52,61.08,5.62,0.026,8920.8,170.8,4.39,73890.0,71.61,0.1,0,0,0,0.001,0.046,0.091
11.68,23.39,53.21,83.25,27.25,42.64,50.65,59.09,7.21,-0.065,16888.7,54.9,3.23,219225.0,75.0,1.83,0,1,0,0.009,0.833,0.429
5.09,23.49,67.69,140.49,15.04,35.94,62.36,71.5,6.99,0.074,15912.4,84.5,4.21,157109.0,52.44,1.25,0,1,1,0.036,0.778,0.764
13.14,35.12,60.99,112.6,12.31,31.89,51.56,68.46,7.12,0.008,17469.9,51.5,1.95,226508.0,58.03,2.07,0,1,1,0.075,0.649,0.81
12.39,22.13,43.2,84.93,18.88,35.25,55.35,62.15,5.89,-0.022,8777.7,169.1,2.05,65099.0,69.64,0.53,0,0,0,0.003,0.123,0.019
0.83,7.43,7.53,19.49,3.61,4.93,22.2,32.46,5.02,-0.344,7835.9,162.2,6.29,85074.0,75.0,0.41,0,0,0,0.0,0.001,0.0
50.26,122.86,290.81,508.13,71.46,217.99,84.22,99.5,10.14,0.664,31944.5,72.4,3.92,192587.0,0.92,1.68,1,1,1,1.0,1.0,1.0
38.39,84.44,179.65,279.25,53.63,100.15,83.19,99.5,8.21,0.572,18366.0,130.7,3.69,115257.0,0.92,1.05,1,1,1,1.0,1.0,1.0
1.41,2.1,5.5,7.77,2.59,2.81,33.28,37.78,5.18,-0.332,7404.1,153.5,9.11,80448.0,75.0,0.53,0,0,0,0.0,0.0,0.0
7.15,18.28,34.52,101.77,29.62,67.97,47.29,55.11,4.86,-0.266,10045.0,115.5,6.73,137110.0,75.0,1.31,0,0,0,0.0,0.026,0.422
16.19,24.29,42.83,100.78,29.56,64.38,51.87,59.3,6.51,0.034,15298.4,111.8,7.26,170221.0,74.89,1.61,0,1,1,0.013,0.669,0.694
0.56,0.96,1.62,7.03,2.5,2.62,38.91,42.11,5.58,-0.233,11701.5,70.1,2.84,175493.0,75.0,2.07,0,0,0,0.0,0.004,0.001
16.08,40.08,81.75,157.4,10.31,54.64,64.45,78.78,8.26,0.124,21320.9,48.5,2.21,247185.0,39.05,2.44,1,1,1,0.71,0.982,0.993
9.76,32.54,53.14,105.47,10.88,27.09,55.25,65.6,5.6,-0.055,8096.1,165.1,9.5,77989.0,63.3,0.84,0,0,0,0.002,0.04,0.048
3.44,7.6,10.62,19.57,2.76,4.23,30.72,38.62,5.09,-0.304,7307.8,165.6,7.13,81858.0,75.0,0.59,0,0,0,0.0,0.001,0.0
1.72,3.38,7.44,47.62,1.27,3.17,43.38,53.74,6.26,-0.063,9733.5,126.8,3.29,111540.0,75.0,1.01,0,0,0,0.001,0.027,0.002
42.64,113.75,223.29,347.36,42.05,95.27,89.41,99.5,9.03,0.55,27012.8,84.2,2.27,167440.0,0.92,1.44,1,1,1,1.0,1.0,1.0
0.04,3.28,4.35,15.54,4.97,15.47,33.65,43.32,6.1,-0.272,11622.2,85.6,3.36,169694.0,75.0,1.53,0,0,0,0.0,0.01,0.001
0.01,0.96,8.22,17.45,3.3,10.01,31.18,39.11,5.08,-0.371,7501.3,140.3,1.65,95998.0,75.0,0.71,0,0,0,0.0,0.001,0.0
31.07,80.42,157.75,289.97,42.85,125.47,90.06,99.5,7.59,0.504,16605.8,165.1,5.35,78769.0,0.92,0.73,1,1,1,0.996,0.999,1.0
42.6,88.89,196.79,326.61,60.74,106.45,84.26,99.5,7.55,0.47,18159.5,163.6,8.96,77542.0,0.92,0.64,1,1,1,0.998,1.0,1.0
0.35,1.32,2.76,5.02,4.05,5.95,33.93,40.11,5.66,-0.202,11004.3,148.1,0.5,130063.0,75.0,0.96,0,0,0,0.0,0.009,0.0
44.08,102.42,160.72,284.39,64.77,135.86,85.58,99.5,8.39,0.616,19305.6,128.1,8.02,108797.0,0.92,0.69,1,1,1,1.0,1.0,1.0
5.02,28.89,50.93,115.36,20.3,45.06,51.21,63.79,6.75,-0.124,16590.9,47.2,2.61,224900.0,66.62,2.63,0,1,1,0.007,0.583,0.795
0.4,7.0,16.72,25.36,0.6,0.98,37.75,47.12,6.27,-0.307,14707.3,58.4,1.56,213594.0,75.0,1.91,0,0,0,0.0,0.038,0.004
7.04,23.91,48.15,80.25,19.1,56.49,44.43,54.08,6.71,-0.14,9058.3,165.3,7.4,65597.0,75.0,0.18,0,0,0,0.002,0.088,0.045
42.29,100.7,194.1,303.23,47.37,127.5,87.18,99.5,8.68,0.729,21918.2,122.9,4.31,142784.0,0.92,0.98,1,1,1,1.0,1.0,1.0
1.56,2.94,6.08,36.98,2.0,5.6,37.64,42.31,6.38,-0.191,13241.9,36.3,2.08,230425.0,75.0,3.1,0,0,0,0.0,0.01,0.008
15.2,25.16,55.85,133.82,17.23,41.08,59.4,71.74,6.68,0.045,14282.5,49.7,2.62,182958.0,52.0,2.04,0,1,1,0.067,0.598,0.806
12.82,24.57,56.25,94.04,21.6,54.67,48.87,57.89,6.95,-0.065,13294.2,131.2,1.29,132448.0,75.0,0.9,0,0,0,0.005,0.379,0.389
10.44,24.95,47.31,93.86,19.97,42.4,53.32,60.44,7.71,-0.064,17615.9,35.7,1.63,220365.0,72.79,2.3,0,1,1,0.022,0.88,0.672
15.18,35.23,58.31,93.18,10.0,42.91,42.09,56.54,6.59,-0.217,15453.9,58.3,1.83,194303.0,75.0,1.99,0,0,0,0.002,0.148,0.458
7.75,15.96,41.73,119.83,23.8,64.53,55.42,64.31,6.87,-0.088,11893.8,114.6,4.18,152839.0,65.67,1.0,0,0,1,0.011,0.408,0.807
0.19,0.38,0.42,37.82,0.71,2.87,41.66,46.78,6.29,-0.275,9416.0,135.3,2.96,112403.0,75.0,0.98,0,0,0,0.0,0.016,0.001
10.13,30.55,54.85,111.62,29.91,58.23,50.45,62.06,5.76,-0.138,13115.0,129.5,8.61,138325.0,69.81,1.34,0,0,1,0.001,0.203,0.719
12.17,28.71,67.81,111.15,13.41,51.03,54.48,62.18,7.19,0.095,14861.3,67.5,3.63,217130.0,69.59,2.0,0,1,1,0.027,0.634,0.774
30.39,101.94,190.59,315.74,32.47,112.64,84.61,99.5,7.9,0.36,19414.3,138.3,3.0,104407.0,0.92,0.56,1,1,1,0.997,0.999,1.0
13.92,32.8,55.84,133.17,16.43,36.0,61.38,66.88,7.77,-0.068,16927.2,69.4,0.76,208618.0,60.94,1.78,0,1,1,0.043,0.804,0.827
17.83,38.52,65.96,142.76,11.82,29.45,69.29,83.06,6.82,0.242,14275.5,82.2,2.31,170049.0,31.17,1.53,1,1,1,0.513,0.846,0.881
72.3,152.98,345.52,603.17,75.32,226.43,86.05,99.5,10.35,0.891,32128.5,143.2,6.13,141607.0,0.92,0.84,1,1,1,1.0,1.0,1.0
0.05,2.04,13.01,36.21,0.88,1.59,37.41,48.33,4.82,-0.316,7699.1,129.2,5.08,114570.0,75.0,1.42,0,0,0,0.0,0.001,0.001
0.28,2.09,5.72,6.12,1.07,7.28,27.19,31.77,5.69,-0.335,7807.5,158.1,9.1,105626.0,75.0,0.57,0,0,0,0.0,0.001,0.0
0.71,1.17,13.56,17.28,3.2,3.96,37.92,42.22,5.63,-0.305,8934.6,130.4,6.42,136232.0,75.0,0.98,0,0,0,0.0,0.002,0.001
0.66,2.35,5.12,13.84,0.51,3.05,28.03,34.53,5.92,-0.241,8568.3,117.4,6.16,143856.0,75.0,1.73,0,0,0,0.0,0.001,0.0
11.26,22.81,67.46,140.73,27.75,63.32,64.36,72.43,6.97,-0.109,16350.9,48.6,1.99,211642.0,50.73,2.44,0,1,1,0.036,0.76,0.965
0.21,2.31,9.2,9.67,1.37,3.14,32.24,35.22,6.12,-0.429,12659.9,88.3,0.88,171746.0,75.0,1.78,0,0,0,0.0,0.005,0.001
0.29,1.47,17.89,33.31,0.71,3.97,41.54,48.44,6.8,-0.144,12109.0,73.5,2.31,159551.0,75.0,2.41,0,0,0,0.001,0.027,0.002
0.34,2.7,11.76,21.53,2.64,4.76,35.29,42.31,6.58,-0.289,15509.1,70.4,3.81,198912.0,75.0,2.01,0,0,0,0.0,0.028,0.002
11.81,31.63,71.0,133.97,29.55,69.14,54.08,72.69,6.53,0.032,10348.4,176.1,6.0,73940.0,50.25,0.1,0,1,1,0.024,0.614,0.722
39.43,108.23,175.11,289.67,49.76,115.19,82.95,99.5,9.11,0.508,23613.1,92.0,4.05,171603.0,0.92,1.81,1,1,1,1.0,1.0,1.0
41.19,77.27,139.82,290.36,32.07,84.55,87.33,99.5,7.09,0.586,16100.1,164.3,4.81,38184.0,0.92,0.1,1,1,1,0.997,0.996,1.0
0.52,3.99,7.28,44.39,0.52,7.72,41.21,49.29,5.67,-0.359,9910.5,126.5,2.08,109197.0,75.0,1.2,0,0,0,0.0,0.003,0.002
8.68,20.85,50.8,84.36,17.69,43.36,57.61,66.45,6.92,-0.158,11794.2,150.2,4.93,88481.0,61.73,0.21,0,1,0,0.005,0.53,0.123
0.21,5.14,7.09,55.24,4.6,5.36,39.6,47.95,5.17,-0.237,10835.2,107.9,4.38,154916.0,75.0,1.19,0,0,0,0.0,0.003,0.003
0.84,3.15,9.98,36.0,1.96,2.08,34.54,44.83,6.34,-0.233,10551.4,118.7,2.75,141959.0,75.0,1.07,0,0,0,0.0,0.012,0.001
32.03,102.42,195.27,344.88,53.59,96.01,86.44,99.5,8.29,0.541,21575.5,106.4,3.27,149749.0,0.92,1.12,1,1,1,0.999,1.0,1.0
17.58,41.19,59.99,95.62,20.78,58.49,55.2,68.55,7.6,0.029,13658.7,63.3,1.15,213556.0,57.86,1.86,0,1,1,0.117,0.729,0.743
0.58,0.94,3.8,8.74,0.87,4.49,31.5,37.83,5.56,-0.4,8014.4,139.8,7.71,96900.0,75.0,1.18,0,0,0,0.0,0.001,0.0
16.51,34.01,69.64,132.63,21.02,45.35,59.74,69.21,6.77,0.058,15628.9,75.7,2.25,198299.0,56.65,1.58,0,1,1,0.035,0.681,0.704
0.57,1.52,11.5,32.52,1.73,10.25,38.03,46.74,6.9,-0.368,14478.8,38.5,2.36,240890.0,75.0,2.48,0,0,0,0.0,0.059,0.016
16.52,40.29,61.95,127.82,22.18,59.2,65.15,72.02,7.19,0.135,12165.0,128.6,8.04,131351.0,51.48,0.74,0,1,1,0.088,0.762,0.736
8.42,28.24,55.53,127.24,25.91,47.25,66.29,72.19,7.52,-0.021,16539.5,60.7,2.04,204452.0,51.17,1.95,0,1,1,0.082,0.895,0.881
0.24,3.41,6.6,16.38,2.79,9.55,33.73,42.07,5.27,-0.336,7941.4,171.4,2.89,101821.0,75.0,0.52,0,0,0,0.0,0.001,0.001
54.56,157.89,342.5,604.69,74.37,162.7,82.65,99.5,10.44,0.677,30477.2,173.3,0.5,79414.0,0.92,0.1,1,1,1,1.0,1.0,1.0
8.03,32.1,60.97,111.9,10.26,26.79,56.17,67.37,5.71,-0.001,9095.7,167.7,1.43,64289.0,60.04,0.1,0,0,0,0.002,0.048,0.064
36.72,95.31,179.84,268.67,42.32,127.0,87.46,99.5,9.2,0.536,23181.2,88.7,0.91,177317.0,0.92,1.75,1,1,1,1.0,1.0,1.0
24.37,94.68,151.97,245.5,46.72,138.71,85.79,99.5,7.95,0.542,24156.6,37.2,2.23,246598.0,0.92,2.68,1,1,1,0.996,1.0,1.0
9.28,28.47,61.13,98.62,14.96,57.87,60.44,68.9,6.25,-0.047,9777.7,169.6,6.29,67651.0,57.23,0.42,0,0,0,0.008,0.18,0.183
7.4,27.22,71.16,107.13,17.98,39.7,61.5,68.48,6.9,0.105,15925.2,97.1,4.08,179835.0,58.0,1.35,0,1,1,0.019,0.646,0.584
0.3,0.62,4.81,21.27,2.26,11.31,28.9,36.66,4.91,-0.45,8662.2,175.2,0.5,75533.0,75.0,0.42,0,0,0,0.0,0.001,0.0
6.89,20.33,45.67,87.27,12.84,42.45,52.18,59.91,6.39,-0.076,8622.5,174.7,2.35,35193.0,73.77,0.39,0,0,0,0.001,0.117,0.014
15.85,40.07,58.96,130.11,26.49,53.16,63.95,75.09,5.59,-0.026,10674.5,158.7,8.09,94071.0,45.84,0.68,0,0,1,0.013,0.23,0.627
0.14,11.65,15.92,64.26,1.32,3.08,44.93,51.59,6.74,-0.334,11733.3,77.7,3.12,180675.0,75.0,1.0,0,0,0,0.0,0.069,0.005
8.21,32.93,55.53,86.72,20.25,46.56,51.7,57.44,6.02,-0.201,14026.5,90.8,2.94,179051.0,75.0,1.25,0,0,0,0.001,0.054,0.269
26.53,86.92,158.78,270.96,30.81,103.21,84.2,99.5,8.46,0.327,18315.5,158.4,7.16,104065.0,0.92,0.35,1,1,1,0.998,0.999,1.0
49.88,132.71,307.25,491.11,68.16,194.35,82.83,99.5,9.45,0.596,29821.8,81.0,5.22,185783.0,0.92,1.76,1,1,1,1.0,1.0,1.0
7.79,20.4,54.04,121.03,24.79,54.26,48.65,60.32,6.38,0.073,17150.1,59.6,1.85,233487.0,73.01,2.08,0,1,1,0.005,0.553,0.883
10.91,32.3,53.09,90.7,23.29,50.58,57.27,62.21,6.44,-0.126,13369.5,115.7,4.2,138436.0,69.53,1.41,0,0,0,0.003,0.398,0.36
37.75,83.01,152.51,304.24,44.76,117.26,84.47,99.5,7.91,0.394,15984.8,170.7,6.57,84481.0,0.92,0.51,1,1,1,0.999,0.999,1.0
0.14,0.63,0.77,7.4,9.01,16.25,31.27,40.81,5.24,-0.302,9117.5,135.9,9.5,128965.0,75.0,0.54,0,0,0,0.0,0.002,0.001
1.2,6.14,9.74,15.27,0.38,4.09,32.86,34.6,5.78,-0.364,10361.5,117.7,0.5,137349.0,75.0,1.62,0,0,0,0.0,0.002,0.0
0.26,1.61,8.6,10.26,0.28,1.17,33.72,44.7,6.43,-0.131,12307.0,49.1,2.32,232773.0,75.0,2.55,0,0,0,0.0,0.04,0.002
33.8,78.87,159.06,263.22,47.72,102.99,80.7,99.5,8.78,0.481,19283.1,124.2,4.09,122069.0,0.92,0.72,1,1,1,0.999,1.0,1.0
4.7,6.39,11.84,26.31,1.35,2.3,34.18,41.15,5.16,-0.45,5990.4,178.6,8.07,59392.0,75.0,0.42,0,0,0,0.0,0.001,0.0
0.86,3.71,6.18,7.2,0.04,1.43,29.29,36.06,6.82,-0.408,14669.0,55.3,1.28,193938.0,75.0,1.9,0,0,0,0.0,0.024,0.001
6.95,30.36,50.63,100.35,24.24,63.7,51.92,60.17,6.96,-0.148,13595.7,110.2,3.76,151432.0,73.29,1.34,0,0,0,0.004,0.39,0.438
31.94,74.19,140.44,253.96,42.76,101.94,79.76,99.5,7.54,0.367,15236.1,162.2,7.75,90216.0,0.92,0.87,1,1,1,0.989,0.998,1.0
50.27,175.07,287.75,489.35,109.02,241.79,85.39,99.5,9.57,0.604,25440.5,142.4,9.5,126795.0,0.92,1.48,1,1,1,1.0,1.0,1.0
9.62,20.1,64.02,94.72,23.63,65.03,51.03,56.27,6.84,-0.13,13102.5,136.1,6.74,128586.0,75.0,1.15,0,0,0,0.002,0.271,0.4
46.01,159.52,359.41,588.96,80.73,230.69,82.12,99.5,10.19,0.601,33132.2,136.9,2.7,111496.0,0.92,1.0,1,1,1,1.0,1.0,1.0
0.97,4.43,7.97,8.44,0.48,0.77,36.28,43.79,6.1,-0.419,10155.1,87.1,2.38,157776.0,75.0,1.52,0,0,0,0.0,0.005,0.0
0.14,0.17,2.36,4.72,3.87,8.72,28.54,35.93,6.14,-0.334,12556.7,77.6,2.08,193408.0,75.0,1.82,0,0,0,0.0,0.005,0.001
67.93,167.27,300.3,506.79,92.06,234.64,85.38,99.5,9.82,0.956,28719.8,152.4,0.5,113832.0,0.92,1.1,1,1,1,1.0,1.0,1.0
6.06,26.11,63.39,121.34,14.29,45.46,51.27,63.49,7.35,-0.071,13002.8,152.5,4.43,108368.0,67.18,0.68,0,0,0,0.012,0.454,0.383
0.84,2.45,4.92,6.33,0.4,0.76,24.44,32.29,4.98,-0.317,8140.3,160.7,7.75,103397.0,75.0,0.31,0,0,0,0.0,0.0,0.0
8.15,20.63,42.98,83.53,24.71,64.27,52.29,61.96,6.0,-0.071,8546.9,167.4,2.02,75918.0,69.99,0.1,0,0,0,0.001,0.126,0.21
28.18,75.38,176.02,305.94,40.27,119.52,85.42,99.5,8.42,0.344,20757.9,109.1,5.88,142027.0,0.92,1.47,1,1,1,0.999,1.0,1.0
28.61,87.08,196.64,300.76,62.57,120.2,84.95,99.5,8.76,0.454,21016.0,107.7,4.72,139683.0,0.92,1.41,1,1,1,0.999,1.0,1.0
33.51,86.91,183.9,268.78,51.95,133.79,83.48,99.5,7.87,0.441,18407.3,150.8,3.28,98258.0,0.92,0.52,1,1,1,0.997,1.0,1.0
11.14,20.93,43.27,107.26,27.91,55.56,54.78,62.48,6.31,-0.14,12774.3,129.2,4.19,123727.0,69.03,1.33,0,0,1,0.002,0.206,0.631
34.01,78.15,152.88,259.82,52.94,147.1,85.15,99.5,8.1,0.48,18890.6,136.8,8.72,118958.0,0.92,0.79,1,1,1,0.999,1.0,1.0
15.57,26.84,59.17,92.49,14.94,35.1,47.26,59.03,6.51,0.03,11745.5,150.4,7.25,97593.0,75.0,0.68,0,0,0,0.008,0.126,0.116
9.36,28.9,58.88,135.53,14.25,40.18,53.86,71.23,6.06,-0.023,9752.9,164.1,5.77,81135.0,52.93,0.52,0,0,0,0.01,0.159,0.326
28.25,72.68,182.28,293.25,62.92,124.39,85.88,99.5,7.84,0.583,24103.1,84.0,2.58,167538.0,0.92,1.57,1,1,1,0.999,1.0,1.0
7.65,17.68,58.35,89.95,29.29,56.83,51.26,61.06,6.5,-0.022,15229.7,89.5,3.25,186773.0,71.65,1.66,0,1,1,0.002,0.843,0.676
0.34,2.74,3.31,4.21,3.52,5.45,29.61,38.1,6.82,-0.406,13770.0,48.6,1.25,222795.0,75.0,2.52,0,0,0,0.0,0.029,0.001
11.74,22.74,39.58,87.97,20.12,58.09,50.95,55.16,7.1,-0.153,13259.7,118.9,0.5,134763.0,75.0,0.83,0,0,0,0.002,0.233,0.375
11.51,32.82,51.28,84.48,13.18,51.34,55.2,60.19,6.75,0.105,15757.5,40.2,2.89,220535.0,73.25,2.44,0,0,1,0.012,0.499,0.679
1.71,2.09,2.22,16.09,3.87,8.78,36.54,39.24,6.24,-0.366,8775.3,102.5,3.87,137007.0,75.0,1.46,0,0,0,0.0,0.004,0.0
0.27,2.46,8.13,11.67,1.5,2.82,33.95,39.28,5.93,-0.324,12384.6,113.7,4.79,163199.0,75.0,1.29,0,0,0,0.0,0.005,0.0
0.31,9.04,18.79,25.87,0.29,4.85,23.95,37.48,5.72,-0.334,14366.1,76.5,2.6,196461.0,75.0,2.04,0,0,0,0.0,0.005,0.003
0.35,0.82,2.74,11.79,0.21,3.17,35.4,38.19,5.38,-0.45,8762.7,120.7,2.63,110836.0,75.0,1.16,0,0,0,0.0,0.001,0.0
20.38,91.06,196.3,334.95,46.33,100.35,82.27,99.5,9.26,0.213,24539.6,39.4,1.25,244140.0,0.92,2.45,1,1,1,0.998,1.0,1.0
1.64,8.35,9.04,16.56,0.76,2.3,30.15,37.12,6.43,-0.289,16571.6,40.4,0.5,245339.0,75.0,2.51,0,0,0,0.0,0.012,0.007
0.62,8.21,9.4,17.55,6.05,8.31,36.14,39.87,5.57,-0.429,7393.4,154.3,9.5,96733.0,75.0,0.52,0,0,0,0.0,0.001,0.0
16.23,25.23,68.82,108.19,29.6,49.87,62.39,67.42,7.23,0.042,16077.8,87.2,1.11,199298.0,59.95,1.72,0,1,1,0.054,0.828,0.821
31.11,78.45,154.45,254.49,63.79,120.6,88.43,99.5,8.63,0.336,23025.6,53.4,0.88,219142.0,0.92,2.03,1,1,1,0.999,1.0,1.0
1.27,1.64,8.6,17.98,7.77,9.7,33.36,38.73,5.71,-0.374,7995.7,110.7,3.0,125877.0,75.0,1.25,0,0,0,0.0,0.002,0.0
0.26,1.32,6.66,19.58,3.01,3.28,38.5,43.12,6.27,-0.304,10005.3,146.6,8.53,109499.0,75.0,0.68,0,0,0,0.0,0.011,0.0
68.21,194.14,313.86,467.06,95.83,201.04,81.81,99.5,10.33,0.663,33132.9,66.3,2.34,204121.0,0.92,2.07,1,1,1,1.0,1.0,1.0
13.56,30.83,75.42,149.87,23.56,46.41,53.31,67.48,7.11,0.019,14367.7,125.3,1.6,120568.0,59.83,1.11,0,1,1,0.02,0.672,0.789
55.48,178.41,341.09,591.59,82.49,170.74,87.27,99.5,9.81,0.709,34000.0,47.4,2.73,231753.0,0.92,2.31,1,1,1,1.0,1.0,1.0
0.49,0.92,7.01,21.48,0.19,3.58,31.93,36.62,6.84,-0.411,14159.5,42.5,2.05,203992.0,75.0,2.26,0,0,0,0.0,0.016,0.002
2.49,5.48,8.34,12.82,4.36,6.29,27.16,36.21,5.85,-0.445,12735.8,112.0,5.01,160403.0,75.0,0.79,0,0,0,0.0,0.004,0.001
2.32,6.14,12.92,67.94,2.76,2.88,43.5,51.32,5.34,-0.263,8412.2,113.4,5.43,130758.0,75.0,1.26,0,0,0,0.0,0.003,0.002
0.28,0.37,1.21,1.97,1.39,1.49,32.04,35.88,5.55,-0.412,6969.8,127.4,9.5,112313.0,75.0,1.07,0,0,0,0.0,0.0,0.0
31.81,102.77,197.68,353.2,37.93,107.14,86.84,99.5,8.14,0.618,20014.3,140.3,9.5,109953.0,0.92,0.94,1,1,1,0.998,1.0,1.0
57.74,157.37,317.51,462.58,71.66,208.04,86.15,99.5,9.25,0.714,28233.6,176.5,4.0,74696.0,0.92,0.17,1,1,1,1.0,1.0,1.0
75.92,180.08,314.46,511.17,64.8,221.06,83.67,99.5,9.78,0.868,30686.1,109.9,7.06,150623.0,0.92,0.94,1,1,1,1.0,1.0,1.0
41.72,79.34,139.33,265.82,38.14,129.53,82.45,99.5,7.8,0.553,19941.4,81.8,3.43,170666.0,0.92,1.89,1,1,1,0.999,0.999,1.0
38.89,84.82,135.19,279.14,44.84,120.17,84.87,99.5,7.49,0.569,16523.4,150.3,6.61,92046.0,0.92,0.64,1,1,1,0.998,1.0,1.0
8.73,19.16,54.42,106.94,14.7,33.83,54.4,61.64,7.56,-0.051,16970.2,74.3,0.5,173880.0,70.58,1.86,0,1,1,0.018,0.865,0.535
34.51,98.53,165.57,304.38,36.41,95.02,86.84,99.5,8.62,0.527,19051.9,98.7,3.15,158249.0,0.92,1.38,1,1,1,1.0,1.0,1.0
1.64,4.34,5.6,7.16,0.09,6.46,34.87,36.38,6.31,-0.316,14214.1,46.4,0.94,240474.0,75.0,2.21,0,0,0,0.0,0.006,0.003
5.98,15.93,38.06,90.34,25.8,48.22,51.5,60.49,6.22,-0.236,12680.1,38.7,1.93,233525.0,72.7,2.18,0,0,0,0.002,0.143,0.454
12.07,21.6,50.54,89.42,14.22,40.23,50.61,62.81,6.41,0.002,10784.4,174.6,9.48,83390.0,68.43,0.1,0,0,0,0.006,0.132,0.085
39.03,103.79,178.69,268.19,39.82,107.62,87.29,99.5,7.72,0.551,21256.7,156.2,0.5,114370.0,0.92,0.78,1,1,1,0.999,1.0,1.0
16.3,40.76,74.89,122.42,23.87,48.96,61.48,72.09,7.15,0.031,12543.4,135.9,4.7,108080.0,51.35,0.75,0,1,1,0.134,0.705,0.683
35.64,80.39,146.41,232.42,44.7,118.7,81.37,99.5,8.41,0.511,20955.1,94.3,5.2,164044.0,0.92,1.57,1,1,1,0.999,1.0,1.0
15.25,37.03,81.8,116.19,19.86,50.5,58.48,66.96,6.95,0.018,17693.4,60.1,1.9,240415.0,60.79,2.14,0,1,1,0.04,0.767,0.832
40.11,85.77,139.93,245.03,64.44,153.91,84.65,95.44,9.34,0.511,23517.3,57.7,2.78,232445.0,8.39,1.87,1,1,1,1.0,1.0,1.0
60.81,183.39,296.33,480.32,96.34,194.06,85.53,99.5,10.27,0.768,33111.3,71.3,2.95,169372.0,0.92,1.49,1,1,1,1.0,1.0,1.0
0.27,5.21,9.04,63.18,0.29,1.83,48.85,53.28,5.8,-0.371,10047.3,114.6,4.72,148242.0,75.0,1.96,0,0,0,0.0,0.005,0.003
57.45,180.26,313.23,502.72,67.14,209.17,83.36,99.5,10.49,0.741,29165.7,138.6,4.17,113669.0,0.92,0.73,1,1,1,1.0,1.0,1.0
8.09,17.25,45.3,94.88,13.55,32.56,57.7,70.02,6.28,0.033,11561.3,130.7,1.71,135522.0,55.16,1.19,0,0,0,0.004,0.253,0.201
16.66,25.81,43.79,86.04,29.06,46.62,54.47,61.57,7.06,0.016,14369.5,75.6,1.12,178117.0,70.71,2.37,0,1,0,0.019,0.594,0.251
40.4,111.08,183.75,287.27,53.71,132.35,83.69,99.5,8.42,0.492,19038.8,173.5,8.29,59259.0,0.92,0.63,1,1,1,1.0,1.0,1.0
15.14,37.26,60.31,124.66,12.7,43.02,58.9,65.75,6.19,-0.053,12281.0,142.0,5.02,99465.0,63.02,0.75,0,0,0,0.004,0.095,0.315
12.97,23.72,41.01,80.75,18.41,60.05,47.53,55.41,6.2,-0.077,11747.9,115.4,3.75,132963.0,75.0,1.2,0,0,0,0.001,0.105,0.254
11.91,32.64,52.86,88.16,14.79,39.21,47.29,52.05,6.29,-0.066,13003.7,123.7,3.39,143790.0,75.0,0.85,0,0,0,0.001,0.072,0.114
0.95,6.28,8.5,17.28,0.01,0.13,36.28,40.82,4.88,-0.229,8983.3,95.8,2.83,147272.0,75.0,1.77,0,0,0,0.0,0.001,0.0
6.09,25.97,55.56,95.21,21.85,53.19,52.92,64.9,6.36,-0.02,16492.3,70.9,3.82,185556.0,64.58,2.03,0,1,1,0.004,0.529,0.743
0.11,2.67,8.5,12.55,2.33,3.11,24.66,34.86,4.97,-0.351,11415.2,86.6,2.51,149226.0,75.0,1.48,0,0,0,0.0,0.001,0.0
75.27,199.98,349.74,523.99,79.96,179.97,86.53,99.5,9.59,0.695,29884.8,144.9,1.57,121242.0,0.92,0.49,1,1,1,1.0,1.0,1.0
0.0,2.63,2.8,5.64,2.56,6.4,29.38,32.9,5.99,-0.45,15272.8,37.1,1.79,254561.0,75.0,1.95,0,0,0,0.0,0.004,0.002
5.95,25.17,68.09,101.82,18.31,55.2,56.24,69.16,6.81,-0.022,16248.9,51.8,1.62,212897.0,56.75,2.43,0,1,1,0.014,0.612,0.889
71.71,155.3,279.98,529.77,107.81,249.22,86.57,99.5,9.8,0.809,31176.3,41.7,1.48,225526.0,0.92,2.31,1,1,1,1.0,1.0,1.0
83.53,189.83,383.45,620.11,105.44,198.37,88.05,99.5,10.39,0.907,34000.0,40.9,2.62,237712.0,0.92,2.35,1,1,1,1.0,1.0,1.0
40.39,83.26,134.9,256.31,41.14,83.53,82.81,99.5,7.89,0.465,18148.8,159.0,5.51,111267.0,0.92,0.35,1,1,1,0.999,1.0,1.0
17.74,37.07,79.13,159.08,17.84,40.48,56.15,71.75,6.71,0.233,14675.7,137.0,5.51,121693.0,51.99,0.47,0,1,1,0.127,0.628,0.725
0.24,2.05,5.78,13.45,0.98,1.62,34.49,37.72,6.42,-0.45,9819.1,103.8,1.43,145031.0,75.0,1.68,0,0,0,0.0,0.003,0.0
10.74,20.19,61.14,93.49,17.61,35.62,58.23,64.76,7.09,-0.053,16706.2,49.2,1.53,196695.0,64.84,2.18,0,0,1,0.018,0.476,0.544
1.79,2.73,3.21,12.31,4.96,13.34,33.13,41.14,5.93,-0.381,8615.5,106.3,4.89,135732.0,75.0,1.63,0,0,0,0.0,0.003,0.001
26.24,90.03,141.84,232.39,47.48,100.06,86.51,99.5,7.86,0.339,20436.6,103.7,0.73,156714.0,0.92,1.27,1,1,1,0.989,1.0,1.0
1.92,8.61,8.63,11.81,1.16,4.06,36.1,41.49,6.7,-0.285,12780.2,60.1,2.32,198033.0,75.0,1.94,0,0,0,0.0,0.034,0.001
16.91,40.07,74.18,117.05,25.67,46.75,62.98,74.42,6.87,0.172,14972.4,97.9,3.6,165434.0,47.07,1.69,0,1,1,0.116,0.846,0.734
17.55,25.65,57.74,92.16,18.15,52.2,56.56,64.83,7.79,-0.062,13362.3,92.8,3.32,160366.0,64.71,1.77,0,1,0,0.114,0.71,0.366
13.96,35.32,68.12,110.69,27.79,67.12,51.78,62.39,6.14,-0.02,13607.1,124.3,6.67,114970.0,69.2,1.34,0,0,1,0.002,0.324,0.672
7.08,29.13,73.31,135.17,15.64,48.83,57.56,70.96,6.26,-0.03,12726.7,127.1,5.21,109838.0,53.44,0.97,0,0,1,0.012,0.345,0.607
28.56,90.6,173.29,327.65,51.63,103.4,85.59,99.5,9.04,0.395,25508.7,41.6,2.56,253552.0,0.92,2.46,1,1,1,0.999,1.0,1.0
1.55,2.44,3.72,9.68,0.02,12.2,35.93,41.49,5.81,-0.397,11336.6,89.3,1.53,186152.0,75.0,1.93,0,0,0,0.0,0.004,0.004
11.92,33.07,55.81,123.14,21.34,49.07,55.45,72.73,6.2,0.131,12371.4,125.7,4.71,155058.0,50.18,1.04,0,1,1,0.02,0.674,0.721
4.23,5.94,10.22,10.41,0.72,8.4,25.64,33.64,6.38,-0.443,11263.5,108.0,3.94,158554.0,75.0,1.18,0,0,0,0.0,0.002,0.0
1.71,3.63,12.85,20.84,1.67,3.36,31.9,39.51,5.96,-0.441,8030.9,159.2,2.51,82521.0,75.0,1.0,0,0,0,0.0,0.001,0.0
13.06,26.48,53.05,131.36,12.23,30.38,54.24,62.26,6.19,0.054,11354.5,130.5,6.81,143237.0,69.44,0.81,0,0,0,0.003,0.168,0.268
0.05,1.02,3.05,4.24,1.59,4.66,26.62,35.8,6.3,-0.368,11667.4,58.6,4.51,209153.0,75.0,2.22,0,0,0,0.0,0.005,0.0
1.67,10.99,14.85,16.27,0.19,5.45,30.69,37.04,6.64,-0.45,12675.9,45.2,1.57,229034.0,75.0,2.21,0,0,0,0.0,0.007,0.002
36.26,77.73,142.94,282.96,49.82,121.99,89.42,99.5,8.23,0.502,19596.7,128.2,5.65,125577.0,0.92,0.49,1,1,1,1.0,1.0,1.0
7.73,26.42,64.54,138.81,24.73,57.03,61.59,72.26,7.05,-0.054,16765.9,38.8,1.42,189183.0,51.04,2.66,0,1,1,0.031,0.849,0.96
1.34,3.0,4.03,29.7,1.52,4.68,42.16,49.22,6.71,-0.141,12060.3,119.9,2.66,160146.0,75.0,0.33,0,0,0,0.001,0.035,0.001
5.54,16.04,19.57,19.99,1.01,10.7,38.04,44.93,6.26,-0.273,10032.2,171.3,0.5,81765.0,75.0,0.1,0,0,0,0.0,0.012,0.0
0.41,18.46,18.81,28.89,1.45,2.48,38.57,42.49,5.48,-0.283,11414.6,118.4,2.64,142815.0,75.0,1.34,0,0,0,0.0,0.005,0.001
17.33,35.86,57.76,106.97,24.42,48.36,55.07,64.67,7.42,0.027,14594.1,91.3,0.91,169532.0,65.02,1.73,0,1,1,0.048,0.831,0.645
16.43,27.25,50.19,87.43,12.08,36.09,56.67,67.32,6.18,0.157,12493.9,128.3,8.42,128519.0,60.14,0.85,0,0,0,0.011,0.167,0.204
17.99,27.59,48.98,92.56,22.38,59.74,56.26,65.74,6.69,0.061,12377.8,101.4,3.34,149305.0,63.04,1.47,0,0,1,0.028,0.406,0.591
1.67,1.69,5.92,17.87,1.46,3.13,35.82,38.25,5.29,-0.255,9528.0,114.1,3.28,152311.0,75.0,0.48,0,0,0,0.0,0.002,0.001
15.37,29.21,51.11,96.62,18.79,40.21,55.26,63.83,5.97,0.046,8364.8,171.5,8.75,54579.0,66.55,0.63,0,0,0,0.005,0.117,0.047
12.9,35.93,68.79,121.13,25.94,63.38,55.62,65.27,7.01,-0.055,15275.6,91.0,1.35,173609.0,63.91,1.65,0,1,1,0.015,0.813,0.93
9.77,28.04,64.94,107.21,17.33,35.5,59.01,65.97,6.92,-0.036,8923.6,174.4,3.7,79176.0,62.62,0.37,0,0,0,0.015,0.226,0.055
44.69,83.13,143.24,261.63,60.28,119.86,83.27,99.5,6.81,0.576,14443.3,166.3,6.02,77489.0,0.92,0.5,1,1,1,0.994,0.999,1.0
1.76,4.57,8.65,31.02,0.03,9.29,31.66,46.66,5.8,-0.323,11814.1,63.4,3.39,209495.0,75.0,2.11,0,0,0,0.0,0.01,0.006
2.12,9.07,15.38,40.68,0.45,1.8,37.6,42.92,5.93,-0.391,12274.5,45.1,1.98,211061.0,75.0,2.22,0,0,0,0.0,0.005,0.007
27.88,67.25,161.02,251.92,31.84,114.49,85.67,99.5,9.0,0.533,23843.5,49.6,1.96,205977.0,0.92,1.6,1,1,1,1.0,1.0,1.0
2.82,6.43,13.41,24.28,4.37,6.78,34.49,42.41,6.33,-0.45,14594.9,37.6,1.37,238380.0,75.0,2.99,0,0,0,0.0,0.016,0.009
5.34,5.61,12.24,24.54,1.74,6.27,33.81,40.56,5.51,-0.185,14379.0,48.7,2.06,231745.0,75.0,2.54,0,0,0,0.0,0.009,0.004
41.01,110.52,171.05,266.81,30.57,77.82,87.72,99.5,8.41,0.449,18825.5,134.0,5.18,91034.0,0.92,0.57,1,1,1,0.999,0.999,1.0
8.43,28.69,57.96,125.86,19.73,51.4,58.39,67.36,8.04,0.006,18648.9,45.3,0.75,233443.0,60.06,2.12,0,1,1,0.127,0.893,0.964
22.78,88.84,184.33,288.93,41.5,93.58,88.26,99.5,9.01,0.327,23664.3,81.3,2.91,174350.0,0.92,1.64,1,1,1,0.998,1.0,1.0
2.02,5.45,9.21,12.49,0.38,0.56,31.38,36.12,5.42,-0.45,9675.3,157.5,2.47,88100.0,75.0,0.94,0,0,0,0.0,0.002,0.0
5.59,16.77,34.79,92.6,17.16,45.51,52.08,61.72,6.99,-0.021,15288.9,38.4,1.4,213858.0,70.43,1.68,0,0,1,0.005,0.385,0.592
1.08,3.77,7.95,11.58,3.32,12.06,31.1,34.51,4.78,-0.45,7650.6,153.1,4.03,83508.0,75.0,0.53,0,0,0,0.0,0.0,0.0
9.11,17.4,59.37,135.55,11.02,26.17,64.09,74.31,7.61,0.091,15627.2,75.9,6.12,203449.0,47.27,1.26,0,1,1,0.207,0.868,0.722
2.03,2.93,12.77,15.7,3.95,4.2,32.16,36.54,6.12,-0.348,11727.3,52.1,1.79,217932.0,75.0,2.04,0,0,0,0.0,0.003,0.001
8.39,32.93,54.87,91.52,27.14,45.68,51.25,60.97,6.16,-0.007,11842.4,136.0,1.32,111026.0,71.81,0.79,0,0,0,0.002,0.213,0.169
0.12,1.1,5.13,20.02,4.26,6.99,39.94,48.67,5.95,-0.226,10288.5,126.2,4.11,126817.0,75.0,1.09,0,0,0,0.0,0.008,0.001
0.6,1.71,9.22,24.66,4.72,16.36,30.8,37.81,5.65,-0.313,7032.5,162.2,7.19,92658.0,75.0,0.37,0,0,0,0.0,0.002,0.0
8.9,25.91,59.86,98.05,11.07,52.1,48.23,55.21,6.72,-0.062,11724.2,141.6,9.22,116705.0,75.0,0.62,0,0,0,0.004,0.076,0.115
66.42,170.67,330.61,576.3,67.28,196.4,86.2,99.5,9.79,0.877,30172.0,151.5,3.7,97069.0,0.92,0.89,1,1,1,1.0,1.0,1.0
31.74,102.62,183.79,339.23,42.36,135.54,78.0,99.5,9.82,0.499,24469.3,75.9,0.5,205320.0,0.92,1.92,1,1,1,1.0,1.0,1.0
80.01,185.06,326.9,519.53,98.64,225.09,82.74,99.5,10.86,0.919,33485.4,60.7,3.02,221682.0,0.92,2.17,1,1,1,1.0,1.0,1.0
10.22,29.03,66.03,97.18,11.8,29.63,52.84,66.85,6.63,-0.042,11443.5,143.8,1.46,113594.0,61.0,0.76,0,0,0,0.013,0.232,0.117
0.32,1.71,8.22,13.41,0.04,2.35,34.14,41.63,5.43,-0.325,8915.3,152.0,4.13,98430.0,75.0,0.53,0,0,0,0.0,0.001,0.0
6.83,7.9,20.91,22.19,0.38,4.89,26.45,32.89,5.1,-0.362,7725.4,178.6,5.42,75512.0,75.0,0.28,0,0,0,0.0,0.0,0.0
11.52,32.52,73.43,115.98,23.66,56.88,57.7,67.44,7.13,0.169,15574.7,94.8,3.2,170919.0,59.9,1.67,0,1,1,0.086,0.843,0.857
2.37,3.78,3.99,14.24,6.38,6.43,36.07,41.89,5.77,-0.317,10432.2,88.9,4.22,189181.0,75.0,0.95,0,0,0,0.0,0.01,0.001
0.33,1.28,7.09,11.77,0.55,4.21,44.85,46.5,6.44,-0.385,9464.9,147.6,3.35,116398.0,75.0,0.88,0,0,0,0.0,0.009,0.0
0.06,0.52,2.62,7.9,0.85,1.26,28.16,32.03,5.51,-0.425,12036.0,84.4,2.54,163426.0,75.0,1.76,0,0,0,0.0,0.003,0.0
9.69,31.26,58.67,117.98,13.27,30.36,62.4,71.53,6.37,-0.057,9167.5,170.0,5.9,59759.0,52.38,0.46,0,0,0,0.014,0.217,0.146
2.54,3.55,5.28,30.49,2.46,7.4,29.91,39.37,4.53,-0.173,7479.6,159.5,6.01,78117.0,75.0,0.55,0,0,0,0.0,0.001,0.0
1.37,1.65,14.33,43.12,0.54,6.24,41.67,50.01,6.31,-0.245,11750.0,97.2,3.57,177997.0,75.0,0.71,0,0,0,0.001,0.014,0.005
10.32,29.95,49.91,106.84,12.53,43.62,47.97,59.63,6.55,-0.032,10863.2,143.9,6.16,83704.0,74.29,0.68,0,0,0,0.004,0.174,0.169
8.17,23.86,58.9,132.75,13.31,55.1,60.51,69.43,7.23,0.018,12677.1,144.4,7.25,112631.0,56.25,1.35,0,1,1,0.026,0.576,0.659
10.07,32.42,62.79,135.9,23.26,53.52,62.24,73.07,7.15,0.102,17143.4,50.0,2.1,225495.0,49.55,2.16,0,1,1,0.132,0.959,0.932
27.81,101.57,199.62,310.12,35.84,118.71,83.72,99.5,7.71,0.443,18014.6,165.9,7.16,98396.0,0.92,0.41,1,1,1,0.994,0.998,1.0
5.52,6.34,16.24,17.85,6.08,10.87,39.06,43.14,6.22,-0.301,10226.4,108.3,0.71,152791.0,75.0,1.33,0,0,0,0.0,0.02,0.002
28.66,75.85,164.46,291.94,62.16,144.31,83.9,99.5,8.4,0.436,17558.8,154.8,5.56,74048.0,0.92,0.77,1,1,1,0.998,1.0,1.0
0.93,7.5,11.09,33.83,3.68,12.48,38.59,41.48,6.05,-0.426,12617.8,81.4,3.55,167921.0,75.0,1.91,0,0,0,0.0,0.006,0.002
5.88,23.8,52.86,107.38,19.2,59.32,64.0,71.41,5.31,-0.041,8717.5,164.9,7.93,64449.0,52.61,0.45,0,0,0,0.001,0.075,0.337
9.14,25.01,46.03,88.61,23.21,41.72,49.92,60.6,6.44,0.057,15175.0,91.4,2.06,162210.0,72.49,1.69,0,0,0,0.002,0.332,0.284
52.51,154.19,268.13,425.9,103.17,250.86,87.36,99.5,10.22,0.73,33111.9,36.6,0.85,233371.0,0.92,2.85,1,1,1,1.0,1.0,1.0
9.52,23.44,66.53,97.82,21.61,54.53,56.63,66.29,5.79,-0.044,11101.8,166.3,4.1,62982.0,62.03,0.8,0,0,0,0.002,0.07,0.163
1.86,9.44,11.2,18.11,2.23,14.19,35.34,42.74,6.62,-0.148,13759.6,48.2,2.15,244176.0,75.0,2.88,0,0,0,0.0,0.018,0.011
16.58,35.92,76.62,110.88,17.54,32.94,54.34,62.77,6.78,-0.043,16420.2,81.3,4.36,162560.0,68.5,1.51,0,1,1,0.006,0.51,0.51
7.31,26.03,67.59,129.23,23.28,41.4,57.85,72.73,6.44,0.023,11081.9,172.8,4.78,92881.0,50.18,0.91,0,0,0,0.028,0.367,0.313
13.64,29.37,63.91,110.22,21.63,49.35,49.93,60.33,6.62,-0.068,10659.6,172.8,8.87,90372.0,73.0,0.17,0,0,0,0.005,0.168,0.167
0.98,1.38,3.39,9.02,2.67,6.96,30.58,34.74,5.9,-0.4,10843.4,118.1,4.4,151696.0,75.0,1.29,0,0,0,0.0,0.002,0.0
16.82,35.56,60.0,129.16,19.94,40.74,55.2,65.81,7.4,0.065,12904.6,126.6,4.15,117654.0,62.91,1.28,0,1,0,0.085,0.768,0.316
1.65,2.01,2.79,19.85,2.94,8.42,35.82,38.97,6.48,-0.296,11433.7,100.0,3.12,165107.0,75.0,1.29,0,0,0,0.0,0.016,0.001
27.33,97.0,190.36,337.07,54.8,126.68,83.58,99.5,8.47,0.403,23993.1,77.5,3.75,167821.0,0.92,1.79,1,1,1,0.998,1.0,1.0
6.42,26.51,62.22,107.85,24.72,56.23,55.41,64.84,7.31,-0.146,16051.6,82.7,3.38,194476.0,64.7,1.96,0,1,1,0.02,0.791,0.799
0.98,2.13,2.63,5.56,2.93,4.04,24.28,28.92,5.14,-0.286,7026.1,132.5,9.5,119872.0,75.0,0.77,0,0,0,0.0,0.0,0.0
20.06,94.94,157.58,290.01,62.44,135.43,80.76,99.5,8.83,0.355,20452.7,144.1,2.83,100947.0,0.92,1.31,1,1,1,0.998,1.0,1.0
15.39,39.99,80.8,138.69,17.27,46.75,60.56,70.1,6.71,-0.028,11605.1,149.8,6.64,81909.0,55.02,0.32,0,0,1,0.026,0.406,0.571
2.21,7.01,14.49,25.4,1.3,2.6,44.42,51.33,5.13,-0.315,6047.3,149.5,3.81,63444.0,75.0,1.32,0,0,0,0.0,0.001,0.0
0.0,3.62,4.92,9.72,3.71,3.9,25.83,36.07,6.06,-0.223,11500.8,48.2,0.93,206552.0,75.0,2.48,0,0,0,0.0,0.006,0.002
17.06,25.08,68.26,121.0,12.04,47.27,51.74,68.13,6.9,0.252,15489.7,106.7,3.71,168663.0,58.64,1.32,0,1,1,0.088,0.691,0.718
16.65,32.09,67.83,146.8,14.81,54.43,64.51,77.23,7.3,0.154,17809.4,43.3,1.62,221942.0,41.89,2.13,0,1,1,0.477,0.934,0.986
56.81,152.39,287.75,490.19,60.25,164.53,87.65,99.5,9.46,0.665,28085.2,114.7,9.5,139842.0,0.92,1.08,1,1,1,1.0,1.0,1.0
0.71,3.21,7.27,17.78,0.69,11.0,36.5,34.94,6.22,-0.358,13250.6,99.0,3.14,171007.0,75.0,1.42,0,0,0,0.0,0.004,0.001
0.6,1.21,4.44,21.03,0.02,1.16,31.35,42.24,6.17,-0.35,9241.5,163.7,2.4,110625.0,75.0,0.52,0,0,0,0.0,0.006,0.001
78.0,178.42,325.18,595.51,64.48,193.72,88.64,99.5,9.91,0.972,32100.5,85.9,3.43,196816.0,0.92,2.02,1,1,1,1.0,1.0,1.0
58.69,132.94,262.17,490.08,61.41,188.79,87.48,99.5,9.33,0.761,32005.4,52.0,0.5,203045.0,0.92,2.72,1,1,1,1.0,1.0,1.0
3.77,7.73,9.43,11.22,1.25,3.0,31.89,39.24,5.68,-0.321,10380.5,55.7,1.86,183981.0,75.0,2.14,0,0,0,0.0,0.001,0.001
44.29,118.89,193.52,285.43,61.87,145.52,89.28,99.5,8.7,0.582,22015.0,145.4,5.13,140891.0,0.92,0.54,1,1,1,1.0,1.0,1.0
0.86,2.0,4.37,32.23,0.41,6.16,35.99,40.97,5.82,-0.351,10083.1,124.6,6.15,164465.0,75.0,0.93,0,0,0,0.0,0.004,0.001
20.45,92.28,172.3,270.44,30.1,100.88,84.01,99.5,8.95,0.426,25061.2,49.7,2.61,223231.0,0.92,2.11,1,1,1,1.0,1.0,1.0
26.11,86.36,153.23,240.27,47.68,118.72,80.12,99.5,9.16,0.392,23257.9,47.2,1.22,204308.0,0.92,1.89,1,1,1,0.999,1.0,1.0
0.72,2.25,5.82,14.78,0.28,1.05,36.29,42.39,5.73,-0.158,8971.7,136.6,4.41,130480.0,75.0,0.57,0,0,0,0.0,0.004,0.0
0.18,3.14,6.15,12.89,3.2,4.58,29.86,35.0,6.64,-0.218,15100.3,45.6,0.97,223719.0,75.0,2.85,0,0,0,0.0,0.019,0.002
1.01,1.2,6.66,20.91,3.24,10.8,42.69,43.64,4.75,-0.34,8025.7,154.2,2.27,93302.0,75.0,0.76,0,0,0,0.0,0.001,0.0
1.7,6.36,8.05,13.1,5.78,14.39,35.12,44.1,5.92,-0.328,11274.7,137.4,5.58,128531.0,75.0,0.66,0,0,0,0.0,0.007,0.002
0.95,2.1,10.14,14.82,0.33,3.9,32.55,40.9,6.5,-0.337,15453.9,46.8,0.57,228861.0,75.0,2.45,0,0,0,0.0,0.018,0.007
21.07,71.23,169.69,273.31,62.6,155.17,83.3,99.5,9.42,0.305,23052.0,47.3,1.3,205451.0,0.92,1.84,1,1,1,0.999,1.0,1.0
2.03,13.01,16.04,26.15,3.62,5.99,44.89,45.0,5.49,-0.22,8176.7,178.1,3.04,61454.0,75.0,0.1,0,0,0,0.0,0.003,0.0
10.29,28.74,63.47,131.01,23.36,60.74,54.95,68.03,6.69,0.081,14881.5,89.3,4.01,182794.0,58.83,1.36,0,1,1,0.013,0.729,0.872
36.86,91.08,149.18,292.01,31.08,125.66,87.85,99.5,8.29,0.617,21902.6,88.7,5.98,181162.0,0.92,2.1,1,1,1,0.999,1.0,1.0
15.77,35.18,79.17,139.8,11.13,42.91,60.67,75.96,7.28,0.091,13468.2,152.9,1.77,100503.0,44.23,0.61,0,1,1,0.272,0.748,0.654
8.6,22.88,51.67,120.4,20.06,49.3,61.64,71.25,6.02,-0.021,9806.7,172.4,0.5,87180.0,52.9,0.1,0,0,0,0.007,0.194,0.326
0.43,2.37,3.51,7.14,2.83,4.3,26.0,30.3,4.26,-0.45,3682.4,178.0,5.83,61010.0,75.0,0.69,0,0,0,0.0,0.0,0.0
5.67,19.51,53.67,124.37,29.24,66.63,56.18,68.15,7.1,-0.111,13376.0,144.2,5.09,109592.0,58.61,0.72,0,1,1,0.023,0.66,0.774
0.67,1.56,2.12,13.97,1.43,5.39,41.02,46.14,5.89,-0.367,9328.7,89.6,3.49,121897.0,75.0,1.04,0,0,0,0.0,0.003,0.0
25.93,73.87,141.4,285.21,35.99,109.46,82.57,99.5,8.55,0.317,22329.5,47.1,1.27,216726.0,0.92,2.1,1,1,1,0.997,1.0,1.0
0.06,2.06,2.32,4.64,0.24,1.73,26.11,35.47,4.88,-0.426,8504.3,147.7,4.64,114235.0,75.0,0.92,0,0,0,0.0,0.001,0.0
9.47,31.52,53.29,87.61,22.07,57.69,48.34,57.79,6.85,-0.132,13932.6,116.0,4.83,134982.0,75.0,1.34,0,0,0,0.002,0.422,0.346
8.83,27.08,65.36,112.74,20.51,39.91,57.11,69.88,7.67,-0.015,17206.5,96.5,5.19,157192.0,55.42,2.03,0,1,1,0.057,0.869,0.642
5.31,29.99,53.98,97.93,29.46,66.31,49.51,57.48,5.74,-0.042,10610.2,166.4,0.5,64673.0,75.0,0.24,0,0,0,0.0,0.177,0.131
1.06,4.06,9.01,26.3,0.14,2.0,29.35,35.37,6.52,-0.285,14932.9,51.1,1.45,233702.0,75.0,2.16,0,0,0,0.0,0.031,0.002
0.42,0.6,2.73,14.22,0.39,1.67,39.3,41.64,5.86,-0.422,11011.1,106.4,4.13,160510.0,75.0,1.14,0,0,0,0.0,0.003,0.001
35.98,94.15,196.28,339.58,63.8,136.64,83.78,99.5,9.11,0.54,27787.3,36.6,0.68,248406.0,0.92,1.89,1,1,1,1.0,1.0,1.0
1.44,6.36,13.69,28.91,1.39,2.5,33.05,38.07,5.32,-0.416,8778.3,103.0,6.81,130560.0,75.0,1.67,0,0,0,0.0,0.0,0.0
2.52,6.26,13.54,15.36,0.76,2.69,30.85,39.71,6.46,-0.315,15119.5,43.2,1.02,225796.0,75.0,2.39,0,0,0,0.0,0.017,0.003
15.9,39.08,62.62,126.95,11.56,38.84,53.77,64.52,6.45,0.118,15443.7,52.2,1.79,213124.0,65.29,2.21,0,0,1,0.012,0.463,0.654
32.17,97.79,201.31,308.29,48.47,124.08,82.3,99.5,9.51,0.429,26571.4,52.0,2.34,213342.0,0.92,2.26,1,1,1,1.0,1.0,1.0
9.27,34.03,75.3,120.12,20.16,42.08,63.34,71.04,6.4,-0.078,12732.4,129.1,3.15,115797.0,53.3,0.82,0,0,1,0.013,0.297,0.547
11.69,31.31,48.87,122.38,21.87,66.56,52.51,64.01,6.19,-0.029,12022.0,143.2,0.5,102997.0,66.23,0.52,0,0,1,0.006,0.151,0.767
5.33,27.47,66.23,102.87,16.71,58.25,51.77,62.82,7.04,-0.001,14726.0,119.6,3.26,149239.0,68.41,1.17,0,1,1,0.006,0.564,0.55
0.88,2.16,11.6,12.77,1.28,4.98,32.5,37.35,4.78,-0.203,5287.6,174.5,9.34,41889.0,75.0,0.73,0,0,0,0.0,0.0,0.0
12.91,25.4,57.3,122.73,21.7,57.23,52.41,63.76,6.78,-0.072,14818.9,89.4,2.59,199432.0,66.68,2.08,0,1,1,0.009,0.708,0.947
26.4,94.72,171.7,330.68,30.81,91.73,88.1,99.5,9.01,0.42,25057.1,76.4,1.51,195544.0,0.92,2.02,1,1,1,0.999,1.0,1.0
52.22,155.56,287.44,530.69,104.09,200.96,89.47,99.5,8.82,0.69,25604.2,160.9,8.31,86229.0,0.92,0.58,1,1,1,1.0,1.0,1.0
0.21,5.42,7.21,14.05,0.5,2.44,29.43,37.27,6.29,-0.45,15482.2,67.4,1.96,212697.0,75.0,1.99,0,0,0,0.0,0.014,0.002
8.01,27.33,57.29,126.7,16.25,46.42,59.6,67.63,5.84,-0.158,7515.8,174.7,4.51,48622.0,59.57,0.38,0,0,0,0.001,0.109,0.117
8.37,32.26,62.92,101.59,15.46,32.94,48.84,59.94,7.17,-0.074,17328.8,36.8,1.39,225915.0,73.71,2.04,0,1,0,0.005,0.75,0.35
0.03,1.9,3.54,43.36,0.38,5.9,36.35,43.81,5.05,-0.348,3676.1,175.6,8.58,67425.0,75.0,0.37,0,0,0,0.0,0.0,0.0
9.11,20.91,65.0,135.13,22.61,58.53,64.3,73.61,8.03,-0.091,19844.4,41.3,3.21,250974.0,48.55,1.88,0,1,1,0.226,0.948,0.993
5.7,7.95,8.38,9.19,2.2,5.95,36.68,42.75,6.02,-0.215,8388.8,164.2,8.19,82244.0,75.0,0.49,0,0,0,0.0,0.003,0.0
14.73,24.58,67.92,125.48,22.99,39.04,56.91,66.46,6.17,0.023,13825.6,111.5,6.23,152931.0,61.71,1.77,0,0,1,0.008,0.461,0.557
3.89,5.96,9.27,43.77,5.3,6.17,35.53,38.56,5.38,-0.322,5448.7,179.0,4.63,56380.0,75.0,0.56,0,0,0,0.0,0.001,0.0
17.1,37.63,53.19,95.19,18.26,50.74,51.84,57.78,6.93,-0.118,16839.7,45.7,0.76,232462.0,75.0,1.94,0,0,1,0.011,0.41,0.713
14.12,25.69,65.79,138.08,22.7,65.33,63.54,74.6,7.32,-0.057,14772.1,115.3,4.17,166788.0,46.74,1.2,0,1,1,0.154,0.876,0.928
15.57,27.34,66.3,143.96,12.75,57.11,60.88,73.49,6.54,0.037,10570.7,175.5,6.48,84274.0,48.79,0.11,0,0,1,0.017,0.242,0.656
5.32,22.2,60.42,129.94,24.69,55.57,62.85,73.94,6.85,-0.01,15026.4,110.8,1.73,145759.0,47.95,1.27,0,1,1,0.023,0.842,0.889
1.26,4.27,7.0,17.87,3.75,5.06,31.31,39.8,6.23,-0.396,9361.3,126.3,4.02,138617.0,75.0,1.38,0,0,0,0.0,0.003,0.001
11.8,19.95,55.57,95.34,19.62,40.93,60.29,68.62,6.57,-0.081,10197.8,135.9,5.73,125602.0,57.74,1.13,0,0,0,0.021,0.251,0.211
20.59,74.92,150.41,264.42,37.31,129.4,84.1,99.5,8.5,0.322,20241.0,100.9,4.19,166509.0,0.92,2.18,1,1,1,0.997,1.0,1.0
0.0,5.56,10.9,13.16,1.28,17.02,22.07,29.22,6.38,-0.437,9882.8,126.0,5.55,145484.0,75.0,1.43,0,0,0,0.0,0.002,0.001
13.37,23.53,52.26,105.67,26.05,68.53,62.23,69.27,6.15,0.141,11962.9,119.7,4.82,152896.0,56.54,1.22,0,0,1,0.023,0.361,0.782
6.07,19.41,43.36,123.16,21.18,62.58,53.61,63.11,6.11,-0.085,9745.6,165.7,4.29,79291.0,67.88,0.71,0,0,1,0.005,0.211,0.545
10.54,30.82,54.42,130.01,19.1,58.21,57.41,69.74,7.29,-0.114,15413.1,41.6,1.07,239721.0,55.68,2.22,0,1,1,0.047,0.811,0.96
8.33,28.12,55.27,86.84,18.26,49.76,54.62,60.9,6.51,-0.254,15606.8,75.7,1.02,183366.0,71.95,1.45,0,0,0,0.001,0.404,0.396
6.97,18.1,47.05,94.18,18.81,47.64,55.92,62.09,5.67,-0.292,8761.5,172.8,9.5,58782.0,69.76,0.79,0,0,0,0.001,0.017,0.085
0.18,0.68,8.22,10.35,2.19,4.09,26.18,36.35,5.54,-0.351,6547.4,164.1,5.78,79052.0,75.0,0.83,0,0,0,0.0,0.001,0.0
17.59,26.71,66.62,121.19,10.11,33.02,58.17,65.18,6.47,-0.048,13308.7,101.1,3.13,157572.0,64.07,1.36,0,0,0,0.008,0.172,0.445
10.3,23.64,49.51,125.35,17.22,44.78,54.32,63.44,6.4,-0.012,9370.5,124.9,2.28,105173.0,67.27,1.17,0,0,0,0.005,0.123,0.331
1.72,5.67,6.02,20.63,1.32,1.82,38.55,42.49,6.1,-0.218,13905.7,75.2,6.61,202641.0,75.0,2.17,0,0,0,0.0,0.018,0.003
8.44,17.21,43.01,85.78,17.64,50.05,52.18,61.59,7.38,-0.038,13078.5,62.3,0.98,163757.0,70.67,2.24,0,0,0,0.01,0.363,0.264
14.52,32.81,68.16,141.44,27.48,68.3,62.48,72.39,6.06,0.047,14657.9,102.2,2.79,198039.0,50.81,0.97,0,1,1,0.012,0.609,0.944
23.83,68.87,149.01,257.71,34.61,90.43,83.81,99.5,8.99,0.532,21960.4,86.2,3.66,199045.0,0.92,1.71,1,1,1,0.999,1.0,1.0
4.45,5.51,7.68,7.76,2.54,4.41,36.4,39.91,5.72,-0.343,9356.3,119.6,5.48,132529.0,75.0,1.11,0,0,0,0.0,0.003,0.0
49.13,177.24,357.21,598.87,107.89,220.49,82.9,99.5,9.78,0.565,34000.0,46.3,2.42,224616.0,0.92,2.54,1,1,1,1.0,1.0,1.0
14.34,25.85,61.76,92.46,12.53,40.28,62.22,70.19,6.16,0.072,9926.7,176.3,9.5,73000.0,54.86,0.66,0,0,0,0.01,0.177,0.087
5.16,21.01,51.69,112.77,12.01,32.44,57.45,67.06,5.47,-0.011,10221.6,178.0,7.85,57562.0,60.6,0.72,0,0,0,0.001,0.039,0.142
1.14,3.82,3.93,13.26,3.07,3.32,33.88,37.63,5.6,-0.45,8565.3,136.2,2.18,119409.0,75.0,0.59,0,0,0,0.0,0.003,0.0
10.37,23.92,66.33,105.62,16.37,58.32,56.16,69.04,6.39,0.085,12546.4,112.7,3.42,142559.0,56.96,1.03,0,0,1,0.014,0.347,0.532
28.27,84.52,136.5,295.29,58.87,133.77,85.63,99.5,7.66,0.299,20965.8,79.9,3.24,182728.0,0.92,2.06,1,1,1,0.99,1.0,1.0
5.79,15.06,46.41,90.67,22.46,55.4,53.11,60.91,6.48,-0.282,12103.6,153.0,9.5,99122.0,71.93,0.51,0,0,0,0.001,0.116,0.298
15.9,28.69,61.02,129.89,19.82,59.73,57.74,62.48,6.58,-0.031,12681.9,134.3,1.32,99154.0,69.03,0.5,0,0,1,0.006,0.307,0.662
6.71,27.18,70.47,117.07,17.33,34.83,61.49,70.29,8.27,-0.116,17771.4,58.6,3.32,210298.0,54.67,2.19,0,1,1,0.08,0.953,0.794
13.34,30.73,46.94,114.55,26.59,68.8,58.72,70.81,6.77,0.073,11072.3,167.1,6.39,81950.0,53.71,0.32,0,1,0,0.022,0.612,0.455
0.95,2.45,10.81,16.91,2.13,5.48,30.49,37.72,4.49,-0.331,8424.7,154.3,7.73,96811.0,75.0,1.2,0,0,0,0.0,0.0,0.0
29.3,67.78,119.06,233.32,46.84,132.09,86.48,99.5,7.19,0.464,14080.7,172.7,5.73,69497.0,0.92,0.49,1,1,1,0.993,0.997,1.0
10.39,23.17,52.03,93.93,11.83,30.22,53.72,64.79,6.7,0.058,10625.1,140.2,2.78,128793.0,64.79,0.92,0,0,0,0.024,0.318,0.082
0.46,0.49,1.49,20.08,0.53,0.95,33.15,40.53,4.96,-0.366,9229.7,123.9,6.01,125961.0,75.0,0.99,0,0,0,0.0,0.001,0.0
17.34,35.92,52.72,85.83,22.24,53.45,49.27,60.49,6.7,0.024,16106.1,95.6,4.47,168636.0,72.7,1.98,0,1,0,0.01,0.695,0.475
21.71,65.68,171.42,297.19,45.41,99.17,84.91,99.5,7.78,0.229,16620.4,170.2,8.94,95165.0,0.92,0.55,1,1,1,0.987,0.998,1.0
23.34,74.45,179.79,263.69,64.68,116.11,85.12,99.5,7.65,0.456,17130.4,160.6,5.58,86114.0,0.92,0.45,1,1,1,0.992,1.0,1.0
0.63,0.75,4.26,12.19,2.2,4.94,37.99,45.66,7.02,-0.337,13774.1,41.6,1.01,233349.0,75.0,2.04,0,0,0,0.0,0.055,0.002
60.93,175.19,287.44,503.19,65.69,180.57,88.81,99.5,10.0,0.732,30882.1,38.8,0.5,231966.0,0.92,2.29,1,1,1,1.0,1.0,1.0
1.88,2.26,13.25,39.57,1.07,1.09,42.05,47.79,6.41,-0.294,13598.1,89.6,4.46,191056.0,75.0,1.3,0,0,0,0.0,0.029,0.004
1.87,7.19,7.96,37.71,4.91,7.14,45.28,48.1,4.87,-0.272,5788.8,152.5,6.5,93098.0,75.0,1.0,0,0,0,0.0,0.001,0.001
1.92,3.39,6.71,11.34,0.35,5.15,35.24,41.07,5.03,-0.351,8241.3,178.2,3.14,85464.0,75.0,0.1,0,0,0,0.0,0.001,0.0
0.0,2.17,10.17,13.17,0.81,3.91,24.31,30.76,6.3,-0.45,14678.9,56.8,1.44,210274.0,75.0,2.02,0,0,0,0.0,0.005,0.001
0.34,5.04,6.87,17.32,0.51,0.66,30.7,39.04,5.66,-0.255,9915.4,121.1,3.22,121729.0,75.0,1.32,0,0,0,0.0,0.003,0.0
7.26,16.04,45.1,104.43,10.89,28.61,50.84,60.17,6.26,-0.161,14445.5,90.2,0.75,181916.0,73.29,1.69,0,0,0,0.001,0.146,0.301
11.31,32.9,66.74,101.97,27.75,70.27,58.27,66.33,6.44,-0.047,10996.8,175.6,3.56,64665.0,61.95,0.15,0,0,0,0.014,0.36,0.444
9.22,27.7,57.47,134.57,20.17,63.97,57.32,68.31,6.26,-0.037,10052.0,157.1,2.29,100779.0,58.31,0.83,0,0,1,0.011,0.21,0.769
7.59,21.47,59.91,129.09,24.64,65.43,63.42,72.09,6.11,0.035,9594.4,156.6,4.32,51190.0,51.35,0.37,0,0,1,0.007,0.2,0.609
37.56,98.01,175.54,292.91,44.22,118.33,88.08,99.5,8.91,0.482,20972.7,103.0,2.23,156525.0,0.92,1.39,1,1,1,1.0,1.0,1.0
0.63,1.03,1.48,32.47,0.05,0.44,39.39,48.71,6.11,-0.186,11581.5,95.1,0.54,158927.0,75.0,1.71,0,0,0,0.0,0.017,0.001
10.79,23.26,50.43,86.31,12.62,51.64,53.52,66.2,6.89,0.126,15272.8,74.6,5.33,174478.0,62.19,1.94,0,1,0,0.028,0.591,0.431
14.87,24.64,59.67,120.14,24.27,53.5,55.12,62.06,7.49,0.113,16168.0,43.2,2.48,219892.0,69.82,2.05,0,1,1,0.044,0.858,0.866
55.8,165.62,309.04,479.7,80.43,221.49,85.25,99.5,9.31,0.724,27193.3,160.4,3.36,78933.0,0.92,0.94,1,1,1,1.0,1.0,1.0
0.78,1.67,8.8,34.41,1.14,2.78,36.05,41.45,5.36,-0.376,8515.9,152.9,6.1,95835.0,75.0,0.71,0,0,0,0.0,0.001,0.0
1.14,1.29,5.99,24.28,1.01,1.68,37.3,41.84,4.51,-0.372,4852.3,180.0,7.65,43539.0,75.0,0.52,0,0,0,0.0,0.0,0.0
5.37,24.21,47.28,100.47,17.73,37.97,50.98,64.46,6.08,-0.122,9335.4,179.5,9.5,69329.0,65.39,0.77,0,0,0,0.001,0.071,0.076
32.71,86.09,173.54,273.69,37.51,122.3,85.68,99.5,9.03,0.405,22447.0,115.5,2.34,161848.0,0.92,1.56,1,1,1,1.0,1.0,1.0
1.45,5.15,5.68,8.72,1.71,8.53,29.07,33.67,5.12,-0.355,7880.2,146.5,8.01,108410.0,75.0,1.11,0,0,0,0.0,0.0,0.0
16.6,38.74,55.04,126.09,27.98,44.68,56.46,65.06,5.57,0.007,9516.2,172.0,4.32,85746.0,64.29,0.47,0,0,0,0.005,0.141,0.216
0.65,2.57,3.63,12.35,4.34,11.4,28.07,35.84,5.82,-0.38,8483.0,158.2,1.73,106580.0,75.0,0.85,0,0,0,0.0,0.001,0.0
82.59,181.64,328.59,561.8,80.84,164.19,84.78,99.5,10.81,0.947,34000.0,70.9,3.4,213509.0,0.92,1.92,1,1,1,1.0,1.0,1.0
1.53,2.35,2.55,2.8,5.36,6.37,32.03,39.11,6.2,-0.306,11740.2,100.3,5.84,187657.0,75.0,1.08,0,0,0,0.0,0.017,0.001
0.71,8.23,10.75,11.73,1.61,1.93,36.4,39.75,6.2,-0.324,12984.7,53.7,4.38,208038.0,75.0,2.19,0,0,0,0.0,0.019,0.002
0.12,4.89,6.25,19.88,1.42,2.3,30.78,36.47,5.12,-0.407,5312.2,173.3,2.32,61218.0,75.0,0.47,0,0,0,0.0,0.0,0.0
11.73,20.9,46.32,102.46,14.57,49.37,50.45,61.12,6.1,-0.069,14123.9,122.9,5.85,144278.0,71.54,1.29,0,0,0,0.001,0.148,0.486
0.06,1.72,6.74,13.49,4.15,7.65,22.35,29.21,5.93,-0.45,14234.4,68.2,1.88,208840.0,75.0,1.86,0,0,0,0.0,0.006,0.002
43.96,90.33,196.65,325.2,56.08,145.7,86.76,99.5,8.83,0.639,21802.5,132.4,6.5,132759.0,0.92,0.75,1,1,1,1.0,1.0,1.0
33.78,103.27,185.77,313.7,45.58,93.59,87.03,99.5,8.66,0.421,21540.1,124.6,1.06,158785.0,0.92,1.29,1,1,1,0.999,1.0,1.0
0.97,10.45,16.64,33.15,2.06,3.56,45.66,48.06,6.43,-0.31,11331.8,86.9,1.07,175850.0,75.0,1.24,0,0,0,0.0,0.026,0.002
7.2,19.02,34.21,97.89,26.24,49.3,52.75,63.01,7.45,-0.238,14680.2,51.5,1.08,224633.0,68.06,2.57,0,1,1,0.008,0.578,0.584
0.12,1.14,2.52,9.71,0.61,2.07,29.09,37.2,4.81,-0.45,7539.1,132.4,4.82,106440.0,75.0,0.91,0,0,0,0.0,0.0,0.0
16.8,30.49,69.06,130.35,16.75,56.28,52.11,61.68,7.08,-0.02,15192.2,110.4,2.59,179496.0,70.51,1.37,0,1,1,0.019,0.57,0.811
1.08,1.11,1.39,18.15,1.18,3.0,29.46,36.71,5.08,-0.401,6804.6,147.0,6.89,98568.0,75.0,0.94,0,0,0,0.0,0.0,0.0
0.19,0.62,7.01,28.2,1.64,2.87,35.14,43.19,5.82,-0.45,11461.0,110.4,5.91,142868.0,75.0,1.47,0,0,0,0.0,0.005,0.002
17.13,35.73,74.63,104.8,19.01,60.13,58.05,66.9,7.75,0.087,13697.6,158.6,7.26,84519.0,60.9,0.18,0,1,0,0.151,0.877,0.386
0.5,3.74,8.02,10.01,2.98,3.4,38.69,42.3,4.89,-0.396,8388.2,115.0,7.38,132295.0,75.0,1.48,0,0,0,0.0,0.001,0.0
38.2,112.84,220.32,364.33,48.71,125.82,85.61,99.5,8.62,0.398,22676.1,116.3,4.94,129455.0,0.92,1.3,1,1,1,1.0,1.0,1.0
14.47,22.61,40.68,100.53,10.13,52.4,58.61,68.62,5.86,0.062,8128.3,162.1,2.12,77607.0,57.75,0.36,0,0,0,0.007,0.117,0.248
32.24,77.55,151.18,299.24,62.45,108.84,86.63,99.5,8.32,0.535,20083.3,93.5,5.57,147307.0,0.92,1.31,1,1,1,0.999,1.0,1.0
76.12,180.81,343.51,592.63,71.14,193.63,84.01,99.5,9.6,0.712,34000.0,54.4,1.31,202902.0,0.92,1.99,1,1,1,1.0,1.0,1.0
57.77,133.44,252.9,412.01,90.74,179.21,88.2,99.5,9.46,0.778,30439.1,39.2,2.01,262226.0,0.92,1.92,1,1,1,1.0,1.0,1.0
12.41,30.41,72.53,133.85,29.71,45.64,72.14,76.05,7.17,0.057,15187.4,144.5,9.15,117641.0,44.06,1.32,0,1,1,0.122,0.959,0.719
14.15,22.6,59.49,108.78,22.23,46.51,51.51,62.45,6.19,-0.042,14169.7,124.9,5.4,143955.0,69.09,1.53,0,0,0,0.002,0.252,0.423
0.21,3.42,12.82,15.26,5.07,5.6,30.94,32.84,5.8,-0.45,8871.6,137.1,1.11,133148.0,75.0,1.05,0,0,0,0.0,0.001,0.0
38.39,111.77,170.61,285.42,41.81,103.18,87.6,99.5,9.51,0.517,26559.1,65.9,1.22,228456.0,0.92,1.86,1,1,1,1.0,1.0,1.0
14.79,34.03,78.09,117.37,20.87,49.34,58.98,67.84,6.41,0.023,15459.1,54.8,3.22,187700.0,59.18,2.03,0,1,1,0.011,0.669,0.783
81.75,152.39,351.42,558.58,91.28,200.08,87.79,99.5,10.3,1.144,34000.0,37.1,1.19,217021.0,0.92,2.57,1,1,1,1.0,1.0,1.0
2.3,4.36,8.71,21.27,0.91,1.18,37.89,43.53,6.56,-0.256,14164.8,85.8,3.13,164942.0,75.0,2.17,0,0,0,0.0,0.021,0.002
1.98,2.83,10.39,21.65,0.87,4.03,37.88,42.66,5.14,-0.308,9505.9,120.5,5.87,128308.0,75.0,0.98,0,0,0,0.0,0.001,0.001
1.24,4.31,11.22,13.31,5.77,7.62,33.35,38.99,5.24,-0.251,11094.7,91.9,4.37,165241.0,75.0,1.22,0,0,0,0.0,0.002,0.001
41.51,85.33,137.07,262.94,41.36,135.51,84.93,99.5,7.81,0.632,19352.3,98.4,3.94,155175.0,0.92,1.93,1,1,1,0.999,0.999,1.0
0.13,0.25,0.44,3.37,1.73,4.2,28.81,32.03,6.59,-0.45,9617.5,166.1,5.19,83966.0,75.0,0.1,0,0,0,0.0,0.003,0.0
9.55,19.06,41.07,80.28,24.91,63.31,47.72,54.9,7.29,-0.077,15744.7,85.5,2.51,177933.0,75.0,1.35,0,1,1,0.005,0.528,0.513
15.1,39.57,81.1,135.99,18.3,60.77,58.08,71.41,6.67,0.071,14166.7,109.5,5.52,137723.0,52.6,1.23,0,1,1,0.027,0.57,0.903
1.13,2.01,5.33,63.5,3.79,4.94,40.57,46.24,4.84,-0.343,6932.4,148.6,6.68,69011.0,75.0,0.28,0,0,0,0.0,0.0,0.0
17.39,42.07,64.01,138.79,27.66,43.86,57.59,68.48,6.72,-0.022,15459.8,92.5,2.81,154109.0,58.0,1.88,0,1,1,0.048,0.842,0.861
13.71,26.9,62.13,137.81,19.98,47.41,59.69,71.86,7.23,0.041,12194.8,125.2,6.82,121518.0,51.79,1.34,0,1,1,0.15,0.77,0.706
3.05,12.19,12.45,43.19,0.17,1.61,38.64,42.6,6.04,-0.299,6382.4,160.0,5.23,84243.0,75.0,0.41,0,0,0,0.0,0.002,0.0
14.91,36.12,72.9,104.85,12.66,55.75,57.99,70.97,6.2,0.149,11645.4,172.7,3.4,55838.0,53.42,0.79,0,0,0,0.034,0.281,0.457
48.26,122.97,308.18,537.96,77.58,170.84,83.9,99.5,10.4,0.448,33212.2,56.3,1.2,205047.0,0.92,2.5,1,1,1,1.0,1.0,1.0
80.37,209.68,324.18,541.75,73.07,219.66,81.91,99.5,9.27,0.849,27245.2,169.4,2.94,59809.0,0.92,0.42,1,1,1,1.0,1.0,1.0
9.5,29.65,60.83,117.91,27.16,56.27,58.05,69.48,7.55,0.006,15305.0,106.4,3.2,150484.0,56.16,1.22,0,1,1,0.07,0.88,0.87
15.99,30.17,50.41,103.19,19.97,49.32,54.34,56.89,6.06,-0.06,13161.2,72.4,4.14,176969.0,75.0,2.51,0,0,0,0.001,0.17,0.343
1.98,4.06,12.83,21.5,0.51,0.99,40.87,50.33,6.35,-0.235,10340.4,101.6,2.08,145377.0,75.0,1.64,0,0,0,0.0,0.014,0.001
79.73,153.1,273.69,422.6,81.19,203.8,84.2,99.5,8.68,0.907,26188.4,177.1,6.8,47844.0,0.92,0.42,1,1,1,1.0,1.0,1.0
0.02,1.84,3.84,21.67,3.54,7.59,40.18,43.17,6.3,-0.303,10929.8,106.4,2.47,149982.0,75.0,1.76,0,0,0,0.0,0.021,0.001
11.16,22.83,63.24,110.33,17.13,59.61,60.27,69.62,6.77,-0.119,15695.1,82.7,2.51,167801.0,55.9,1.78,0,1,1,0.019,0.596,0.808
4.46,10.17,35.52,59.91,2.44,3.65,40.44,47.98,6.04,-0.071,12034.2,126.8,0.99,141390.0,75.0,0.91,0,0,0,0.0,0.019,0.004
3.67,8.9,10.0,18.06,0.15,10.87,30.2,37.56,5.55,-0.3,10881.5,69.8,2.17,202302.0,75.0,1.9,0,0,0,0.0,0.001,0.001
1.02,1.72,3.11,50.45,1.91,3.82,42.02,47.46,7.04,-0.241,12662.1,46.0,1.45,223752.0,75.0,2.53,0,0,0,0.001,0.063,0.007
32.5,71.44,125.94,253.36,47.92,107.67,82.57,98.09,8.93,0.374,21784.1,53.7,2.4,203613.0,3.52,1.51,1,1,1,1.0,1.0,1.0
12.36,21.59,64.91,109.6,11.44,31.52,61.54,66.0,7.06,-0.057,16902.6,53.6,2.09,221428.0,62.56,2.02,0,1,1,0.025,0.687,0.608
6.24,17.28,44.78,111.68,15.45,43.52,45.64,54.52,6.56,-0.126,16063.5,57.0,0.77,221929.0,75.0,2.47,0,0,1,0.001,0.465,0.807
3.17,4.05,10.38,12.44,0.39,2.52,37.38,39.0,6.84,-0.355,14103.7,55.1,3.01,215984.0,75.0,1.93,0,0,0,0.0,0.014,0.003
25.85,96.97,150.02,277.8,51.15,94.78,86.77,99.5,6.72,0.426,18604.3,127.9,4.96,150543.0,0.92,1.51,1,1,1,0.971,0.996,1.0
1.58,3.16,8.3,29.35,0.78,3.1,38.02,42.18,6.24,-0.378,11952.2,61.4,2.37,213247.0,75.0,2.42,0,0,0,0.0,0.012,0.001
0.36,0.93,0.93,40.7,1.16,1.21,31.65,37.7,5.59,-0.45,11984.6,85.1,2.97,191558.0,75.0,1.64,0,0,0,0.0,0.001,0.003
5.12,18.02,33.44,82.16,11.26,27.44,44.98,54.27,6.68,-0.091,8646.7,165.0,4.24,83962.0,75.0,0.34,0,0,0,0.001,0.039,0.005
71.78,196.19,343.03,600.18,61.46,203.68,83.93,99.5,11.38,0.792,33301.4,103.7,4.04,165666.0,0.92,1.3,1,1,1,1.0,1.0,1.0
0.08,4.64,13.2,31.7,3.44,6.32,40.01,43.99,5.39,-0.243,7267.9,131.8,5.74,109893.0,75.0,1.79,0,0,0,0.0,0.002,0.0
8.44,27.38,55.56,85.83,19.54,54.07,54.01,62.0,6.77,-0.149,15356.6,60.0,0.5,201140.0,69.93,2.58,0,0,1,0.002,0.37,0.586
5.18,23.74,58.32,96.22,18.62,62.55,48.05,62.02,7.25,-0.127,17407.3,62.9,1.59,209782.0,69.88,2.01,0,1,1,0.003,0.603,0.926
42.1,93.54,164.53,254.45,31.23,87.59,81.35,99.5,9.28,0.536,28243.6,40.9,1.24,236020.0,0.92,2.1,1,1,1,1.0,1.0,1.0
3.38,11.34,18.04,23.22,0.31,3.48,35.97,42.72,6.11,-0.31,14406.0,59.5,2.36,216219.0,75.0,2.06,0,0,0,0.0,0.01,0.004
13.4,28.62,64.37,131.71,25.66,55.73,61.81,71.14,7.51,0.104,17604.0,75.4,4.26,206031.0,53.11,1.87,0,1,1,0.196,0.943,0.954
1.88,1.95,6.51,9.73,0.63,0.97,35.12,41.99,6.41,-0.184,12680.1,60.7,1.28,185826.0,75.0,1.63,0,0,0,0.001,0.011,0.001
0.26,12.33,14.48,46.01,0.36,1.15,36.64,44.58,6.46,-0.325,13997.4,47.9,1.25,207949.0,75.0,2.21,0,0,0,0.0,0.014,0.009
0.98,2.05,6.18,12.76,3.34,5.32,30.4,38.66,6.49,-0.342,14508.2,52.5,1.35,220453.0,75.0,2.52,0,0,0,0.0,0.01,0.005
67.89,157.16,330.52,562.18,79.85,181.93,86.86,99.5,9.57,0.803,30191.4,101.8,2.09,146959.0,0.92,0.88,1,1,1,1.0,1.0,1.0
1.14,8.31,8.88,28.14,1.57,4.18,43.69,51.11,6.29,-0.239,14944.3,64.9,1.87,252764.0,75.0,2.19,0,0,0,0.0,0.03,0.015
83.47,189.82,374.57,586.59,72.49,208.05,88.78,99.5,10.01,0.923,34000.0,87.8,4.29,182353.0,0.92,2.03,1,1,1,1.0,1.0,1.0
3.08,7.68,8.56,13.14,1.45,4.42,28.48,37.32,5.88,-0.424,9361.1,108.0,1.73,149230.0,75.0,1.16,0,0,0,0.0,0.001,0.0
52.75,136.55,314.85,557.09,101.96,256.59,86.3,99.5,9.69,0.699,29125.0,135.1,5.77,110139.0,0.92,1.45,1,1,1,1.0,1.0,1.0
9.01,31.62,66.6,144.49,15.44,38.53,68.54,79.03,7.33,0.083,15480.7,40.7,0.5,223957.0,38.59,2.08,0,1,1,0.206,0.86,0.956
1.46,8.05,15.02,30.6,0.98,5.41,43.64,48.85,5.95,-0.171,9587.2,150.9,3.76,99355.0,75.0,0.85,0,0,0,0.0,0.006,0.001
15.41,36.22,71.52,103.88,23.19,52.54,57.48,65.19,6.68,0.018,13555.1,126.0,3.66,130425.0,64.06,0.98,0,0,0,0.012,0.417,0.492
3.91,6.25,10.0,71.5,0.2,1.33,46.23,55.89,6.74,-0.182,14605.7,46.9,3.05,216923.0,75.0,2.11,0,0,0,0.001,0.081,0.064
13.53,26.89,52.27,126.9,21.59,39.67,58.68,69.57,6.98,0.073,11416.0,161.7,4.86,81900.0,55.99,0.38,0,1,0,0.073,0.564,0.296
9.04,18.33,50.02,88.68,27.14,59.46,53.84,62.85,6.82,0.01,12513.0,168.5,0.5,97932.0,68.36,0.67,0,1,0,0.011,0.624,0.468
5.77,18.89,52.38,99.15,20.26,62.54,47.25,58.54,7.23,-0.15,18306.8,43.9,0.5,248140.0,75.0,2.5,0,1,1,0.006,0.695,0.919
9.55,23.26,62.85,108.79,11.56,31.99,59.16,66.56,6.62,-0.239,14040.4,75.1,2.68,193604.0,61.53,1.78,0,0,0,0.003,0.325,0.369
43.72,116.05,179.54,303.82,34.81,111.92,78.39,99.5,8.13,0.499,16178.0,151.9,6.99,77602.0,0.92,0.29,1,1,1,0.999,0.999,1.0
0.25,0.37,7.34,12.07,0.23,6.51,34.82,44.39,5.54,-0.225,7367.4,143.5,5.99,115880.0,75.0,0.94,0,0,0,0.0,0.002,0.0
75.5,186.52,378.53,587.03,66.4,151.31,80.38,99.5,10.27,1.037,34000.0,61.8,2.35,229208.0,0.92,2.12,1,1,1,1.0,1.0,1.0
57.74,132.95,291.14,433.17,82.19,176.46,87.32,99.5,9.36,0.83,30599.5,65.4,3.65,222120.0,0.92,1.87,1,1,1,1.0,1.0,1.0
0.55,3.36,5.09,10.1,9.37,13.81,40.92,47.5,6.78,-0.317,11662.3,88.7,2.24,184554.0,75.0,2.16,0,0,0,0.0,0.043,0.004
0.87,3.03,6.9,7.2,0.17,3.83,33.14,40.56,5.45,-0.363,11110.1,105.3,5.38,175029.0,75.0,0.9,0,0,0,0.0,0.003,0.001
9.74,18.68,42.61,79.12,28.33,49.41,46.5,54.42,6.44,-0.073,12326.2,124.6,0.7,131224.0,75.0,0.43,0,0,0,0.003,0.273,0.06
6.87,25.51,56.17,114.97,18.72,47.73,61.14,71.16,7.92,0.026,16060.1,88.5,1.66,183231.0,53.07,1.39,0,1,1,0.16,0.909,0.752
1.81,2.43,4.45,42.44,0.42,1.64,34.38,44.09,5.7,-0.45,10277.6,102.1,0.5,147307.0,75.0,1.63,0,0,0,0.0,0.003,0.001
0.26,0.31,1.56,2.14,0.34,1.91,32.33,37.61,5.55,-0.364,9305.6,143.4,4.31,112324.0,75.0,0.51,0,0,0,0.0,0.002,0.0
5.27,26.07,64.94,115.51,29.69,65.06,61.32,68.06,7.71,-0.068,17639.6,40.3,1.38,251560.0,58.77,2.0,0,1,1,0.036,0.958,0.967
14.67,25.94,66.06,143.31,14.73,50.32,63.97,70.66,6.87,-0.04,17163.2,71.6,2.65,185235.0,53.99,2.13,0,1,1,0.043,0.575,0.956
1.65,2.56,5.14,6.37,0.38,0.6,34.64,38.24,4.75,-0.396,8202.9,138.4,5.0,100956.0,75.0,1.03,0,0,0,0.0,0.001,0.0
34.0,94.01,198.98,322.36,39.12,82.39,85.22,99.5,8.26,0.507,20751.2,164.8,3.02,83696.0,0.92,0.63,1,1,1,0.999,1.0,1.0
16.5,32.64,69.76,100.5,19.76,44.53,60.17,68.07,6.81,0.032,13707.3,109.2,3.45,145568.0,58.74,1.55,0,1,0,0.034,0.563,0.48
5.39,26.58,56.97,103.63,26.12,54.52,57.85,65.98,6.44,-0.005,11482.3,112.2,0.9,155149.0,62.59,1.14,0,0,1,0.006,0.42,0.547
5.05,29.1,51.77,123.3,26.33,46.2,53.84,66.64,7.83,0.063,17083.0,50.5,3.01,212553.0,61.38,2.04,0,1,1,0.051,0.846,0.843
0.77,0.87,2.62,18.38,0.54,0.98,25.36,32.52,5.46,-0.329,11675.1,99.9,2.95,185927.0,75.0,1.69,0,0,0,0.0,0.001,0.001
11.59,28.72,64.0,131.95,23.92,64.28,61.66,70.68,6.89,0.057,14481.0,112.2,2.94,125979.0,53.96,0.86,0,1,1,0.038,0.776,0.893
0.3,2.41,4.2,43.47,1.16,12.4,38.09,46.78,7.01,-0.302,13794.5,70.2,4.46,214616.0,75.0,1.23,0,0,0,0.001,0.047,0.011
1.76,4.93,7.63,14.66,1.5,2.71,23.29,30.42,6.25,-0.349,15423.5,74.0,0.94,179679.0,75.0,1.68,0,0,0,0.0,0.005,0.001
2.82,6.77,13.24,20.05,0.15,4.17,37.78,40.65,6.85,-0.366,12171.5,89.7,1.32,145413.0,75.0,1.87,0,0,0,0.0,0.021,0.001
0.56,5.67,11.73,13.62,1.84,5.97,33.31,39.01,6.29,-0.396,14574.7,37.9,0.58,238076.0,75.0,2.41,0,0,0,0.0,0.008,0.002
12.39,29.12,50.96,92.76,25.36,40.92,48.58,57.35,6.16,-0.18,12723.7,81.7,2.76,178139.0,75.0,1.96,0,0,0,0.001,0.183,0.203
15.13,32.08,75.17,155.03,23.27,50.64,65.14,80.18,7.25,0.012,15453.2,65.7,2.81,184564.0,36.47,1.33,0,1,1,0.392,0.901,0.957
0.77,1.34,1.76,12.14,3.27,4.34,34.18,41.53,5.74,-0.227,9259.9,82.5,3.99,155795.0,75.0,1.79,0,0,0,0.0,0.004,0.001
0.65,2.68,12.22,14.01,0.54,9.32,38.91,46.79,6.17,-0.265,13297.1,52.4,4.26,217036.0,75.0,2.32,0,0,0,0.0,0.017,0.003
20.99,82.23,170.6,281.26,46.39,133.41,82.31,99.5,8.22,0.398,18497.6,164.1,0.5,97686.0,0.92,0.12,1,1,1,0.996,1.0,1.0
0.22,0.87,3.75,10.07,1.71,10.59,33.3,42.75,5.76,-0.335,10321.1,121.1,5.56,143489.0,75.0,1.4,0,0,0,0.0,0.005,0.001
2.99,3.64,5.08,7.2,5.26,7.03,33.18,33.89,6.21,-0.22,10611.3,133.5,3.33,120687.0,75.0,0.93,0,0,0,0.0,0.004,0.0
10.85,32.49,62.88,98.87,18.76,52.67,56.55,62.38,6.49,0.086,11076.0,149.4,3.65,107867.0,69.22,1.66,0,0,0,0.003,0.337,0.224
37.98,98.79,155.95,260.29,55.67,144.09,84.31,99.5,8.07,0.524,18510.5,107.3,2.56,150863.0,0.92,0.69,1,1,1,0.999,1.0,1.0
21.18,57.87,146.47,270.32,35.44,105.59,81.26,99.5,8.6,0.355,22918.0,47.6,0.89,201430.0,0.92,2.6,1,1,1,0.998,1.0,1.0
44.36,104.6,181.55,327.75,37.45,100.24,80.26,99.5,8.93,0.572,22150.0,112.9,7.37,123230.0,0.92,1.14,1,1,1,1.0,1.0,1.0
0.9,2.66,12.81,16.96,0.12,8.8,35.91,43.58,5.71,-0.4,9443.2,120.1,6.02,132842.0,75.0,0.67,0,0,0,0.0,0.004,0.0
25.43,75.59,157.44,315.51,48.73,113.36,78.94,99.5,8.02,0.367,19424.3,143.1,5.07,105884.0,0.92,0.67,1,1,1,0.998,1.0,1.0
1.05,9.89,16.7,18.92,3.25,9.69,30.72,37.47,5.87,-0.386,13207.1,97.6,5.79,175656.0,75.0,1.56,0,0,0,0.0,0.002,0.001
1.41,4.08,6.41,18.73,2.68,3.13,26.72,37.38,6.25,-0.45,11967.4,53.5,0.5,227161.0,75.0,2.42,0,0,0,0.0,0.004,0.002
8.35,19.64,59.88,123.88,19.02,58.8,57.18,67.55,6.83,-0.219,15354.3,76.1,0.84,197700.0,59.7,2.3,0,0,1,0.007,0.315,0.894
14.32,37.85,55.15,110.61,24.13,45.36,57.96,67.62,6.69,0.018,13975.1,87.6,0.5,170619.0,59.59,2.05,0,1,1,0.034,0.615,0.719
0.48,1.83,8.16,16.32,1.36,3.33,31.98,38.17,6.03,-0.294,10812.0,128.7,2.88,104901.0,75.0,0.74,0,0,0,0.0,0.003,0.0
0.31,6.72,8.25,18.31,0.32,2.32,31.01,30.1,6.11,-0.45,10907.2,117.8,4.46,144866.0,75.0,1.53,0,0,0,0.0,0.002,0.001
42.6,117.41,189.12,281.44,41.01,99.0,84.06,99.5,9.02,0.712,23271.4,86.6,3.19,183917.0,0.92,1.75,1,1,1,1.0,1.0,1.0
36.11,90.96,187.07,323.17,38.8,121.93,88.9,99.5,7.99,0.484,15746.9,178.0,6.71,30518.0,0.92,0.13,1,1,1,0.999,0.999,1.0
16.02,34.19,77.02,146.17,21.91,64.09,61.33,71.28,6.83,0.003,11726.1,122.8,1.18,120080.0,52.84,1.05,0,1,1,0.047,0.713,0.812
12.8,29.66,55.35,129.5,12.45,41.66,60.0,64.67,7.15,-0.13,16573.9,69.4,3.43,186357.0,65.0,1.67,0,1,1,0.015,0.724,0.728
33.44,90.63,179.74,300.2,38.99,126.12,80.19,99.5,9.28,0.488,25520.8,49.8,1.96,222065.0,0.92,2.17,1,1,1,1.0,1.0,1.0
36.44,105.77,172.33,303.29,55.0,116.08,81.87,99.5,9.66,0.349,24247.8,57.2,2.76,199352.0,0.92,1.84,1,1,1,1.0,1.0,1.0
15.56,23.6,56.45,117.13,20.68,54.58,58.62,69.8,6.81,-0.006,14209.3,70.7,0.5,194631.0,55.56,1.55,0,0,1,0.017,0.439,0.713
0.22,3.11,4.74,11.96,0.81,3.06,34.04,35.33,5.78,-0.383,13845.8,58.3,2.37,206883.0,75.0,2.18,0,0,0,0.0,0.003,0.001
1.17,5.72,8.36,13.05,1.34,5.42,34.63,41.44,5.15,-0.438,12738.3,62.1,0.85,203150.0,75.0,2.17,0,0,0,0.0,0.001,0.001
9.51,24.55,56.44,101.14,14.18,33.39,49.11,59.78,7.46,-0.132,14085.9,76.3,2.13,177648.0,74.0,1.72,0,1,0,0.008,0.515,0.471
0.52,0.65,4.15,6.47,0.95,2.05,34.31,38.58,6.96,-0.355,13137.0,60.1,2.68,198248.0,75.0,2.42,0,0,0,0.0,0.046,0.001
1.19,5.94,9.96,19.34,2.21,2.32,37.76,41.76,4.65,-0.421,5275.8,165.0,6.05,65759.0,75.0,0.44,0,0,0,0.0,0.0,0.0
6.6,16.21,34.16,77.18,20.64,39.08,38.27,47.28,7.29,-0.171,16156.2,46.6,0.92,229740.0,75.0,2.11,0,0,0,0.003,0.261,0.316
3.28,8.1,22.35,22.87,3.81,9.51,35.01,43.21,6.4,-0.215,11381.5,111.1,3.9,155302.0,75.0,1.48,0,0,0,0.0,0.011,0.001
42.55,98.67,195.94,280.05,32.66,79.17,88.81,99.5,9.19,0.491,24258.2,94.5,0.7,155032.0,0.92,1.48,1,1,1,1.0,1.0,1.0
2.96,3.11,3.54,35.52,0.23,7.36,43.24,47.2,5.83,-0.276,8494.2,177.4,9.5,89876.0,75.0,0.36,0,0,0,0.0,0.006,0.001
15.26,23.95,39.6,96.32,29.94,71.31,55.79,61.17,6.65,-0.031,15659.8,51.2,1.6,213786.0,71.44,1.38,0,1,1,0.009,0.729,0.888
27.75,78.2,151.48,290.21,41.94,90.07,86.93,99.5,8.66,0.451,22130.3,92.7,5.11,191726.0,0.92,1.55,1,1,1,0.998,1.0,1.0
14.71,30.5,47.8,117.3,21.71,51.39,58.85,71.75,6.37,0.038,9610.5,175.6,4.48,59680.0,51.98,0.1,0,0,0,0.031,0.418,0.291
13.75,30.34,64.8,138.17,22.27,57.06,54.87,64.65,6.17,-0.065,9861.0,160.5,4.1,57003.0,65.05,0.21,0,0,0,0.003,0.172,0.453
12.98,30.01,50.17,96.95,23.86,51.63,56.41,69.48,6.23,-0.059,10033.3,153.5,3.26,101862.0,56.15,0.28,0,0,0,0.011,0.338,0.273
30.15,95.52,145.86,280.18,47.12,107.84,87.01,99.5,8.97,0.514,21087.8,72.4,3.68,196853.0,0.92,1.52,1,1,1,1.0,1.0,1.0
58.62,138.99,279.08,473.88,81.87,215.66,83.22,99.5,10.11,0.686,29418.4,59.8,1.33,208781.0,0.92,1.85,1,1,1,1.0,1.0,1.0
10.9,32.43,66.63,106.11,15.54,32.92,54.72,69.42,7.15,-0.058,13668.9,132.0,6.15,112023.0,56.27,0.84,0,1,0,0.028,0.521,0.191
43.64,114.11,169.19,295.12,63.61,144.71,84.86,99.5,8.37,0.666,18011.0,169.8,4.77,75770.0,0.92,0.65,1,1,1,1.0,1.0,1.0
0.81,1.5,2.81,18.8,3.03,5.67,27.74,29.33,5.46,-0.419,8902.9,115.7,0.5,133454.0,75.0,1.28,0,0,0,0.0,0.002,0.0
23.02,95.38,196.06,287.31,31.99,101.46,81.13,99.5,8.93,0.294,21127.9,117.9,2.92,134004.0,0.92,0.62,1,1,1,0.998,1.0,1.0
56.37,143.36,261.21,534.68,101.51,190.62,84.26,99.5,9.26,0.694,29684.7,75.6,1.04,201908.0,0.92,1.82,1,1,1,1.0,1.0,1.0
16.4,36.01,60.77,134.33,21.96,62.42,54.29,65.5,6.24,-0.051,10241.8,146.6,5.22,106871.0,63.47,0.87,0,0,1,0.004,0.281,0.504
31.73,86.76,154.22,265.23,49.87,141.96,87.05,99.5,8.84,0.369,21756.6,62.1,0.84,214604.0,0.92,1.89,1,1,1,0.999,1.0,1.0
12.8,23.31,38.52,111.07,17.29,41.74,47.7,62.14,6.91,-0.081,13796.2,81.9,4.23,178202.0,69.67,1.68,0,0,1,0.007,0.323,0.622
1.94,9.2,14.72,17.01,0.99,5.98,41.38,45.35,6.61,-0.302,14298.7,96.7,3.23,158844.0,75.0,1.55,0,0,0,0.0,0.03,0.002
42.67,117.62,198.31,344.11,31.63,87.35,82.81,99.5,9.05,0.523,22610.5,108.6,3.45,132374.0,0.92,1.55,1,1,1,1.0,1.0,1.0
9.83,34.41,49.52,94.92,28.61,52.81,50.33,59.68,7.45,-0.044,15320.1,70.1,3.28,190270.0,74.18,1.4,0,1,0,0.01,0.881,0.464
7.93,28.34,65.7,119.31,28.94,50.02,65.0,73.94,6.46,0.064,13714.8,51.7,2.7,168202.0,47.95,2.06,0,1,1,0.03,0.748,0.71
16.87,37.72,63.76,134.11,12.66,31.59,63.66,70.55,6.65,0.017,11760.3,123.5,4.28,122899.0,54.19,1.56,0,0,0,0.036,0.386,0.496
43.25,82.04,132.28,243.41,33.63,121.1,84.7,99.5,8.29,0.564,21931.7,76.9,1.62,186550.0,0.92,2.2,1,1,1,1.0,1.0,1.0
43.07,97.36,172.89,296.02,37.92,94.3,82.76,99.5,8.79,0.539,20465.3,119.3,0.5,145320.0,0.92,1.42,1,1,1,1.0,1.0,1.0
0.13,1.61,5.39,37.34,2.69,7.18,37.41,45.58,6.58,-0.381,13100.3,57.4,1.3,207111.0,75.0,2.21,0,0,0,0.0,0.021,0.007
9.0,32.1,75.51,152.13,10.78,43.91,68.35,76.98,6.91,0.061,16061.7,104.8,2.5,159497.0,42.36,1.87,0,1,1,0.055,0.771,0.958
70.73,158.43,357.75,538.52,70.83,189.56,82.36,99.5,9.94,0.703,31005.9,112.2,4.14,112633.0,0.92,1.84,1,1,1,1.0,1.0,1.0
9.2,32.91,61.11,111.62,22.52,39.95,52.91,61.28,6.55,-0.157,17009.1,42.5,1.22,228130.0,71.25,2.23,0,0,1,0.004,0.422,0.746
75.27,191.37,344.04,617.83,88.97,224.59,84.59,99.5,10.24,0.805,30490.4,83.8,3.97,154238.0,0.92,1.38,1,1,1,1.0,1.0,1.0
43.11,104.76,180.67,262.65,55.49,148.56,86.47,99.5,8.44,0.505,22454.1,54.5,1.31,196487.0,0.92,2.01,1,1,1,1.0,1.0,1.0
11.11,24.89,55.47,121.89,10.01,51.63,47.27,55.51,6.71,-0.197,17770.6,44.2,1.5,224165.0,75.0,3.17,0,0,1,0.002,0.207,0.819
2.61,4.56,5.08,18.45,0.3,2.78,30.2,36.81,5.04,-0.45,6765.5,178.5,9.5,84891.0,75.0,0.1,0,0,0,0.0,0.001,0.0
0.12,2.34,3.87,25.21,3.22,25.92,29.34,36.0,6.3,-0.405,12802.9,81.7,3.36,187479.0,75.0,1.56,0,0,0,0.0,0.005,0.008
8.35,17.4,45.69,79.86,13.57,46.49,47.92,57.92,5.95,-0.147,8611.2,152.4,5.17,97355.0,75.0,0.27,0,0,0,0.0,0.029,0.085
12.7,21.43,49.72,106.23,15.36,56.52,52.7,66.05,6.93,-0.007,16230.8,71.9,1.74,193400.0,62.46,1.88,0,1,1,0.01,0.512,0.768
24.03,69.18,128.6,217.93,60.76,116.05,85.84,99.5,7.71,0.405,16384.9,133.8,3.16,108714.0,0.92,0.6,1,1,1,0.99,1.0,1.0
38.06,90.18,178.33,332.59,59.56,103.36,85.1,99.5,7.78,0.559,17379.8,145.2,2.86,97561.0,0.92,0.76,1,1,1,0.999,1.0,1.0
2.24,3.74,5.47,18.86,6.0,6.35,26.89,35.94,5.47,-0.426,11279.5,121.4,3.07,140769.0,75.0,0.55,0,0,0,0.0,0.001,0.001
39.2,82.34,155.15,305.06,49.1,92.81,83.56,99.5,7.2,0.543,17704.5,103.4,5.02,135165.0,0.92,1.58,1,1,1,0.997,1.0,1.0
11.6,33.03,63.89,102.24,18.9,61.63,54.47,64.89,7.16,-0.048,16623.6,94.7,2.94,175235.0,64.6,1.89,0,1,1,0.018,0.652,0.805
1.29,4.56,10.73,11.87,1.74,3.39,38.82,47.4,6.34,-0.284,11660.3,85.6,0.92,171469.0,75.0,1.53,0,0,0,0.0,0.007,0.001
6.81,18.26,56.69,94.76,16.25,39.79,50.56,59.84,6.03,-0.153,9749.2,169.8,9.5,88645.0,73.9,0.41,0,0,0,0.0,0.066,0.037
21.22,74.7,170.66,252.43,33.94,113.55,84.31,99.5,9.31,0.294,21345.7,155.4,6.34,107889.0,0.92,0.6,1,1,1,0.998,1.0,1.0
12.72,32.88,54.78,124.97,19.6,52.91,60.66,68.73,5.87,-0.003,9146.4,174.9,1.69,44989.0,57.53,0.43,0,0,0,0.003,0.105,0.264
0.12,0.69,6.63,9.67,0.19,3.38,30.75,36.2,6.32,-0.419,14578.7,53.0,1.43,207649.0,75.0,2.1,0,0,0,0.0,0.006,0.001
12.12,30.46,64.01,119.02,19.88,62.6,64.28,73.88,6.86,0.078,12252.7,141.0,5.22,97996.0,48.06,1.09,0,1,1,0.043,0.638,0.689
0.92,3.32,4.56,29.14,0.05,2.9,36.03,46.48,5.3,-0.211,5255.1,171.1,9.5,47538.0,75.0,0.8,0,0,0,0.0,0.001,0.0
9.99,28.26,54.06,119.95,10.41,37.58,57.12,70.33,6.82,-0.073,14381.4,61.3,0.92,190977.0,54.6,1.75,0,1,1,0.018,0.512,0.701
2.14,2.86,3.07,11.31,7.5,7.74,31.92,41.59,6.52,-0.358,15257.8,44.6,2.35,263048.0,75.0,2.14,0,0,0,0.0,0.045,0.006
21.75,80.56,145.56,258.38,59.07,110.0,83.59,99.5,7.98,0.549,18172.9,142.5,8.57,118188.0,0.92,1.11,1,1,1,0.997,1.0,1.0
1.52,3.28,12.69,56.02,1.33,4.4,37.29,43.71,6.45,-0.45,12589.1,118.3,2.8,166801.0,75.0,0.75,0,0,0,0.0,0.007,0.004
14.7,28.11,49.92,128.15,18.65,33.7,59.84,65.49,5.99,-0.119,10624.1,157.1,4.71,103958.0,63.5,0.1,0,0,0,0.002,0.081,0.179
2.18,4.47,5.21,5.58,0.69,9.89,30.2,37.97,5.22,-0.261,13407.3,55.3,0.9,202552.0,75.0,2.15,0,0,0,0.0,0.003,0.002
82.34,171.0,356.23,558.09,92.72,199.47,86.7,99.5,10.04,1.122,32551.2,150.3,4.71,93897.0,0.92,0.87,1,1,1,1.0,1.0,1.0
11.71,24.7,41.54,78.5,15.81,60.1,48.13,59.08,7.6,0.042,15771.0,64.2,2.21,211743.0,75.0,1.74,0,1,1,0.015,0.701,0.738
44.14,112.25,176.2,291.53,45.39,106.68,84.63,99.5,8.94,0.612,22186.1,58.7,2.75,216086.0,0.92,1.86,1,1,1,1.0,1.0,1.0
21.12,77.5,131.87,276.03,54.2,113.6,84.19,99.5,7.81,0.323,20998.6,58.8,3.21,200758.0,0.92,1.8,1,1,1,0.987,1.0,1.0
36.18,80.5,146.41,251.55,57.9,109.48,82.27,99.5,7.94,0.486,15838.7,153.1,3.3,73614.0,0.92,0.42,1,1,1,0.998,1.0,1.0
34.07,77.09,144.19,243.03,52.58,121.55,82.46,99.5,8.41,0.519,20227.5,131.5,0.5,171572.0,0.92,1.2,1,1,1,0.999,1.0,1.0
1.53,2.15,2.19,15.88,0.24,1.23,39.46,41.73,5.3,-0.245,7988.2,110.8,3.84,144869.0,75.0,0.93,0,0,0,0.0,0.001,0.0
8.97,29.67,63.45,102.66,21.96,58.2,50.8,61.33,6.49,-0.04,15420.7,87.0,3.51,170677.0,71.14,1.55,0,0,1,0.002,0.436,0.882
0.59,1.3,5.84,17.17,0.16,4.01,32.94,35.81,4.84,-0.45,6804.6,162.2,6.4,87067.0,75.0,0.28,0,0,0,0.0,0.0,0.0
32.21,97.35,158.79,259.45,49.02,115.51,86.27,99.5,8.21,0.374,20944.9,91.9,2.68,166074.0,0.92,1.12,1,1,1,0.999,1.0,1.0
60.45,175.22,336.04,575.48,67.66,205.98,83.05,99.5,10.61,0.773,30542.3,153.4,5.71,97753.0,0.92,0.94,1,1,1,1.0,1.0,1.0
63.46,135.49,266.59,410.2,82.84,188.91,84.57,99.5,9.72,0.67,27796.4,98.7,6.15,180895.0,0.92,1.31,1,1,1,1.0,1.0,1.0
5.25,10.33,17.31,25.66,3.29,4.38,37.83,44.15,5.8,-0.415,11961.2,89.7,3.75,170543.0,75.0,1.65,0,0,0,0.0,0.006,0.001
12.29,26.97,47.11,80.74,21.16,39.09,47.37,54.3,6.11,-0.038,12355.1,102.1,2.89,140053.0,75.0,0.96,0,0,0,0.001,0.063,0.083
14.33,38.0,57.86,111.41,24.78,48.38,56.09,67.18,6.96,0.04,15108.4,78.7,2.05,183136.0,60.4,1.52,0,1,1,0.066,0.73,0.718
3.04,8.53,8.96,9.3,7.5,18.47,28.98,38.53,5.18,-0.208,7761.2,143.4,4.58,100950.0,75.0,1.05,0,0,0,0.0,0.002,0.001
0.66,0.79,4.65,8.81,5.52,11.06,33.07,40.97,5.87,-0.258,10855.4,107.9,6.96,171885.0,75.0,2.11,0,0,0,0.0,0.006,0.001
13.44,26.28,62.32,106.78,10.75,41.01,55.06,61.35,7.41,-0.087,19101.7,68.7,2.18,215162.0,71.11,1.3,0,1,1,0.008,0.67,0.766
64.55,180.33,368.24,557.86,82.47,200.11,84.5,99.5,9.88,0.811,30305.4,165.4,5.73,83087.0,0.92,0.45,1,1,1,1.0,1.0,1.0
9.21,29.85,60.52,136.21,23.01,44.36,56.46,67.66,6.07,-0.091,14352.7,90.7,2.39,152022.0,59.5,1.7,0,0,1,0.005,0.349,0.789
7.14,21.47,46.88,97.24,13.67,58.02,39.17,50.42,6.53,-0.321,12008.1,113.8,6.23,125033.0,75.0,1.06,0,0,0,0.001,0.088,0.234
6.89,25.99,41.38,91.73,16.18,42.64,54.33,60.28,5.79,-0.016,9533.9,166.4,9.5,80501.0,73.09,0.75,0,0,0,0.001,0.071,0.065
11.48,29.68,62.19,123.72,26.89,68.49,55.09,65.42,7.12,-0.039,13891.7,125.5,5.41,134427.0,63.63,0.82,0,1,1,0.027,0.745,0.793
74.49,149.23,345.74,618.38,95.59,216.98,87.29,99.5,11.27,0.999,34000.0,52.0,1.9,212040.0,0.92,2.18,1,1,1,1.0,1.0,1.0
8.26,29.12,70.45,133.71,22.58,43.37,64.01,73.29,6.1,0.019,12400.2,171.3,6.11,67267.0,49.14,0.27,0,1,0,0.006,0.532,0.445
0.53,3.74,3.81,16.11,2.91,4.34,34.72,38.5,5.39,-0.335,7738.3,126.0,0.5,119887.0,75.0,1.44,0,0,0,0.0,0.001,0.0
5.99,27.92,47.17,95.71,24.15,63.65,56.78,61.92,6.58,-0.061,14239.5,83.6,4.05,179376.0,70.06,1.47,0,0,1,0.002,0.338,0.622
79.5,181.32,334.15,592.91,88.15,214.45,84.88,99.5,10.19,0.926,31603.6,55.2,2.07,178025.0,0.92,1.98,1,1,1,1.0,1.0,1.0
10.64,24.98,54.4,102.64,16.87,61.68,59.38,70.25,5.65,-0.01,11500.4,150.1,6.41,83320.0,54.74,1.01,0,0,1,0.003,0.107,0.508
9.37,21.73,47.35,106.89,28.22,66.86,55.98,61.26,6.05,-0.06,10604.9,124.9,2.77,120702.0,71.28,0.78,0,0,1,0.003,0.235,0.549
2.22,7.11,17.24,20.46,1.23,2.93,38.97,43.39,5.85,-0.2,12647.9,112.4,3.15,163290.0,75.0,1.29,0,0,0,0.0,0.006,0.001
0.58,3.22,5.27,16.77,0.96,2.27,28.75,35.9,5.84,-0.338,6939.2,164.6,4.54,70255.0,75.0,0.1,0,0,0,0.0,0.001,0.0
28.83,95.98,182.04,339.96,59.14,125.86,87.18,99.5,9.02,0.435,19873.6,149.3,7.97,103491.0,0.92,0.41,1,1,1,1.0,1.0,1.0
0.33,3.13,8.32,15.81,0.52,3.37,33.06,34.44,6.24,-0.426,14914.1,57.0,1.61,215007.0,75.0,2.17,0,0,0,0.0,0.014,0.001
0.35,7.38,11.35,15.49,0.49,4.9,28.79,40.64,5.65,-0.351,12496.3,80.2,5.81,203229.0,75.0,1.43,0,0,0,0.0,0.003,0.002
14.2,32.35,65.78,125.98,17.2,60.32,56.49,70.12,7.28,-0.026,19008.9,71.0,3.04,213702.0,54.97,1.69,0,1,1,0.082,0.795,0.977
64.17,135.39,276.74,434.98,78.17,206.83,82.55,99.5,9.14,0.709,25553.1,142.9,1.72,107691.0,0.92,0.98,1,1,1,1.0,1.0,1.0
0.03,5.13,8.9,13.1,0.75,2.94,36.47,40.77,5.86,-0.362,14598.2,39.9,1.3,225033.0,75.0,2.13,0,0,0,0.0,0.003,0.002
26.2,61.38,112.97,221.59,34.35,75.58,83.64,96.08,7.86,0.38,16125.4,117.6,2.74,128882.0,7.21,1.44,1,1,1,0.99,0.998,0.999
2.35,3.15,5.95,8.32,0.1,4.88,40.12,45.68,5.57,-0.221,8874.3,145.6,0.5,101716.0,75.0,0.86,0,0,0,0.0,0.006,0.0
23.12,59.15,144.39,225.46,45.27,101.16,86.77,99.5,7.66,0.287,14865.4,162.1,9.5,78932.0,0.92,0.69,1,1,1,0.987,0.998,1.0
57.78,128.01,324.8,537.18,88.63,221.92,81.8,99.5,10.39,0.724,32957.2,84.6,4.03,186782.0,0.92,2.04,1,1,1,1.0,1.0,1.0
1.92,4.26,10.0,17.15,0.93,6.99,30.6,39.55,6.02,-0.3,8404.3,154.1,6.87,101406.0,75.0,0.77,0,0,0,0.0,0.002,0.0
2.41,2.78,5.91,19.72,0.17,9.46,37.71,40.68,6.67,-0.399,14529.8,51.0,1.94,227627.0,75.0,2.6,0,0,0,0.0,0.012,0.015
0.88,3.47,4.26,7.94,0.26,1.33,30.92,36.07,5.6,-0.411,8878.3,157.7,1.6,109607.0,75.0,0.89,0,0,0,0.0,0.001,0.0
32.31,100.66,182.68,282.24,31.56,105.77,87.6,99.5,9.17,0.53,25216.9,53.5,1.41,243760.0,0.92,1.95,1,1,1,1.0,1.0,1.0
0.65,11.05,17.1,36.93,0.02,5.29,39.0,47.94,5.62,-0.282,13646.9,92.6,4.64,170742.0,75.0,1.94,0,0,0,0.0,0.017,0.007
0.26,2.46,4.84,15.01,0.29,2.42,30.14,38.56,5.56,-0.45,8647.5,150.6,2.42,115763.0,75.0,0.8,0,0,0,0.0,0.001,0.0
0.05,0.15,4.44,40.8,3.0,5.22,37.84,48.26,6.68,-0.219,13808.3,56.7,0.5,206639.0,75.0,1.94,0,0,0,0.001,0.035,0.003
5.73,14.49,34.23,113.02,17.97,58.28,49.09,55.4,6.52,-0.157,13786.4,68.2,2.11,215885.0,75.0,1.98,0,0,1,0.001,0.219,0.725
1.47,3.79,15.6,18.75,1.21,8.22,42.83,47.05,6.44,-0.405,9501.6,139.7,4.53,128251.0,75.0,1.21,0,0,0,0.0,0.008,0.001
33.79,78.65,141.19,281.42,30.45,120.73,85.93,99.5,7.61,0.414,19437.3,139.4,5.22,127840.0,0.92,1.02,1,1,1,0.995,0.998,1.0
20.46,80.7,166.98,293.26,46.6,133.49,83.37,99.5,8.26,0.34,21782.8,128.0,6.16,127851.0,0.92,1.59,1,1,1,0.994,1.0,1.0
13.57,34.86,53.33,85.82,10.57,29.99,52.23,59.58,6.12,-0.026,11979.5,135.6,6.3,107228.0,74.38,1.26,0,0,0,0.002,0.098,0.06
13.67,30.07,67.64,107.22,17.34,58.99,60.0,68.79,6.69,0.109,13014.3,113.7,4.51,122648.0,57.42,1.4,0,1,1,0.053,0.562,0.514
17.16,40.83,80.38,144.79,28.27,64.7,55.8,71.61,6.93,0.013,15984.2,71.5,4.04,193586.0,52.25,1.54,0,1,1,0.046,0.844,0.967
43.85,79.84,185.14,309.6,33.91,85.73,83.7,99.5,8.6,0.548,25363.5,85.1,0.65,200844.0,0.92,1.6,1,1,1,1.0,1.0,1.0
16.08,32.68,77.17,113.04,18.25,43.21,59.63,69.33,7.28,0.126,17798.9,61.3,2.7,201754.0,56.44,2.02,0,1,1,0.086,0.91,0.909
11.71,30.48,65.33,95.39,11.78,27.83,49.77,55.29,6.21,-0.022,8702.0,166.7,7.72,91707.0,75.0,0.7,0,0,0,0.002,0.042,0.03
16.24,29.57,55.58,108.1,26.99,42.41,56.05,66.19,6.72,0.005,11493.5,119.6,1.52,149149.0,62.2,1.35,0,1,0,0.029,0.646,0.434
22.97,85.37,193.21,324.63,39.14,107.73,84.95,99.5,8.56,0.333,23631.9,93.1,0.74,163997.0,0.92,1.59,1,1,1,0.998,1.0,1.0
4.43,6.3,8.17,13.98,6.82,11.27,36.65,43.32,5.75,-0.238,10809.3,102.0,2.2,177356.0,75.0,1.45,0,0,0,0.0,0.006,0.002
1.39,2.05,5.33,10.63,0.55,8.46,37.44,43.27,4.49,-0.45,3477.9,172.4,3.98,29543.0,75.0,0.63,0,0,0,0.0,0.0,0.0
0.58,1.41,12.15,14.79,2.74,6.44,35.44,45.72,5.72,-0.298,12670.2,57.2,2.78,192976.0,75.0,1.8,0,0,0,0.0,0.011,0.002
16.97,39.11,75.27,121.0,19.91,63.25,56.98,68.81,7.01,0.058,14009.9,120.0,2.87,122262.0,57.39,1.67,0,1,1,0.037,0.709,0.728
5.3,26.81,49.36,88.61,14.64,31.44,44.22,58.59,6.19,-0.179,14349.9,108.4,2.12,137680.0,75.0,0.71,0,0,0,0.001,0.161,0.134
17.9,40.68,71.32,137.07,21.13,60.48,54.14,65.0,6.89,0.075,13031.6,123.7,2.97,136651.0,64.41,1.54,0,1,1,0.056,0.52,0.804
15.98,27.94,56.73,118.47,29.57,65.05,60.59,69.83,8.24,0.146,18373.2,37.6,2.07,239199.0,55.52,2.32,0,1,1,0.333,0.988,0.967
42.44,111.29,196.21,347.7,43.21,104.07,82.59,99.5,8.26,0.492,18822.5,161.5,5.69,92160.0,0.92,0.87,1,1,1,1.0,1.0,1.0
1.82,2.18,3.64,14.9,1.09,10.98,27.23,32.78,5.33,-0.45,6597.8,170.2,5.41,84753.0,75.0,0.55,0,0,0,0.0,0.0,0.0
17.46,34.0,65.18,131.41,19.15,39.85,60.22,69.7,6.99,0.125,13315.8,116.9,3.86,125415.0,55.76,1.3,0,1,1,0.135,0.815,0.564
14.71,35.25,57.6,129.25,22.27,44.36,62.08,65.03,6.15,-0.11,11164.1,136.0,7.92,98510.0,64.34,1.09,0,0,0,0.006,0.194,0.275
13.48,25.45,48.4,120.81,28.59,51.3,53.03,62.63,6.04,-0.069,8400.3,168.8,3.63,83430.0,68.76,0.7,0,0,0,0.002,0.156,0.133
17.06,29.12,47.64,80.55,14.84,41.4,51.29,58.23,6.42,0.146,11635.6,137.5,8.07,105487.0,75.0,0.81,0,0,0,0.01,0.255,0.132
43.19,87.88,159.8,298.54,40.57,118.21,84.11,99.5,8.5,0.593,23045.4,57.1,2.22,187901.0,0.92,2.37,1,1,1,1.0,1.0,1.0
0.68,1.23,6.52,6.85,0.69,2.23,34.42,39.45,5.21,-0.371,13362.3,118.6,3.81,152296.0,75.0,0.85,0,0,0,0.0,0.002,0.0
31.46,93.65,171.21,298.76,50.85,111.38,84.5,99.5,8.1,0.322,21552.0,123.0,9.5,153358.0,0.92,1.11,1,1,1,0.998,1.0,1.0
43.35,116.58,201.49,287.23,47.19,97.33,83.52,99.5,8.67,0.387,25058.4,96.5,1.54,187559.0,0.92,1.74,1,1,1,1.0,1.0,1.0
11.28,22.49,58.6,92.62,29.07,49.93,52.63,62.51,6.69,0.035,12430.7,141.8,4.06,112664.0,68.98,1.14,0,1,0,0.009,0.588,0.218
36.52,108.19,173.07,327.81,43.6,136.43,87.69,99.5,7.18,0.418,16570.2,170.5,2.18,84809.0,0.92,0.57,1,1,1,0.993,0.993,1.0
17.63,28.83,68.76,108.43,14.53,32.05,54.74,63.55,6.96,0.026,10464.4,169.2,8.82,97499.0,67.07,0.34,0,0,0,0.024,0.186,0.065
7.03,25.78,54.26,123.81,16.64,60.7,56.58,70.09,7.43,0.073,13424.6,100.4,6.56,149933.0,55.03,1.71,0,1,1,0.094,0.793,0.895
46.99,120.77,293.89,558.15,99.78,218.96,83.51,99.5,10.26,0.576,30311.4,51.4,3.35,234957.0,0.92,1.94,1,1,1,1.0,1.0,1.0
0.38,0.41,3.26,11.01,0.84,3.86,31.01,39.11,4.77,-0.39,5157.6,177.8,9.5,70769.0,75.0,0.86,0,0,0,0.0,0.0,0.0
1.57,4.58,5.81,16.37,0.32,0.78,34.15,37.45,4.5,-0.3,7714.7,156.6,4.93,105737.0,75.0,0.61,0,0,0,0.0,0.0,0.0
1.85,4.81,10.65,12.64,4.92,5.42,28.43,35.69,6.74,-0.259,15127.5,53.1,1.51,219100.0,75.0,1.65,0,0,0,0.0,0.037,0.002
16.31,30.3,48.46,92.8,13.63,43.35,50.83,57.26,5.88,0.025,10998.2,168.5,0.83,97217.0,75.0,0.11,0,0,0,0.001,0.078,0.057
3.59,4.58,8.37,35.05,1.99,3.56,42.59,47.24,5.55,-0.136,5922.1,161.1,9.5,89991.0,75.0,0.58,0,0,0,0.0,0.003,0.0
84.63,165.88,322.97,574.51,60.03,196.2,84.94,99.5,10.0,0.808,29799.7,110.2,4.79,125462.0,0.92,1.34,1,1,1,1.0,1.0,1.0
8.46,19.35,42.58,120.92,27.84,49.25,56.28,64.61,6.56,-0.027,13789.4,120.7,3.16,156897.0,65.12,1.74,0,1,1,0.01,0.59,0.748
22.93,72.49,158.03,307.4,63.81,145.13,83.32,99.5,8.0,0.478,21332.6,92.9,5.47,154361.0,0.92,1.23,1,1,1,0.997,1.0,1.0
1.1,1.48,1.79,12.66,1.55,8.1,37.91,42.1,6.72,-0.286,15910.0,42.9,0.75,247267.0,75.0,2.27,0,0,0,0.0,0.014,0.012
0.47,0.57,2.77,44.53,3.18,3.3,40.04,50.75,5.73,-0.267,12939.6,83.6,3.54,178322.0,75.0,1.36,0,0,0,0.0,0.025,0.007
2.49,4.09,5.9,11.01,1.81,4.46,34.29,41.7,5.78,-0.409,9478.3,151.4,4.83,115944.0,75.0,0.56,0,0,0,0.0,0.002,0.0
1.28,3.41,4.04,7.6,3.68,7.49,29.5,35.61,6.69,-0.432,15710.2,35.7,1.66,254216.0,75.0,2.87,0,0,0,0.0,0.02,0.007
10.83,21.93,37.16,82.76,11.1,40.57,52.16,58.47,6.45,0.032,14394.5,83.4,2.82,186423.0,75.0,1.34,0,0,0,0.002,0.161,0.196
77.87,165.0,351.29,589.93,66.26,197.83,88.84,99.5,9.79,0.922,34000.0,92.7,0.82,176347.0,0.92,1.72,1,1,1,1.0,1.0,1.0
6.97,26.1,45.38,95.01,21.33,37.84,51.2,61.57,7.07,-0.151,12043.4,112.9,4.11,150833.0,70.7,1.38,0,0,0,0.007,0.347,0.243
6.99,20.44,49.31,122.23,13.75,39.17,50.64,59.87,5.59,-0.239,8187.6,168.4,9.07,47738.0,73.85,0.46,0,0,0,0.0,0.013,0.086
11.19,24.21,57.99,100.82,25.45,55.6,51.92,64.56,6.73,0.004,14307.0,85.2,2.94,179511.0,65.22,1.81,0,1,1,0.009,0.801,0.614
0.11,2.57,5.94,10.9,0.02,0.81,31.95,37.83,6.33,-0.431,11414.7,85.3,4.18,160889.0,75.0,1.3,0,0,0,0.0,0.002,0.001
10.27,21.67,54.0,119.61,27.12,61.53,61.18,68.74,6.23,-0.01,11437.2,141.9,2.3,112243.0,57.52,1.34,0,0,0,0.008,0.338,0.41
1.4,3.75,20.68,24.31,0.62,1.09,31.84,42.74,5.79,-0.175,12194.7,100.6,3.47,142170.0,75.0,2.01,0,0,0,0.0,0.008,0.002
32.14,70.99,137.2,255.81,63.52,156.53,84.62,99.5,9.16,0.531,20433.9,67.6,1.61,181144.0,0.92,1.92,1,1,1,1.0,1.0,1.0
38.59,89.16,191.07,341.11,61.86,137.06,86.37,99.5,8.79,0.637,25252.3,100.6,4.87,183350.0,0.92,2.16,1,1,1,1.0,1.0,1.0
7.62,17.17,59.61,92.39,15.92,45.53,55.49,65.11,7.42,-0.053,15053.1,55.4,1.97,229533.0,64.19,1.96,0,1,1,0.03,0.684,0.609
5.29,28.7,52.32,83.74,29.87,54.21,51.56,61.21,6.94,-0.063,15208.3,60.6,2.87,207247.0,71.37,2.13,0,0,1,0.003,0.44,0.73
2.51,4.02,8.38,11.69,1.4,2.44,38.65,42.9,6.1,-0.194,11859.4,107.3,5.85,154056.0,75.0,1.77,0,0,0,0.0,0.019,0.001
43.78,81.21,147.7,299.14,46.8,119.81,82.55,99.5,8.11,0.517,20156.0,95.7,4.54,161388.0,0.92,1.37,1,1,1,0.999,1.0,1.0
36.29,74.13,125.19,280.22,39.5,100.42,82.63,99.5,7.68,0.506,16481.7,167.7,6.69,87365.0,0.92,0.1,1,1,1,0.998,0.999,1.0
37.05,81.5,175.49,292.15,59.98,115.3,79.96,99.5,9.37,0.461,22398.6,87.5,1.49,164803.0,0.92,1.14,1,1,1,1.0,1.0,1.0
0.27,4.73,6.31,12.68,3.16,6.69,29.55,33.8,5.86,-0.448,9377.3,119.2,4.17,151884.0,75.0,1.79,0,0,0,0.0,0.001,0.001
0.7,1.42,7.2,9.59,5.27,5.84,36.75,42.58,5.43,-0.333,11415.5,126.7,3.22,124190.0,75.0,0.9,0,0,0,0.0,0.003,0.001
15.46,30.68,51.26,101.38,14.43,33.51,49.07,59.42,6.61,-0.11,16242.0,36.9,1.06,229424.0,74.67,2.29,0,0,1,0.003,0.327,0.503
54.57,176.61,296.14,572.3,60.25,192.91,82.34,99.5,9.51,0.662,27088.6,131.2,3.71,122870.0,0.92,0.66,1,1,1,1.0,1.0,1.0
79.26,205.3,328.26,566.01,65.37,173.58,84.46,99.5,10.65,0.993,34000.0,60.8,1.06,198155.0,0.92,2.29,1,1,1,1.0,1.0,1.0
14.52,28.4,52.8,88.6,11.33,29.79,54.08,63.35,6.28,-0.018,8871.0,174.4,0.5,75704.0,67.44,0.15,0,0,0,0.004,0.096,0.024
41.89,77.33,168.91,310.4,49.88,130.07,81.58,99.5,8.55,0.503,21950.5,56.6,1.3,204072.0,0.92,1.92,1,1,1,0.999,1.0,1.0
71.09,168.42,312.87,584.65,108.6,240.7,79.71,99.5,9.52,0.92,30483.1,95.1,3.66,172883.0,0.92,1.6,1,1,1,1.0,1.0,1.0
0.26,1.75,4.49,21.52,2.2,4.74,29.78,40.11,6.23,-0.42,15541.1,47.4,0.51,241389.0,75.0,1.88,0,0,0,0.0,0.034,0.005
37.01,72.97,169.57,266.5,52.97,99.24,80.94,99.5,7.24,0.428,19098.0,179.5,6.33,53754.0,0.92,0.25,1,1,1,0.993,1.0,1.0
0.15,0.24,9.88,21.01,0.9,6.32,25.55,33.6,6.35,-0.306,10585.4,107.8,7.46,148659.0,75.0,1.75,0,0,0,0.0,0.005,0.001
1.18,3.6,6.27,6.37,0.6,1.0,34.86,41.26,4.56,-0.26,9133.7,121.3,6.48,141323.0,75.0,1.27,0,0,0,0.0,0.0,0.001
1.3,2.02,4.41,9.64,0.31,11.44,31.17,36.42,6.31,-0.394,15025.1,44.7,2.89,219791.0,75.0,2.27,0,0,0,0.0,0.017,0.004
17.13,26.57,66.39,120.81,25.47,45.01,56.66,67.16,5.79,0.199,11919.3,143.7,6.04,114472.0,60.43,0.88,0,0,0,0.016,0.315,0.408
23.31,93.94,197.81,315.08,60.46,137.17,85.47,99.5,8.82,0.334,25115.5,65.4,3.67,209807.0,0.92,1.82,1,1,1,0.998,1.0,1.0
7.41,21.0,40.08,108.78,29.71,61.1,45.24,52.04,6.27,-0.121,10677.8,165.2,3.63,97987.0,75.0,1.11,0,0,0,0.001,0.11,0.375
1.28,4.71,5.72,10.64,1.06,4.22,33.42,38.35,5.34,-0.45,13758.0,64.7,1.52,193216.0,75.0,1.7,0,0,0,0.0,0.002,0.002
2.28,3.01,5.56,22.27,0.18,2.7,26.91,31.39,6.06,-0.45,12344.4,62.6,0.5,190679.0,75.0,2.04,0,0,0,0.0,0.003,0.002
6.88,24.04,62.08,103.92,26.99,52.03,53.6,66.16,7.62,0.019,17203.9,40.3,2.27,227027.0,62.26,2.33,0,1,1,0.055,0.891,0.918
7.48,23.39,64.67,98.12,16.55,51.15,48.64,61.15,6.92,0.015,16585.3,103.4,6.49,141344.0,71.48,1.7,0,1,1,0.007,0.733,0.595
9.65,18.85,43.81,114.86,29.36,45.55,43.56,52.9,7.34,-0.158,11958.3,116.9,2.93,148185.0,75.0,1.53,0,1,0,0.004,0.51,0.206
1.01,1.29,5.85,5.95,0.03,5.28,38.0,41.37,5.22,-0.146,12468.6,44.5,1.35,209140.0,75.0,2.23,0,0,0,0.0,0.007,0.002
21.86,69.07,176.55,335.37,35.65,106.5,90.44,99.5,7.67,0.469,20452.3,147.5,3.16,138053.0,0.92,0.85,1,1,1,0.994,0.999,1.0
67.37,164.51,357.73,603.3,98.23,199.79,85.97,99.5,10.27,0.764,34000.0,100.7,4.22,178567.0,0.92,1.53,1,1,1,1.0,1.0,1.0
10.65,26.93,50.9,85.64,12.53,32.95,48.18,55.63,6.28,-0.144,12605.4,111.0,6.13,146945.0,75.0,0.6,0,0,0,0.001,0.214,0.064
25.09,69.78,135.11,251.57,47.84,104.82,87.24,99.5,8.47,0.286,20897.7,98.9,0.5,174318.0,0.92,0.98,1,1,1,0.998,1.0,1.0
81.29,184.48,365.35,634.75,68.16,182.39,88.36,99.5,10.67,0.923,33392.5,93.1,3.95,143715.0,0.92,1.36,1,1,1,1.0,1.0,1.0
10.63,24.66,39.92,110.72,12.23,57.1,52.91,64.96,6.2,-0.017,13541.0,116.1,3.49,178473.0,64.48,1.04,0,0,1,0.002,0.211,0.665
15.05,32.91,52.55,108.32,15.22,37.79,60.08,62.15,6.35,-0.012,15174.1,57.5,2.13,202135.0,69.65,1.69,0,0,1,0.007,0.265,0.601
40.74,90.96,168.01,315.44,33.07,105.78,88.54,99.5,8.53,0.556,23435.4,61.4,2.66,204537.0,0.92,2.22,1,1,1,1.0,1.0,1.0
1.04,2.42,9.5,43.86,1.25,3.38,34.81,44.97,5.77,-0.218,6964.0,160.0,5.06,60210.0,75.0,0.59,0,0,0,0.0,0.005,0.0
11.53,31.82,66.86,108.0,11.28,54.76,48.24,59.69,6.56,-0.057,11068.5,172.2,5.71,80670.0,74.16,0.35,0,0,0,0.007,0.128,0.189
26.53,87.07,186.78,290.8,52.24,98.17,91.62,99.5,8.67,0.466,22720.5,89.1,2.78,156449.0,0.92,1.22,1,1,1,0.999,1.0,1.0
4.21,4.35,6.66,15.9,3.13,3.58,33.98,36.93,5.68,-0.298,11482.2,74.3,3.9,192415.0,75.0,1.8,0,0,0,0.0,0.004,0.0
31.02,78.01,146.73,289.03,30.19,111.39,83.08,99.5,7.81,0.479,17174.6,128.4,5.46,117780.0,0.92,0.25,1,1,1,0.998,0.998,1.0
15.54,38.86,72.66,119.34,18.54,62.64,57.56,67.49,7.07,0.108,14750.8,94.3,3.67,150714.0,59.82,1.48,0,1,1,0.044,0.552,0.736
16.46,32.34,75.63,146.78,28.02,63.51,64.72,73.93,7.63,0.161,18396.7,38.7,0.5,221517.0,47.97,2.34,0,1,1,0.404,0.961,0.993
16.15,39.31,57.07,135.33,16.67,44.87,57.66,65.22,6.63,-0.068,16763.6,57.6,1.62,214216.0,64.0,2.12,0,1,1,0.008,0.626,0.83
15.29,34.6,76.39,126.42,17.47,33.42,58.6,64.92,5.83,0.156,11652.9,138.8,7.1,94198.0,64.55,0.42,0,0,0,0.014,0.151,0.142
31.57,95.53,163.6,280.62,37.68,120.18,85.18,99.5,8.03,0.471,18953.6,130.5,4.66,112115.0,0.92,1.07,1,1,1,0.997,0.999,1.0
5.79,25.78,52.15,84.23,27.07,56.7,54.8,63.64,7.6,-0.171,17770.9,38.9,1.82,243234.0,66.89,2.0,0,1,1,0.007,0.85,0.796
68.97,182.89,351.85,594.17,98.11,225.25,83.67,99.5,9.97,0.83,34000.0,67.2,4.49,238414.0,0.92,1.67,1,1,1,1.0,1.0,1.0
9.75,21.89,63.97,142.47,17.15,35.52,60.18,73.53,7.38,0.048,15940.3,68.5,3.68,204957.0,48.71,2.11,0,1,1,0.138,0.756,0.923
7.89,27.29,47.48,116.49,28.46,72.37,57.43,70.43,5.81,0.03,11718.3,132.4,4.86,107332.0,54.41,1.58,0,0,1,0.013,0.329,0.798
45.37,172.86,349.48,501.25,80.76,216.77,84.22,99.5,10.42,0.676,34000.0,37.9,0.98,229064.0,0.92,2.35,1,1,1,1.0,1.0,1.0
3.77,4.22,4.76,12.43,6.89,19.33,34.99,40.15,5.81,-0.25,12692.6,50.1,0.5,220359.0,75.0,1.91,0,0,0,0.0,0.007,0.005
25.7,73.47,177.95,316.74,64.03,153.15,80.94,99.5,7.27,0.55,18783.8,151.0,4.83,93573.0,0.92,0.77,1,1,1,0.993,1.0,1.0
0.29,3.86,4.05,24.49,1.84,12.78,37.42,38.0,5.89,-0.355,12853.3,60.9,1.77,220479.0,75.0,2.28,0,0,0,0.0,0.015,0.003
44.0,81.03,140.66,259.4,60.78,145.58,82.84,99.5,7.5,0.573,18105.6,129.6,5.45,127684.0,0.92,1.21,1,1,1,0.998,1.0,1.0
17.54,36.04,58.74,90.0,14.46,49.72,56.45,68.93,7.38,-0.051,18340.2,69.5,2.24,210174.0,57.16,2.7,0,1,1,0.037,0.725,0.93
82.05,171.31,360.12,555.4,75.41,196.12,84.5,99.5,10.56,1.044,34000.0,49.4,1.44,215981.0,0.92,1.95,1,1,1,1.0,1.0,1.0
31.06,102.61,180.7,282.89,59.49,154.42,78.65,99.5,9.23,0.505,25047.5,70.3,0.5,215571.0,0.92,1.94,1,1,1,1.0,1.0,1.0
1.25,1.97,3.07,3.78,0.16,8.79,32.28,36.92,4.88,-0.408,10033.8,139.7,2.53,109828.0,75.0,1.34,0,0,0,0.0,0.001,0.0
0.12,1.78,6.57,29.36,0.38,2.39,31.18,39.6,5.53,-0.333,7230.8,159.1,6.93,74541.0,75.0,1.04,0,0,0,0.0,0.001,0.0
8.27,20.62,44.73,104.09,10.33,37.59,51.39,66.11,6.7,-0.051,12317.6,155.4,9.5,126202.0,62.36,0.1,0,0,0,0.014,0.206,0.191
7.43,31.87,64.35,137.76,13.91,53.21,64.31,75.23,6.78,0.032,13960.1,92.6,3.08,141515.0,45.57,1.55,0,1,1,0.057,0.61,0.726
0.64,1.13,6.86,24.09,10.99,16.3,37.1,43.23,4.99,-0.339,8149.0,131.9,5.39,110672.0,75.0,1.43,0,0,0,0.0,0.001,0.001
0.19,1.16,3.57,5.19,3.1,5.72,41.88,43.55,6.04,-0.31,12772.8,64.7,3.37,192927.0,75.0,2.81,0,0,0,0.0,0.018,0.004
17.28,35.3,65.98,99.55,12.99,53.47,61.45,71.76,8.41,-0.034,19813.6,77.5,1.58,224617.0,51.96,1.98,1,1,1,0.505,0.974,0.937
5.61,6.95,13.6,25.45,6.39,7.34,36.39,42.3,5.61,-0.307,7392.0,165.0,6.86,109140.0,75.0,0.4,0,0,0,0.0,0.001,0.0
33.62,84.97,167.48,268.98,47.42,121.79,84.68,99.5,9.49,0.507,25384.1,36.9,0.8,258147.0,0.92,2.04,1,1,1,1.0,1.0,1.0
22.03,86.75,179.14,329.58,44.9,88.3,78.13,99.5,8.47,0.31,23801.5,47.4,2.4,218162.0,0.92,2.86,1,1,1,0.997,1.0,1.0
31.54,72.04,160.89,244.66,43.09,87.65,84.77,99.5,8.63,0.492,23685.1,65.1,2.46,238220.0,0.92,2.16,1,1,1,0.999,1.0,1.0
0.0,8.09,30.3,40.03,0.55,9.02,39.86,47.04,6.47,-0.126,17586.8,38.8,1.57,238909.0,75.0,2.06,0,0,0,0.0,0.073,0.027
3.08,7.9,11.04,11.97,0.19,8.13,30.68,36.52,5.97,-0.441,13845.3,61.3,1.28,221089.0,75.0,1.93,0,0,0,0.0,0.002,0.002
16.39,31.77,56.62,118.82,26.14,63.09,51.83,63.43,7.29,-0.138,14045.7,119.5,5.71,139246.0,67.29,1.26,0,1,1,0.013,0.638,0.833
69.62,153.51,287.14,528.51,100.13,189.42,85.99,99.5,9.39,0.939,28513.7,96.1,6.97,163930.0,0.92,1.66,1,1,1,1.0,1.0,1.0
0.25,3.1,5.07,15.01,1.91,7.15,36.51,45.82,4.98,-0.132,6237.8,164.4,2.77,78898.0,75.0,0.25,0,0,0,0.0,0.001,0.0
1.97,2.79,5.91,7.49,3.69,10.23,36.56,40.93,5.3,-0.293,6484.9,153.5,4.43,92620.0,75.0,0.49,0,0,0,0.0,0.001,0.0
0.43,0.86,1.16,11.42,0.19,4.19,27.8,31.57,5.87,-0.415,13566.2,84.6,3.31,187651.0,75.0,1.17,0,0,0,0.0,0.003,0.001
13.82,32.25,73.55,122.46,28.05,44.15,58.23,64.38,7.39,-0.06,17968.1,72.6,3.57,198368.0,65.53,2.15,0,1,1,0.016,0.837,0.79
6.47,21.47,54.29,85.91,21.35,45.57,50.28,60.52,6.35,-0.071,13270.0,90.1,2.24,171461.0,72.64,1.48,0,0,0,0.002,0.32,0.298
2.62,4.52,8.07,43.01,2.89,4.91,38.12,40.92,6.15,-0.317,12265.3,120.6,0.5,157932.0,75.0,1.29,0,0,0,0.0,0.013,0.003
11.2,30.21,51.22,85.65,16.22,54.58,50.31,58.56,6.33,-0.015,12871.2,73.9,4.39,146856.0,75.0,2.24,0,0,0,0.002,0.168,0.341
8.35,18.57,40.14,104.09,22.28,57.93,57.72,68.12,6.16,-0.169,12548.4,125.5,6.11,137046.0,58.65,1.14,0,0,1,0.001,0.146,0.594
9.19,32.5,61.05,116.74,28.98,73.35,58.73,71.6,7.51,0.031,15309.5,94.4,0.5,177528.0,52.26,1.49,0,1,1,0.117,0.895,0.958
13.6,37.66,68.91,114.27,16.3,48.07,52.85,61.01,7.3,-0.106,13181.9,115.0,2.77,159148.0,71.74,1.29,0,0,1,0.017,0.473,0.569
35.13,87.71,190.74,304.87,39.57,80.01,83.38,99.5,8.78,0.573,21924.5,98.2,6.21,161141.0,0.92,1.49,1,1,1,1.0,1.0,1.0
17.62,39.63,73.1,144.62,26.21,69.16,64.26,75.69,7.0,0.032,18237.2,77.7,4.74,189882.0,44.74,2.14,0,1,1,0.141,0.913,0.988
10.02,27.45,45.41,123.68,29.7,68.38,62.46,71.19,6.37,0.06,11174.2,172.5,8.95,87758.0,53.01,0.5,0,0,1,0.02,0.459,0.745
31.35,86.22,162.34,265.8,48.47,91.41,84.5,99.5,8.13,0.413,18276.0,145.7,4.64,127500.0,0.92,0.63,1,1,1,0.998,1.0,1.0
84.68,180.12,373.58,614.98,74.5,172.26,85.37,99.5,9.72,0.958,34000.0,55.3,2.02,209112.0,0.92,2.4,1,1,1,1.0,1.0,1.0
17.94,39.07,61.56,94.93,23.94,48.03,55.68,61.05,6.03,0.073,10985.4,160.9,5.25,90891.0,71.66,0.94,0,0,0,0.003,0.198,0.271
0.3,3.62,8.17,16.05,5.72,9.7,40.87,46.42,5.76,-0.357,13225.0,105.7,5.84,178366.0,75.0,0.96,0,0,0,0.0,0.013,0.003
42.34,84.96,152.76,241.12,40.66,134.11,82.88,99.5,7.14,0.449,15039.4,164.7,3.17,50488.0,0.92,0.98,1,1,1,0.995,0.996,1.0
3.95,7.52,10.47,28.68,1.61,1.62,34.32,41.56,5.42,-0.292,6887.5,151.0,3.09,88475.0,75.0,0.82,0,0,0,0.0,0.002,0.0
65.06,171.0,304.91,473.38,73.69,203.58,84.93,99.5,10.13,0.744,32384.0,96.7,5.14,186000.0,0.92,1.58,1,1,1,1.0,1.0,1.0
0.19,3.37,5.57,10.8,3.29,5.76,33.98,33.74,6.14,-0.45,16478.1,38.3,1.31,250478.0,75.0,2.63,0,0,0,0.0,0.011,0.006
60.14,182.83,325.97,586.23,85.21,181.85,81.24,99.5,10.36,0.775,33950.9,74.0,4.42,199087.0,0.92,1.64,1,1,1,1.0,1.0,1.0
12.97,25.82,45.23,79.56,14.83,51.93,50.29,58.6,6.36,-0.042,13021.2,113.5,2.6,137027.0,75.0,1.54,0,0,0,0.002,0.139,0.245
40.95,110.42,176.63,309.51,38.06,112.31,87.99,99.5,8.4,0.565,18392.1,126.9,4.31,114548.0,0.92,0.95,1,1,1,0.999,1.0,1.0
16.53,25.23,69.79,141.14,25.23,60.97,66.48,76.41,6.24,0.159,14601.3,72.4,1.33,184259.0,43.41,1.39,0,1,1,0.063,0.765,0.976
75.81,205.49,384.8,574.03,90.7,197.65,84.24,99.5,10.09,0.744,34000.0,55.2,1.94,236972.0,0.92,1.78,1,1,1,1.0,1.0,1.0
4.21,9.97,13.32,31.56,4.81,5.79,36.87,48.44,6.33,-0.299,9014.2,156.1,1.31,83295.0,75.0,0.81,0,0,0,0.0,0.018,0.001
1.04,2.68,8.59,14.31,2.47,4.27,42.41,45.44,4.79,-0.272,6277.9,177.7,4.66,68235.0,75.0,0.1,0,0,0,0.0,0.001,0.0
0.14,0.42,0.93,1.33,1.52,5.42,26.64,32.74,5.21,-0.326,10362.6,111.2,1.02,135224.0,75.0,1.77,0,0,0,0.0,0.001,0.0
50.07,156.78,320.58,481.17,80.2,220.61,82.19,99.5,10.1,0.666,33419.8,59.9,2.84,220769.0,0.92,2.37,1,1,1,1.0,1.0,1.0
5.22,15.72,60.59,127.27,19.28,53.18,60.13,70.0,7.58,0.046,15439.4,74.5,3.57,182538.0,55.2,2.21,0,1,1,0.08,0.859,0.917
16.0,38.32,63.06,117.63,22.76,39.92,59.38,65.67,7.4,-0.03,17021.2,37.7,0.5,233336.0,63.17,2.37,0,1,1,0.041,0.798,0.857
17.3,32.65,58.78,134.13,12.37,28.54,65.23,75.55,5.77,0.07,8931.7,167.6,9.5,53661.0,44.99,0.55,0,0,0,0.045,0.154,0.268
37.13,87.53,183.39,268.88,43.43,96.37,83.66,99.5,8.54,0.487,21890.3,52.1,4.16,193311.0,0.92,1.77,1,1,1,1.0,1.0,1.0
14.61,26.48,55.22,126.16,28.31,64.99,53.79,62.56,6.38,-0.023,12638.5,118.6,4.25,137801.0,68.9,1.48,0,0,1,0.009,0.367,0.595
10.58,28.3,63.99,137.74,27.77,70.7,60.2,70.48,7.14,-0.132,14626.2,74.7,1.75,170437.0,54.32,1.92,0,1,1,0.026,0.754,0.943
40.27,81.14,176.0,321.17,60.73,151.59,83.4,99.5,8.35,0.547,20486.3,115.4,9.5,173149.0,0.92,1.39,1,1,1,1.0,1.0,1.0
32.73,93.93,144.51,270.33,46.56,139.49,84.74,99.5,7.96,0.47,17276.7,129.5,1.46,93730.0,0.92,1.53,1,1,1,0.999,1.0,1.0
2.78,6.78,7.01,13.18,2.38,2.49,32.47,40.63,5.3,-0.366,7954.0,155.3,5.49,81622.0,75.0,0.47,0,0,0,0.0,0.001,0.0
0.32,5.78,6.34,6.97,1.74,11.98,26.57,34.17,6.45,-0.45,12059.9,64.9,2.48,202333.0,75.0,1.91,0,0,0,0.0,0.003,0.001
2.16,11.36,16.96,23.86,5.86,7.81,32.8,36.97,6.16,-0.332,13418.0,36.6,2.17,230610.0,75.0,2.45,0,0,0,0.0,0.006,0.003
9.55,25.17,64.59,140.47,17.15,46.02,63.03,75.31,7.38,0.087,18497.1,54.8,2.27,197620.0,45.43,1.81,0,1,1,0.18,0.871,0.938
16.68,25.48,63.99,116.7,17.53,45.94,56.03,65.99,6.7,0.045,10595.0,165.5,4.31,67028.0,62.58,0.45,0,0,0,0.02,0.227,0.21
10.44,31.31,74.14,128.72,26.65,63.61,62.48,75.78,6.34,0.064,8280.6,161.7,2.89,71083.0,44.57,0.71,0,0,1,0.066,0.371,0.614
58.23,163.47,333.48,476.77,79.8,239.21,83.16,99.5,9.46,0.725,30217.1,121.6,3.51,129749.0,0.92,1.04,1,1,1,1.0,1.0,1.0
1.22,2.23,3.38,6.21,1.03,1.78,29.34,35.94,4.08,-0.37,10034.9,122.1,2.06,162789.0,75.0,1.52,0,0,0,0.0,0.0,0.0
23.38,72.94,159.36,251.07,31.55,73.46,83.11,99.5,8.24,0.434,18249.1,131.4,4.71,123453.0,0.92,0.54,1,1,1,0.998,0.999,1.0
8.48,19.71,50.89,103.67,16.5,56.5,54.18,64.94,7.21,0.072,18128.9,60.4,1.5,225229.0,64.51,2.34,0,1,1,0.017,0.844,0.84
0.84,1.08,2.49,45.98,7.54,8.57,38.55,44.78,5.45,-0.182,7501.7,167.6,1.36,86497.0,75.0,0.68,0,0,0,0.0,0.003,0.0
7.17,23.6,53.04,103.55,20.59,42.55,59.21,65.57,7.51,-0.152,15696.2,95.7,5.51,181842.0,63.35,1.33,0,1,1,0.014,0.696,0.54
49.6,153.82,347.76,507.04,95.24,210.27,86.48,99.5,9.63,0.473,31474.4,90.6,2.36,129334.0,0.92,1.3,1,1,1,1.0,1.0,1.0
0.42,5.21,7.65,18.16,1.17,1.47,29.26,35.4,5.37,-0.342,11201.3,110.2,1.34,143141.0,75.0,0.67,0,0,0,0.0,0.001,0.001
12.73,27.85,45.46,105.25,10.2,31.45,59.87,72.29,6.81,0.048,17147.0,41.8,1.34,249435.0,50.98,2.04,0,1,1,0.101,0.732,0.69
1.82,1.92,6.08,41.96,0.38,2.26,33.61,44.77,7.14,-0.297,13030.9,59.1,2.14,200491.0,75.0,2.34,0,0,0,0.001,0.03,0.006
1.03,2.52,6.4,12.61,0.32,0.65,31.31,38.82,6.23,-0.319,10348.3,142.0,0.51,136019.0,75.0,0.83,0,0,0,0.0,0.007,0.001
14.68,26.73,67.16,134.31,10.99,32.03,52.29,64.75,7.65,-0.017,18090.8,47.0,1.93,245851.0,64.87,2.55,0,1,1,0.04,0.854,0.899
27.3,86.08,184.67,269.5,38.74,99.43,84.71,99.5,7.28,0.289,18368.2,122.5,1.98,126015.0,0.92,0.94,1,1,1,0.979,0.998,1.0
24.58,81.4,160.08,265.4,48.09,107.66,88.75,99.5,7.74,0.3,20135.3,70.6,4.64,187762.0,0.92,2.08,1,1,1,0.987,1.0,1.0
9.46,21.97,53.19,105.39,13.93,29.32,49.44,59.32,7.32,-0.181,16467.5,91.4,4.06,155058.0,74.84,1.35,0,1,0,0.01,0.792,0.337
51.04,123.61,272.45,443.96,81.02,187.38,80.94,99.5,9.92,0.71,29812.4,76.9,2.14,178323.0,0.92,1.48,1,1,1,1.0,1.0,1.0
0.93,4.14,6.75,7.52,0.04,0.87,28.29,33.86,5.75,-0.241,11632.6,86.6,1.87,157624.0,75.0,1.6,0,0,0,0.0,0.004,0.0
30.62,67.42,137.08,288.05,33.15,125.32,83.47,99.5,7.63,0.414,19184.4,139.3,4.61,119318.0,0.92,0.68,1,1,1,0.996,0.999,1.0
16.14,38.28,79.19,113.19,13.02,32.05,62.53,69.86,7.35,0.268,14472.1,78.1,3.59,164460.0,55.46,1.29,0,1,0,0.449,0.677,0.498
22.78,70.89,170.7,270.86,38.55,115.72,79.86,99.5,9.03,0.222,20156.6,117.1,4.05,148502.0,0.92,1.14,1,1,1,0.998,1.0,1.0
22.42,71.83,139.56,287.34,48.01,123.56,82.1,99.5,8.23,0.329,18426.4,104.0,3.23,164588.0,0.92,1.42,1,1,1,0.998,1.0,1.0
50.16,175.9,314.92,553.87,107.73,228.42,86.48,99.5,9.62,0.662,30852.3,131.2,4.73,97603.0,0.92,1.38,1,1,1,1.0,1.0,1.0
0.85,1.16,3.14,26.11,0.29,9.02,32.62,43.0,5.87,-0.45,6591.2,170.8,4.12,98239.0,75.0,0.71,0,0,0,0.0,0.002,0.0
13.68,28.83,60.23,97.75,14.35,37.94,56.46,64.74,6.82,0.115,13937.5,141.2,4.07,118237.0,64.89,1.22,0,1,0,0.017,0.564,0.381
29.62,101.24,173.3,295.2,35.67,116.15,82.91,99.5,9.45,0.387,23359.7,66.2,0.5,211846.0,0.92,2.14,1,1,1,1.0,1.0,1.0
34.01,86.6,193.43,344.69,53.08,143.78,87.14,99.5,9.05,0.489,25998.0,39.5,2.08,221194.0,0.92,2.41,1,1,1,1.0,1.0,1.0
12.34,34.4,61.68,96.02,29.88,49.85,53.03,62.53,8.14,-0.003,17946.6,73.0,2.95,201702.0,68.95,1.46,0,1,1,0.106,0.961,0.735
0.35,0.79,2.44,6.54,1.84,21.59,28.53,34.04,5.52,-0.45,10564.9,121.3,2.56,151352.0,75.0,1.18,0,0,0,0.0,0.002,0.001
0.06,3.83,4.38,4.62,2.04,9.27,32.24,36.17,5.95,-0.187,13746.8,42.5,2.94,227573.0,75.0,2.44,0,0,0,0.0,0.01,0.002
0.23,1.28,2.02,30.46,0.63,2.69,37.61,44.19,6.78,-0.302,14330.7,107.0,3.91,181661.0,75.0,1.78,0,0,0,0.0,0.055,0.004
42.37,99.48,205.45,359.57,46.16,118.19,81.48,99.5,8.33,0.542,20445.0,121.5,1.99,134810.0,0.92,1.34,1,1,1,1.0,1.0,1.0
25.76,100.38,167.08,309.74,40.95,98.17,83.27,99.5,8.73,0.315,21918.4,83.5,4.21,196953.0,0.92,2.05,1,1,1,0.999,1.0,1.0
0.13,2.18,3.31,5.23,0.51,1.53,25.36,34.62,4.9,-0.377,7895.4,146.8,6.19,108256.0,75.0,0.46,0,0,0,0.0,0.0,0.0
65.16,158.32,275.11,490.16,99.39,225.33,82.41,99.5,9.81,0.671,32786.4,50.5,2.12,228235.0,0.92,2.05,1,1,1,1.0,1.0,1.0
4.4,4.67,11.55,20.01,1.47,4.04,28.51,39.83,5.94,-0.296,12473.1,45.9,1.25,199856.0,75.0,2.34,0,0,0,0.0,0.005,0.002
9.23,22.75,56.7,88.94,21.78,58.51,55.62,58.56,6.69,0.009,13300.4,140.6,6.06,116861.0,75.0,1.21,0,0,0,0.005,0.356,0.456
0.53,1.14,2.1,3.13,0.19,0.83,33.51,39.5,5.05,-0.256,7638.5,106.8,3.24,140760.0,75.0,1.3,0,0,0,0.0,0.0,0.0
20.48,66.13,134.51,294.13,64.71,115.0,85.91,99.5,8.43,0.306,18045.6,134.8,6.07,105522.0,0.92,0.92,1,1,1,0.994,1.0,1.0
25.33,80.0,138.93,259.25,43.98,101.83,82.49,99.5,8.53,0.377,21899.4,98.0,0.5,188502.0,0.92,1.68,1,1,1,0.997,1.0,1.0
15.69,37.77,82.41,123.56,27.77,58.9,69.21,79.88,8.02,0.183,16023.1,70.7,1.92,191919.0,37.02,1.52,1,1,1,0.734,0.986,0.971
12.69,35.93,79.2,145.55,16.96,46.65,66.46,75.91,6.22,0.171,11860.2,153.8,9.5,80427.0,44.33,1.16,0,0,1,0.046,0.489,0.75
1.15,5.56,9.85,15.3,1.08,1.26,37.28,41.1,5.53,-0.207,7680.8,150.9,3.2,93515.0,75.0,0.45,0,0,0,0.0,0.002,0.0
17.02,26.51,58.91,132.49,18.42,57.42,62.44,73.7,6.8,0.231,11924.9,135.7,3.28,97616.0,48.4,0.36,0,1,1,0.152,0.709,0.712
15.45,24.47,51.83,116.38,18.45,49.8,56.08,62.99,7.39,-0.079,17663.0,74.5,2.01,212155.0,68.1,1.81,0,1,1,0.028,0.791,0.86
1.08,1.49,3.62,3.96,0.32,2.84,31.27,38.57,5.41,-0.291,8242.5,120.6,1.58,124865.0,75.0,1.66,0,0,0,0.0,0.001,0.0
34.34,75.19,170.53,280.37,62.22,123.54,85.51,99.5,9.09,0.379,23073.6,87.3,0.5,183130.0,0.92,1.8,1,1,1,1.0,1.0,1.0
6.95,27.83,59.87,109.2,17.12,36.64,49.75,58.39,6.83,-0.164,18498.4,48.3,1.49,242406.0,75.0,2.41,0,0,1,0.002,0.46,0.708
0.5,0.57,3.37,30.61,3.17,3.27,27.69,36.03,5.26,-0.45,6676.8,168.0,6.29,70885.0,75.0,0.48,0,0,0,0.0,0.001,0.0
2.56,4.06,4.91,21.66,0.78,1.8,32.1,43.14,6.2,-0.391,15433.6,54.8,1.87,222174.0,75.0,2.04,0,0,0,0.0,0.012,0.006
0.21,1.88,2.27,20.75,1.27,3.35,32.0,38.52,4.86,-0.341,6009.9,172.8,5.6,57207.0,75.0,0.1,0,0,0,0.0,0.001,0.0
0.0,4.26,6.98,13.93,2.87,3.09,30.94,37.27,5.96,-0.428,11192.5,99.7,3.57,197082.0,75.0,0.77,0,0,0,0.0,0.003,0.001
9.77,27.55,56.37,95.45,15.99,39.99,51.16,60.98,7.65,-0.055,17808.4,61.8,3.3,219833.0,71.8,2.05,0,1,1,0.012,0.745,0.6
5.79,6.78,7.7,28.45,1.09,3.15,34.42,37.41,5.42,-0.41,11992.9,113.6,3.59,140820.0,75.0,1.64,0,0,0,0.0,0.002,0.001
33.72,92.55,177.98,260.74,58.66,109.38,88.02,99.5,8.68,0.522,18214.3,161.6,3.99,74515.0,0.92,0.67,1,1,1,1.0,1.0,1.0
8.8,19.75,57.76,116.94,25.11,59.71,54.04,61.64,7.03,-0.116,13458.1,141.2,4.23,108883.0,70.57,1.04,0,1,1,0.005,0.563,0.527
0.13,1.03,3.86,8.23,0.46,7.6,37.55,42.45,5.34,-0.352,7067.1,152.0,6.9,92559.0,75.0,1.18,0,0,0,0.0,0.001,0.0
74.91,165.62,344.48,572.33,60.19,170.61,84.38,99.5,9.82,0.791,33012.5,130.5,7.89,152666.0,0.92,1.11,1,1,1,1.0,1.0,1.0
0.41,1.03,2.19,36.43,1.33,7.92,37.22,43.26,5.77,-0.237,5894.3,135.4,3.21,99161.0,75.0,0.9,0,0,0,0.0,0.002,0.0
7.78,18.75,60.41,115.2,27.9,44.79,60.22,69.58,6.51,-0.014,10500.6,158.1,5.82,92262.0,55.96,0.37,0,0,0,0.012,0.406,0.223
16.91,31.98,51.64,115.81,25.94,42.36,65.83,77.03,7.42,0.171,15625.3,71.2,2.93,194283.0,42.26,2.46,0,1,1,0.489,0.937,0.873
5.23,8.21,9.77,11.73,1.0,1.87,30.83,34.52,5.57,-0.445,11488.8,106.0,1.82,151079.0,75.0,1.52,0,0,0,0.0,0.002,0.001
0.82,4.62,8.94,15.81,0.25,11.28,27.4,32.1,6.16,-0.354,13339.6,67.1,2.37,197880.0,75.0,1.63,0,0,0,0.0,0.007,0.001
0.38,1.19,5.34,23.0,8.29,20.47,33.06,40.35,5.16,-0.34,7889.1,178.2,1.54,64405.0,75.0,0.1,0,0,0,0.0,0.002,0.0
42.84,95.26,155.26,282.01,30.6,81.4,85.23,99.5,8.07,0.535,15309.0,171.9,0.54,86830.0,0.92,0.79,1,1,1,1.0,0.998,1.0
20.06,62.28,140.77,252.24,42.93,128.63,83.98,99.5,9.56,0.457,25126.6,40.7,1.69,240275.0,0.92,1.98,1,1,1,1.0,1.0,1.0
13.77,37.69,66.05,109.67,12.45,47.61,63.15,70.02,6.52,0.071,12107.7,137.3,3.86,121514.0,55.16,1.47,0,0,1,0.024,0.243,0.61
15.94,27.07,68.43,124.74,12.88,47.17,63.6,76.08,5.75,0.146,7443.4,169.2,6.54,31497.0,44.02,0.1,0,0,0,0.04,0.108,0.179
11.76,20.24,47.22,116.46,21.11,44.57,57.43,59.16,7.46,-0.23,17163.8,61.2,2.12,211077.0,75.0,2.42,0,1,1,0.007,0.625,0.861
3.17,3.85,5.01,10.27,4.5,6.98,33.02,34.02,5.47,-0.282,7326.9,117.4,2.04,114343.0,75.0,1.34,0,0,0,0.0,0.001,0.0
1.38,10.73,16.84,19.12,3.11,7.93,33.43,42.66,5.29,-0.278,9916.5,167.7,5.73,88400.0,75.0,0.51,0,0,0,0.0,0.002,0.0
0.32,1.3,6.25,9.52,0.47,4.72,37.83,40.82,6.02,-0.241,12651.2,39.9,0.51,254211.0,75.0,2.25,0,0,0,0.0,0.013,0.005
16.45,25.72,54.1,114.46,23.53,68.41,58.48,69.17,7.18,0.01,10404.9,136.1,8.17,102755.0,56.73,1.49,0,1,1,0.054,0.791,0.671
1.38,3.8,22.11,22.86,0.15,3.03,42.71,48.59,6.47,-0.322,13998.8,78.1,0.83,182335.0,75.0,1.97,0,0,0,0.0,0.036,0.005
0.53,0.79,2.25,15.71,4.25,4.6,39.19,41.47,5.41,-0.203,7134.1,169.0,5.32,68165.0,75.0,0.19,0,0,0,0.0,0.001,0.0
0.93,1.81,6.21,15.78,5.23,5.36,30.89,38.62,5.06,-0.276,4329.3,175.8,2.85,87567.0,75.0,0.1,0,0,0,0.0,0.0,0.0
11.11,22.39,53.49,126.17,28.23,55.17,60.48,72.52,5.96,-0.082,9186.1,171.9,7.78,75123.0,50.57,0.47,0,0,0,0.011,0.151,0.417
15.55,28.32,43.51,116.27,12.39,27.92,57.27,65.17,6.81,0.017,12235.2,103.8,3.01,181412.0,64.09,1.39,0,0,0,0.017,0.489,0.329
0.52,1.72,2.04,22.23,1.04,3.4,33.91,40.98,5.54,-0.255,7695.2,160.0,4.11,94211.0,75.0,0.13,0,0,0,0.0,0.004,0.0
0.37,2.16,7.98,36.38,7.05,9.0,29.82,41.62,5.9,-0.319,7998.9,157.5,7.93,94685.0,75.0,0.61,0,0,0,0.0,0.003,0.0
5.53,6.4,6.43,23.94,0.39,0.58,37.64,41.44,5.32,-0.327,11684.2,81.3,2.89,183500.0,75.0,1.54,0,0,0,0.0,0.002,0.001
3.09,7.02,7.45,25.45,3.72,11.97,30.46,34.75,5.51,-0.416,8304.6,155.2,6.87,106039.0,75.0,0.66,0,0,0,0.0,0.001,0.0
0.94,3.98,9.73,23.73,2.08,4.86,38.49,45.35,6.19,-0.291,11900.1,40.4,0.7,205495.0,75.0,2.51,0,0,0,0.0,0.008,0.005
0.78,14.67,16.31,17.42,2.9,3.74,31.55,36.75,5.02,-0.288,9504.2,121.5,1.18,135529.0,75.0,1.58,0,0,0,0.0,0.001,0.001
33.32,72.15,159.31,314.83,55.29,107.09,90.17,99.5,8.76,0.399,23824.9,68.4,2.52,196928.0,0.92,2.17,1,1,1,0.999,1.0,1.0
17.62,30.85,58.94,113.85,29.81,46.88,51.1,57.14,7.22,-0.202,16879.2,52.5,1.54,227903.0,75.0,1.91,0,1,1,0.01,0.609,0.841
1.43,2.56,2.88,35.69,1.78,6.68,31.41,39.49,6.16,-0.372,12851.9,46.2,2.14,221795.0,75.0,2.32,0,0,0,0.0,0.008,0.003
0.33,3.91,10.97,17.73,1.7,14.2,31.16,36.3,5.61,-0.342,9806.2,136.0,4.56,101265.0,75.0,0.95,0,0,0,0.0,0.001,0.001
2.25,3.72,8.09,26.49,0.05,3.16,39.04,42.44,5.83,-0.253,10463.3,84.3,3.26,178972.0,75.0,1.27,0,0,0,0.0,0.002,0.001
5.0,12.35,19.5,20.85,10.25,13.54,34.14,36.74,5.55,-0.408,10506.7,140.1,0.81,95648.0,75.0,0.99,0,0,0,0.0,0.002,0.001
53.92,164.37,351.46,507.19,105.82,259.44,80.82,99.5,11.19,0.707,34000.0,44.5,3.07,197749.0,0.92,2.79,1,1,1,1.0,1.0,1.0
20.34,91.35,198.16,281.17,40.3,100.82,83.32,99.5,8.98,0.298,23717.2,80.7,2.59,194046.0,0.92,1.73,1,1,1,0.997,1.0,1.0
0.51,4.07,5.85,43.49,10.59,11.93,29.25,37.75,6.05,-0.305,11616.1,113.2,5.38,152814.0,75.0,0.78,0,0,0,0.0,0.012,0.003
11.61,29.1,61.48,110.19,13.32,29.96,58.53,66.97,5.59,-0.02,9414.6,149.7,2.99,107421.0,60.77,0.74,0,0,0,0.002,0.071,0.122
0.13,5.92,7.24,8.2,1.95,2.23,29.0,36.79,5.99,-0.308,13023.1,81.2,3.29,202081.0,75.0,1.35,0,0,0,0.0,0.007,0.0
0.09,2.52,6.1,6.6,1.23,3.24,35.63,37.34,5.12,-0.366,7744.9,125.8,1.45,119119.0,75.0,1.33,0,0,0,0.0,0.001,0.0
33.67,98.18,165.15,279.77,57.75,148.49,87.81,99.5,7.87,0.523,17251.8,163.5,7.05,62373.0,0.92,0.69,1,1,1,0.998,1.0,1.0
2.66,4.29,7.23,16.27,4.06,10.47,32.84,39.36,5.57,-0.364,9904.6,124.3,3.55,129789.0,75.0,1.04,0,0,0,0.0,0.002,0.001
9.05,19.82,46.19,90.61,29.02,51.99,46.64,58.6,6.5,-0.161,14642.0,68.8,2.44,192253.0,75.0,1.79,0,0,1,0.002,0.379,0.642
7.36,30.65,48.24,91.25,18.78,51.64,52.45,64.03,6.83,-0.099,15143.0,38.5,1.83,221120.0,66.19,2.26,0,0,1,0.005,0.349,0.615
9.26,25.7,46.66,105.37,18.16,58.63,53.61,61.75,5.85,-0.027,11119.3,161.2,2.07,85405.0,70.39,0.57,0,0,0,0.001,0.076,0.327
61.63,158.26,321.55,478.8,67.84,211.06,86.71,99.5,10.63,0.964,34000.0,38.1,0.86,225125.0,0.92,2.1,1,1,1,1.0,1.0,1.0
26.84,89.22,145.07,290.82,64.59,125.14,84.48,99.5,7.76,0.515,14299.5,161.8,7.0,58262.0,0.92,0.14,1,1,1,0.992,1.0,1.0
32.64,85.35,189.0,269.79,52.87,128.75,78.15,99.5,8.67,0.594,21171.8,111.7,8.13,139347.0,0.92,1.62,1,1,1,1.0,1.0,1.0
9.97,21.7,43.89,113.91,11.32,43.24,60.45,69.12,6.35,-0.016,8424.1,171.2,5.57,57557.0,56.82,0.31,0,0,0,0.01,0.103,0.138
0.44,1.21,4.03,31.41,1.93,7.36,31.23,42.68,5.77,-0.366,7925.4,150.8,6.88,102486.0,75.0,0.77,0,0,0,0.0,0.001,0.001
35.02,97.93,173.87,327.95,47.57,117.92,79.28,99.5,7.36,0.32,17217.7,179.7,5.94,54519.0,0.92,0.39,1,1,1,0.996,0.999,1.0
66.0,154.97,285.78,436.12,95.91,199.05,87.07,99.5,10.65,0.758,31759.8,85.9,6.01,193651.0,0.92,1.74,1,1,1,1.0,1.0,1.0
10.06,33.7,65.69,100.55,25.99,48.68,55.16,68.38,7.26,-0.123,14526.8,146.2,0.52,128567.0,58.18,0.43,0,1,0,0.02,0.705,0.397
67.11,167.71,299.13,455.34,70.56,158.35,85.2,99.5,9.1,0.878,30490.6,93.3,3.42,178255.0,0.92,1.04,1,1,1,1.0,1.0,1.0
0.39,15.17,17.23,41.16,1.59,5.44,43.54,50.95,5.73,-0.271,10754.2,104.6,0.6,131236.0,75.0,1.2,0,0,0,0.0,0.012,0.002
0.2,1.01,3.86,29.42,0.09,2.56,35.7,44.37,5.32,-0.417,10075.4,126.0,0.5,151392.0,75.0,1.19,0,0,0,0.0,0.002,0.001
0.06,1.59,5.55,21.94,0.3,0.94,32.56,37.7,5.84,-0.325,9932.6,161.7,6.52,109616.0,75.0,0.34,0,0,0,0.0,0.002,0.001
11.11,36.08,61.76,113.14,18.65,36.07,58.23,70.13,6.05,0.038,9984.5,177.7,6.67,67051.0,54.96,0.23,0,0,0,0.008,0.175,0.134
39.35,84.48,176.7,294.71,51.41,94.38,84.69,99.5,8.36,0.449,20424.9,146.4,4.37,124164.0,0.92,1.42,1,1,1,1.0,1.0,1.0
2.65,3.35,7.78,26.98,1.55,2.99,32.73,39.64,6.53,-0.205,10803.2,95.6,3.16,157033.0,75.0,0.95,0,0,0,0.0,0.009,0.0
84.12,170.82,366.2,528.07,79.46,170.54,83.32,99.5,10.93,0.927,33735.3,96.1,8.72,136690.0,0.92,1.27,1,1,1,1.0,1.0,1.0
5.03,17.45,35.07,114.39,25.23,40.34,55.34,67.05,5.92,-0.027,10622.6,141.9,4.31,98256.0,60.63,1.41,0,0,0,0.004,0.091,0.248
7.91,27.3,54.26,125.85,20.1,54.71,60.06,73.3,7.79,-0.003,18567.0,69.6,3.08,222392.0,49.14,1.86,0,1,1,0.092,0.968,0.96
34.93,95.45,159.26,269.12,31.77,104.09,86.71,99.5,9.62,0.627,23971.4,51.0,1.19,196411.0,0.92,1.93,1,1,1,1.0,1.0,1.0
0.74,4.31,5.24,12.13,0.4,3.73,27.02,33.12,5.47,-0.326,11619.1,86.4,3.48,176289.0,75.0,1.99,0,0,0,0.0,0.001,0.0
41.2,106.82,213.47,371.21,57.02,112.8,81.75,99.5,9.52,0.47,25622.1,76.6,2.35,188533.0,0.92,1.79,1,1,1,1.0,1.0,1.0
0.3,1.78,22.17,28.55,0.44,10.55,36.58,44.24,6.11,-0.166,12512.5,78.0,2.15,178748.0,75.0,1.65,0,0,0,0.0,0.017,0.002
0.59,3.52,9.73,31.96,3.44,9.78,35.26,43.03,5.96,-0.42,13741.5,68.9,4.67,190699.0,75.0,1.95,0,0,0,0.0,0.012,0.003
13.68,28.54,63.56,135.4,17.01,40.91,58.65,70.16,8.1,-0.047,18241.4,41.1,2.31,231760.0,54.9,2.09,0,1,1,0.221,0.925,0.946
58.75,161.83,276.55,525.6,66.94,157.57,86.36,99.5,10.22,0.863,34000.0,37.6,1.41,226458.0,0.92,2.03,1,1,1,1.0,1.0,1.0
7.57,25.38,48.94,97.35,28.63,69.05,56.4,68.2,5.9,-0.041,8196.0,178.2,0.5,44805.0,58.5,0.29,0,0,0,0.006,0.099,0.335
16.08,33.9,74.89,143.82,29.06,46.0,60.5,72.3,7.28,0.105,17477.5,97.0,2.77,166793.0,50.97,1.18,0,1,1,0.175,0.947,0.946
20.72,62.72,168.46,296.91,44.91,113.11,86.18,99.5,9.39,0.387,24523.7,90.7,7.59,187228.0,0.92,1.58,1,1,1,0.999,1.0,1.0
2.12,8.74,13.97,31.09,0.77,2.97,41.82,47.89,6.54,-0.349,11909.1,133.5,4.12,132785.0,75.0,1.07,0,0,0,0.0,0.026,0.001
42.13,108.57,199.62,284.84,31.38,78.56,82.86,99.5,8.65,0.718,24347.7,66.6,3.66,187878.0,0.92,2.18,1,1,1,1.0,1.0,1.0
12.56,29.68,72.96,137.7,15.88,35.72,66.42,75.3,6.43,0.245,10158.2,172.7,9.5,53938.0,45.45,0.74,0,0,0,0.156,0.39,0.21
2.27,3.81,8.05,18.04,0.23,0.43,33.14,36.31,5.48,-0.45,7851.4,149.0,5.8,96913.0,75.0,0.62,0,0,0,0.0,0.001,0.0
9.9,24.05,59.26,120.87,29.38,70.12,61.57,69.96,8.16,-0.037,20098.4,48.0,0.95,245959.0,55.27,2.34,0,1,1,0.11,0.988,0.987
0.82,2.56,7.04,8.5,18.24,20.8,35.3,40.64,5.65,-0.282,11085.3,95.5,0.5,175025.0,75.0,1.65,0,0,0,0.0,0.015,0.002
2.89,11.44,14.93,16.24,1.7,4.89,30.07,35.89,5.86,-0.364,7737.4,162.5,7.69,95593.0,75.0,0.65,0,0,0,0.0,0.002,0.0
1.87,1.99,4.5,35.24,9.49,10.23,31.96,40.76,5.79,-0.368,8183.6,172.0,3.5,86964.0,75.0,0.27,0,0,0,0.0,0.005,0.0
2.45,2.85,10.21,14.11,6.42,10.58,26.86,35.66,5.21,-0.317,9676.2,102.8,3.92,162984.0,75.0,1.09,0,0,0,0.0,0.001,0.0
10.19,22.96,45.02,109.06,27.92,65.56,52.05,61.48,6.76,-0.016,13058.4,123.9,1.55,133076.0,70.87,1.25,0,0,1,0.005,0.436,0.784
15.85,37.14,81.51,149.4,14.2,52.95,70.77,83.22,7.77,0.304,17142.7,59.2,1.79,218871.0,30.88,1.51,1,1,1,0.85,0.974,0.988
9.19,34.12,60.42,105.06,14.78,49.54,55.31,65.84,5.77,-0.181,9109.1,178.7,6.36,57344.0,62.85,0.24,0,0,0,0.001,0.025,0.345
0.14,7.81,9.21,13.41,0.09,1.08,39.5,46.8,6.5,-0.373,13220.3,68.6,2.73,176472.0,75.0,1.13,0,0,0,0.0,0.031,0.001
30.47,80.26,146.64,229.9,40.52,123.33,87.98,99.5,7.67,0.39,15822.5,171.7,2.56,84810.0,0.92,0.1,1,1,1,0.995,0.998,1.0
0.69,1.55,3.01,12.71,0.72,4.21,40.24,42.56,5.19,-0.13,10261.2,129.2,7.31,143528.0,75.0,0.76,0,0,0,0.0,0.002,0.0
17.86,26.56,46.63,85.58,18.94,35.18,52.28,64.76,5.32,0.156,12870.1,123.1,2.99,115480.0,64.84,1.44,0,0,0,0.005,0.098,0.246
0.78,7.39,7.44,12.88,2.86,3.45,37.53,43.3,6.54,-0.293,9635.8,109.3,0.53,161121.0,75.0,1.52,0,0,0,0.0,0.018,0.0
6.01,24.73,40.03,110.12,11.34,42.07,59.6,69.97,7.14,-0.047,16219.8,68.4,2.26,223075.0,55.26,1.73,0,1,1,0.037,0.705,0.715
1.62,2.31,2.75,5.06,3.86,8.14,34.49,38.59,6.28,-0.31,13626.5,60.6,2.16,207250.0,75.0,2.22,0,0,0,0.0,0.014,0.002
24.95,88.6,181.11,340.93,43.7,131.27,88.91,99.5,8.15,0.489,21812.3,67.0,2.54,187365.0,0.92,2.18,1,1,1,0.998,1.0,1.0
31.16,102.07,157.57,251.59,59.75,144.81,90.04,99.5,8.3,0.437,21675.5,62.0,3.69,207405.0,0.92,1.94,1,1,1,0.999,1.0,1.0
27.64,86.51,159.47,240.3,30.91,73.9,86.37,99.5,9.11,0.444,19695.6,148.0,4.55,94094.0,0.92,0.34,1,1,1,1.0,1.0,1.0
1.08,1.9,2.52,36.51,0.26,4.18,39.44,46.28,6.74,-0.314,9620.6,85.8,2.82,167827.0,75.0,1.58,0,0,0,0.0,0.012,0.003
2.69,3.14,4.11,14.34,1.42,4.0,36.11,43.55,5.61,-0.405,13787.8,43.4,0.66,234433.0,75.0,2.22,0,0,0,0.0,0.005,0.004
67.19,194.18,309.03,555.49,71.63,181.52,90.79,99.5,8.73,0.675,22782.7,175.5,8.74,45320.0,0.92,0.1,1,1,1,1.0,1.0,1.0
6.16,21.74,60.86,95.8,15.51,41.7,48.68,59.53,6.66,-0.181,8932.7,163.1,6.25,62562.0,74.46,0.65,0,0,0,0.002,0.058,0.04
49.16,164.89,345.72,602.75,89.19,209.77,86.63,99.5,9.87,0.608,29990.0,169.5,4.65,76860.0,0.92,0.53,1,1,1,1.0,1.0,1.0
8.41,27.55,55.89,134.43,29.36,71.52,63.71,75.72,6.76,0.067,10795.4,179.3,0.5,64551.0,44.67,0.44,0,1,1,0.063,0.839,0.83
59.4,151.48,338.22,580.3,95.22,197.59,81.23,99.5,10.32,0.761,34000.0,60.2,3.67,212896.0,0.92,2.09,1,1,1,1.0,1.0,1.0
78.33,183.1,333.32,594.48,79.71,212.02,88.86,99.5,10.57,0.818,33825.6,92.5,1.19,197182.0,0.92,1.77,1,1,1,1.0,1.0,1.0
11.06,29.13,45.35,98.41,21.13,50.91,44.33,57.28,6.56,-0.095,9680.6,144.9,3.53,107634.0,75.0,0.75,0,0,0,0.004,0.127,0.076
2.26,3.19,11.81,18.01,2.37,2.69,25.81,36.69,5.89,-0.399,10137.4,135.9,5.63,125865.0,75.0,0.99,0,0,0,0.0,0.002,0.0
7.6,28.54,43.91,122.34,13.81,55.85,55.59,63.34,6.33,-0.099,14498.5,57.3,0.77,196589.0,67.45,1.93,0,0,1,0.004,0.323,0.802
65.64,169.51,287.08,478.21,67.81,189.89,83.81,99.5,8.75,0.809,24750.3,153.3,1.24,107564.0,0.92,0.51,1,1,1,1.0,1.0,1.0
33.77,97.15,199.85,317.31,38.17,96.51,85.65,99.5,9.34,0.586,24940.8,67.5,0.5,191051.0,0.92,2.31,1,1,1,1.0,1.0,1.0
2.25,2.65,6.6,6.75,0.56,3.7,31.02,36.52,6.27,-0.393,14292.0,67.5,3.24,200127.0,75.0,1.29,0,0,0,0.0,0.005,0.001
10.93,27.32,62.14,103.87,15.62,51.15,58.4,66.94,6.74,0.118,15041.8,112.9,2.84,142934.0,60.83,1.52,0,1,1,0.032,0.613,0.629
33.46,69.04,159.26,288.87,32.75,113.86,83.84,99.5,8.12,0.376,21780.0,121.0,9.5,150323.0,0.92,0.96,1,1,1,0.998,0.998,1.0
11.79,23.27,55.05,114.82,28.4,65.67,62.11,70.41,6.23,-0.049,12420.9,119.1,2.04,117415.0,54.44,0.94,0,1,1,0.011,0.506,0.797
27.55,67.27,168.46,316.15,36.14,79.55,86.9,99.5,8.24,0.414,21600.2,48.3,0.89,187833.0,0.92,2.26,1,1,1,0.998,0.999,1.0
37.8,101.7,162.33,295.79,39.76,94.1,88.45,99.5,8.19,0.43,18088.2,162.2,4.03,82120.0,0.92,0.11,1,1,1,0.998,1.0,1.0
57.98,159.2,341.61,551.42,74.9,225.62,87.74,99.5,10.18,0.62,34000.0,73.5,2.89,198814.0,0.92,1.58,1,1,1,1.0,1.0,1.0
0.07,4.06,10.19,13.7,0.44,7.71,34.3,40.67,6.33,-0.338,13515.6,53.8,1.43,217748.0,75.0,1.85,0,0,0,0.0,0.012,0.002
0.98,1.1,9.96,15.11,0.84,4.45,42.46,47.9,5.81,-0.38,9200.1,163.9,7.54,101841.0,75.0,0.46,0,0,0,0.0,0.006,0.0
1.3,2.39,3.01,12.65,1.96,8.85,26.97,30.5,5.47,-0.45,7396.6,173.6,3.02,78277.0,75.0,0.15,0,0,0,0.0,0.001,0.0
64.38,173.12,288.02,553.25,76.36,206.94,85.63,99.5,8.67,0.783,24688.8,160.0,1.62,79532.0,0.92,1.07,1,1,1,1.0,1.0,1.0
16.91,38.69,72.82,138.0,28.42,67.78,52.86,66.08,6.81,0.173,9839.2,152.4,0.5,62263.0,62.41,1.23,0,1,1,0.036,0.605,0.569
1.13,3.82,4.45,12.08,0.72,2.7,35.33,39.35,4.63,-0.359,7526.2,130.0,0.5,120428.0,75.0,0.41,0,0,0,0.0,0.0,0.0
1.3,1.71,1.78,7.84,0.78,2.69,33.11,37.17,5.66,-0.35,10776.7,114.9,2.95,157570.0,75.0,1.39,0,0,0,0.0,0.002,0.0
17.11,37.13,61.95,100.91,22.37,57.1,55.38,59.79,7.14,-0.106,18241.3,47.6,1.41,216984.0,73.98,2.45,0,1,1,0.011,0.635,0.804
32.09,75.6,127.31,228.57,46.0,129.34,87.49,99.5,7.73,0.383,18375.7,94.2,2.23,167354.0,0.92,1.69,1,1,1,0.996,0.999,1.0
41.34,92.86,190.63,350.1,55.08,135.15,84.95,99.5,7.78,0.376,22487.0,89.0,5.11,179473.0,0.92,1.4,1,1,1,0.999,1.0,1.0
16.82,30.57,45.91,125.26,19.81,58.38,49.25,58.24,7.26,-0.108,14874.9,72.7,4.15,177573.0,75.0,1.76,0,0,1,0.009,0.461,0.875
2.01,3.28,6.39,15.71,0.5,0.94,33.04,41.83,6.23,-0.253,10978.9,139.9,4.05,121473.0,75.0,0.65,0,0,0,0.0,0.009,0.0
66.74,143.95,285.1,451.15,95.35,245.11,89.12,99.5,10.31,0.767,32145.8,106.9,0.5,176274.0,0.92,1.22,1,1,1,1.0,1.0,1.0
1.04,2.35,25.14,25.4,0.73,1.87,32.78,41.7,6.48,-0.313,16780.2,46.8,1.16,221306.0,75.0,1.84,0,0,0,0.0,0.032,0.005
9.63,21.55,44.48,87.36,20.11,46.85,48.18,62.18,6.57,-0.051,14360.3,66.9,1.62,182752.0,69.59,1.88,0,0,0,0.004,0.492,0.418
1.22,3.03,3.84,23.77,1.28,1.86,33.39,36.64,5.18,-0.307,7680.7,134.1,3.11,118114.0,75.0,0.51,0,0,0,0.0,0.0,0.0
0.22,4.21,9.06,17.54,0.73,2.89,32.66,38.17,6.08,-0.23,13249.6,46.0,1.03,191387.0,75.0,2.15,0,0,0,0.0,0.005,0.002
1.21,6.5,9.75,13.63,0.09,0.76,35.25,40.7,5.75,-0.283,7979.5,158.4,3.68,94944.0,75.0,0.23,0,0,0,0.0,0.003,0.0
13.45,24.18,53.63,118.57,16.16,51.24,60.31,70.41,6.62,0.019,13649.3,106.8,2.99,158629.0,54.45,1.41,0,1,1,0.017,0.501,0.82
12.55,28.02,69.93,134.54,17.21,56.34,57.96,71.3,7.17,0.1,18203.6,104.7,2.47,179512.0,52.82,1.17,0,1,1,0.16,0.868,0.942
1.61,5.53,9.63,15.35,0.86,4.57,32.83,37.53,5.95,-0.33,11448.8,120.9,4.68,132011.0,75.0,1.23,0,0,0,0.0,0.004,0.001
0.17,4.45,6.3,18.25,1.38,3.95,32.73,39.46,5.56,-0.45,8870.2,154.6,6.41,100633.0,75.0,0.99,0,0,0,0.0,0.001,0.0
38.45,98.52,163.54,249.47,59.41,148.08,83.42,99.5,8.67,0.434,21193.6,85.4,1.59,164562.0,0.92,2.13,1,1,1,0.999,1.0,1.0
0.22,1.14,2.47,35.73,0.46,1.1,38.93,41.61,6.08,-0.352,8521.2,133.3,7.72,114679.0,75.0,0.21,0,0,0,0.0,0.005,0.0
0.24,3.51,12.27,18.27,0.29,3.38,29.6,32.5,5.03,-0.45,7390.0,117.0,2.03,116685.0,75.0,0.95,0,0,0,0.0,0.0,0.0
7.73,16.82,58.41,131.95,29.52,58.74,50.99,66.75,7.6,-0.06,16853.7,73.7,0.5,188615.0,61.17,1.73,0,1,1,0.026,0.887,0.908
27.35,93.14,153.97,253.43,38.95,131.29,85.12,99.5,8.1,0.225,18323.3,162.4,6.8,80539.0,0.92,0.69,1,1,1,0.994,0.998,1.0
1.57,1.93,2.32,24.52,3.24,7.13,38.79,42.5,5.74,-0.246,7074.4,150.6,3.06,103736.0,75.0,0.22,0,0,0,0.0,0.002,0.0
52.84,151.66,315.91,586.41,68.47,189.71,81.46,99.5,10.0,0.67,28103.8,130.5,5.32,114075.0,0.92,0.71,1,1,1,1.0,1.0,1.0
7.05,22.6,43.6,115.41,15.09,42.61,57.06,69.67,6.14,0.065,11262.5,158.3,0.5,91249.0,55.8,0.65,0,0,0,0.006,0.292,0.147
10.3,33.03,70.76,103.64,11.34,42.88,52.24,58.51,7.0,-0.091,11041.1,160.8,9.5,82090.0,75.0,0.6,0,0,0,0.005,0.129,0.1
0.67,1.48,7.77,9.42,7.3,7.39,30.33,37.01,5.74,-0.352,9990.4,137.7,6.49,109772.0,75.0,1.02,0,0,0,0.0,0.004,0.0
6.54,19.83,50.1,90.91,24.72,50.45,46.78,60.85,5.59,-0.194,9684.8,156.4,1.25,93565.0,72.04,0.77,0,0,0,0.0,0.062,0.122
0.05,5.3,16.82,28.39,3.29,3.74,41.32,45.08,5.23,-0.404,9190.7,136.1,1.14,117248.0,75.0,1.03,0,0,0,0.0,0.003,0.001
8.49,22.02,65.85,121.46,10.15,36.55,65.48,77.55,7.59,0.059,14019.1,133.6,8.7,131073.0,41.3,1.02,0,1,0,0.2,0.836,0.35
0.01,0.69,3.11,7.8,0.07,0.5,25.72,29.16,5.87,-0.44,8813.1,124.7,2.71,128552.0,75.0,1.11,0,0,0,0.0,0.001,0.0
12.16,31.99,59.12,125.7,13.27,31.93,55.88,65.89,6.79,-0.144,11134.9,144.1,2.88,101779.0,62.76,1.01,0,0,0,0.013,0.25,0.177
40.99,89.55,165.49,321.3,44.84,85.04,87.38,99.5,8.52,0.631,22964.3,58.0,0.5,207691.0,0.92,1.37,1,1,1,1.0,1.0,1.0
43.45,79.01,168.75,274.58,46.46,116.56,81.83,99.5,7.88,0.584,18256.5,162.7,4.67,74009.0,0.92,1.01,1,1,1,0.999,0.999,1.0
0.63,4.35,15.03,16.11,3.22,3.7,37.45,42.11,4.96,-0.367,8907.8,161.4,4.99,80901.0,75.0,0.1,0,0,0,0.0,0.001,0.0
6.04,30.29,59.97,97.6,21.4,44.3,53.83,59.45,7.42,-0.197,19780.5,39.2,1.88,263378.0,74.6,1.99,0,1,1,0.007,0.783,0.803
11.04,29.66,70.73,100.89,14.28,32.17,47.42,59.75,6.22,-0.015,10522.8,154.7,1.52,80618.0,74.05,0.59,0,0,0,0.002,0.046,0.117
0.12,7.41,18.41,35.01,2.06,8.65,33.38,41.45,7.2,-0.392,15703.3,53.7,0.5,211397.0,75.0,2.31,0,0,0,0.0,0.032,0.008
5.76,15.79,40.3,111.93,19.44,49.55,64.86,71.47,6.78,-0.011,14040.4,83.6,3.6,173877.0,52.5,0.78,0,1,1,0.036,0.552,0.531
0.31,2.93,11.68,16.47,1.93,3.34,32.71,35.3,5.49,-0.399,9916.0,142.8,7.59,104922.0,75.0,0.82,0,0,0,0.0,0.002,0.0
15.31,31.38,56.56,107.57,11.82,52.81,52.04,63.63,6.97,-0.042,14698.0,58.3,0.5,205059.0,66.92,2.28,0,0,1,0.014,0.354,0.725
43.95,98.05,161.33,294.5,45.83,99.71,81.54,99.5,8.56,0.482,19547.6,153.6,8.37,99862.0,0.92,0.98,1,1,1,0.999,1.0,1.0
0.05,5.56,11.93,33.13,1.16,6.06,40.76,47.12,5.94,-0.186,6481.4,155.7,5.55,67556.0,75.0,0.44,0,0,0,0.0,0.005,0.0
1.04,2.22,9.62,89.91,4.59,9.83,51.33,59.42,5.91,-0.258,10806.3,108.6,5.93,165258.0,74.66,1.23,0,0,0,0.0,0.021,0.022
1.65,4.28,11.96,20.12,0.4,5.52,34.87,41.19,6.54,-0.392,15761.6,35.9,1.21,246378.0,75.0,2.17,0,0,0,0.0,0.029,0.006
81.78,172.26,352.73,531.05,107.13,241.81,90.41,99.5,10.05,1.071,31372.7,76.6,0.5,169412.0,0.92,1.66,1,1,1,1.0,1.0,1.0
34.23,100.43,199.22,350.61,61.54,104.44,86.19,99.5,8.32,0.48,20878.1,124.5,4.02,96619.0,0.92,0.78,1,1,1,0.999,1.0,1.0
0.16,4.53,16.21,20.62,0.02,1.38,29.04,36.64,4.84,-0.351,6177.0,177.3,9.5,52618.0,75.0,0.1,0,0,0,0.0,0.0,0.0
9.98,30.91,47.34,87.97,27.88,47.52,57.19,64.17,6.59,0.072,13580.6,126.6,2.39,124424.0,65.93,1.19,0,1,1,0.011,0.511,0.511
1.71,2.83,7.18,8.1,0.68,2.61,29.0,33.95,5.81,-0.264,14595.2,72.7,2.04,231499.0,75.0,1.87,0,0,0,0.0,0.007,0.001
16.14,33.72,50.08,120.17,11.09,54.12,60.62,73.3,6.29,0.045,11402.2,126.9,4.04,135832.0,49.12,1.21,0,0,1,0.026,0.293,0.54
7.75,24.05,41.22,99.3,19.94,47.25,55.55,62.7,5.66,0.009,10174.3,113.3,0.5,116929.0,68.64,1.32,0,0,0,0.002,0.153,0.154
46.42,169.16,351.4,580.02,88.61,224.21,88.26,99.5,9.37,0.482,27181.0,148.1,9.5,91962.0,0.92,0.97,1,1,1,1.0,1.0,1.0
0.19,6.93,8.27,21.09,1.87,5.41,42.61,49.5,6.73,-0.41,16652.9,50.5,0.95,218587.0,75.0,2.41,0,0,0,0.0,0.069,0.005
16.43,29.46,66.93,126.84,11.52,38.95,54.02,66.42,5.89,0.038,9449.8,145.3,6.41,109386.0,61.78,0.27,0,0,0,0.015,0.09,0.285
40.95,88.56,167.5,286.59,51.63,140.25,84.86,99.5,8.15,0.549,19029.9,113.5,3.79,124098.0,0.92,0.99,1,1,1,1.0,1.0,1.0
24.34,79.52,154.98,258.65,62.19,102.64,82.18,99.5,6.88,0.441,17155.9,174.6,9.5,68415.0,0.92,0.31,1,1,1,0.971,0.999,1.0
6.59,27.05,49.96,116.12,26.65,49.28,59.67,69.53,7.0,0.005,15836.6,84.6,3.58,167750.0,56.06,1.66,0,1,1,0.027,0.765,0.763
7.5,17.97,38.97,82.33,27.37,65.48,48.29,54.59,6.49,-0.098,12895.1,126.7,3.9,111367.0,75.0,0.86,0,0,0,0.001,0.283,0.353
0.0,5.18,5.51,18.29,0.33,0.55,28.78,39.67,5.65,-0.225,6959.0,170.1,3.22,79721.0,75.0,0.71,0,0,0,0.0,0.002,0.0
14.88,30.82,63.79,115.06,11.34,48.53,63.17,72.21,7.83,0.224,18565.2,49.9,2.46,231771.0,51.14,2.75,0,1,1,0.437,0.973,0.934
40.51,77.17,149.71,274.29,51.18,122.98,83.64,99.5,8.27,0.621,16449.6,170.9,0.5,87538.0,0.92,0.49,1,1,1,1.0,1.0,1.0
72.72,200.73,345.88,563.81,94.95,222.35,83.17,99.5,9.15,0.871,29538.1,134.7,6.28,126924.0,0.92,0.97,1,1,1,1.0,1.0,1.0
29.67,89.63,178.64,305.44,37.18,105.01,81.26,99.5,9.24,0.426,23564.7,44.8,0.68,218736.0,0.92,2.49,1,1,1,0.999,1.0,1.0
16.5,39.26,76.79,141.65,13.07,41.85,57.53,70.84,7.16,0.071,15094.3,78.6,4.53,196351.0,53.66,1.19,0,1,1,0.221,0.613,0.902
22.77,90.47,157.93,299.28,58.51,147.6,88.99,99.5,7.96,0.328,19217.2,137.7,5.22,119414.0,0.92,0.91,1,1,1,0.994,1.0,1.0
1.68,3.76,7.41,12.05,0.39,0.88,39.45,43.92,6.39,-0.227,13724.4,44.8,2.09,228290.0,75.0,2.53,0,0,0,0.0,0.022,0.003
0.24,7.03,7.75,23.19,0.41,13.36,30.7,32.3,6.72,-0.328,9230.2,119.4,4.36,127527.0,75.0,0.97,0,0,0,0.0,0.004,0.0
9.77,24.77,51.91,122.73,14.37,54.3,55.75,68.11,7.05,-0.069,15130.9,85.2,0.5,170363.0,58.68,1.29,0,1,1,0.016,0.583,0.909
1.28,1.91,2.18,20.08,0.49,8.19,36.77,37.97,5.65,-0.367,9555.0,125.0,2.44,131069.0,75.0,1.03,0,0,0,0.0,0.002,0.001
50.19,157.17,329.47,561.55,75.8,225.84,84.41,99.5,10.73,0.506,34000.0,41.6,1.96,266639.0,0.92,2.26,1,1,1,1.0,1.0,1.0
15.01,31.68,64.78,123.1,28.93,70.83,54.46,66.4,6.65,0.013,13625.2,161.4,6.13,90871.0,61.83,0.29,0,1,1,0.013,0.52,0.84
8.06,20.53,64.97,106.8,29.07,63.56,57.1,70.35,5.81,-0.013,9044.3,176.2,9.5,59445.0,54.55,0.98,0,0,0,0.003,0.259,0.365
5.65,19.36,48.64,120.3,16.57,40.89,53.07,65.52,6.23,-0.169,6570.4,175.5,7.42,56929.0,63.45,0.22,0,0,0,0.002,0.031,0.063
43.01,81.17,164.26,284.6,32.01,76.83,82.71,99.5,7.36,0.534,17655.7,143.7,2.53,100184.0,0.92,0.47,1,1,1,0.998,0.997,1.0
9.97,20.25,49.59,110.03,23.83,55.22,53.25,65.28,7.32,-0.132,17549.7,53.9,1.11,248024.0,63.89,2.07,0,1,1,0.017,0.789,0.888
0.57,0.92,2.06,8.58,5.16,5.95,30.19,32.85,5.31,-0.45,8326.6,144.9,5.34,100073.0,75.0,1.07,0,0,0,0.0,0.001,0.0
30.33,94.63,186.94,344.19,36.68,77.59,91.08,99.5,9.09,0.568,27561.7,38.6,0.5,247325.0,0.92,2.33,1,1,1,1.0,1.0,1.0
0.47,0.87,4.05,31.54,2.33,2.84,36.56,43.74,5.66,-0.44,12649.8,38.2,2.49,228512.0,75.0,2.47,0,0,0,0.0,0.005,0.007
0.15,6.21,8.88,39.76,2.67,20.21,36.82,43.99,5.86,-0.306,10784.1,81.9,3.52,185610.0,75.0,1.44,0,0,0,0.0,0.003,0.004
16.33,31.37,69.11,122.68,14.66,36.89,51.99,66.63,7.37,0.113,16822.9,105.9,6.04,164852.0,61.39,1.81,0,1,1,0.049,0.798,0.792
0.61,0.9,1.69,10.02,6.15,9.17,32.32,40.74,5.84,-0.224,7942.6,146.7,0.96,95371.0,75.0,0.94,0,0,0,0.0,0.003,0.0
61.34,145.9,273.53,505.71,102.42,214.32,80.52,99.5,8.93,0.674,26313.2,134.1,7.7,109490.0,0.92,1.27,1,1,1,1.0,1.0,1.0
12.16,32.17,48.92,96.47,24.6,60.13,51.39,58.07,6.5,0.024,15144.3,99.7,7.49,185296.0,75.0,1.56,0,1,1,0.003,0.622,0.5
47.13,131.4,302.6,480.6,100.72,183.08,89.41,99.5,10.76,0.63,32420.4,74.7,0.84,205158.0,0.92,2.05,1,1,1,1.0,1.0,1.0
0.25,1.08,11.46,30.55,4.31,6.34,33.01,42.01,5.12,-0.285,7038.6,179.6,8.78,76360.0,75.0,0.1,0,0,0,0.0,0.002,0.0
77.9,199.11,345.11,624.33,102.56,260.49,84.07,99.5,10.07,1.066,32778.4,96.8,3.39,175654.0,0.92,1.34,1,1,1,1.0,1.0,1.0
2.42,6.16,17.68,24.21,3.06,3.9,32.12,38.52,6.37,-0.289,11264.8,100.5,0.72,166352.0,75.0,1.84,0,0,0,0.0,0.007,0.001
1.58,5.43,10.47,33.22,1.07,3.82,39.88,44.9,6.27,-0.368,17470.6,58.7,2.58,239796.0,75.0,2.5,0,0,0,0.0,0.033,0.026
0.01,0.41,4.54,14.46,0.44,1.42,32.16,37.52,5.22,-0.45,10144.0,150.2,7.51,100362.0,75.0,0.38,0,0,0,0.0,0.0,0.0
9.47,29.65,62.94,96.42,25.2,48.08,58.8,62.96,7.3,-0.013,14082.0,135.6,3.28,125958.0,68.15,1.01,0,1,0,0.02,0.736,0.271
1.34,1.67,26.37,27.37,2.71,5.44,36.58,45.23,6.01,-0.26,12931.8,67.0,3.75,177822.0,75.0,1.78,0,0,0,0.0,0.021,0.003
6.12,14.57,40.45,110.56,10.82,46.95,57.6,65.12,6.88,-0.143,16168.0,46.9,0.5,211291.0,64.18,1.99,0,0,1,0.006,0.322,0.745
1.28,2.05,2.37,32.0,0.71,1.13,34.56,42.41,5.01,-0.302,6185.5,133.7,1.08,101581.0,75.0,1.05,0,0,0,0.0,0.001,0.0
1.37,1.98,4.57,5.19,9.92,12.0,20.0,25.0,5.5,-0.45,11176.4,129.9,4.87,143226.0,75.0,1.36,0,0,0,0.0,0.001,0.001
17.99,32.54,57.98,133.71,16.59,44.55,63.24,70.21,6.62,0.11,13581.4,74.6,2.65,152165.0,54.82,1.94,0,1,1,0.046,0.513,0.83
0.1,7.88,8.23,25.93,1.55,1.77,38.18,39.4,5.26,-0.45,6657.6,172.9,3.82,66515.0,75.0,0.31,0,0,0,0.0,0.0,0.0
20.04,92.46,187.0,321.91,45.35,98.47,85.6,99.5,9.25,0.443,23056.8,56.9,2.82,166810.0,0.92,2.21,1,1,1,0.999,1.0,1.0
13.84,32.18,68.97,117.26,29.74,46.75,60.27,72.76,6.63,0.229,14282.3,97.7,4.35,150304.0,50.13,1.37,0,1,1,0.129,0.944,0.825
48.19,173.2,341.49,527.18,98.1,214.32,81.73,99.5,9.44,0.651,29262.4,171.8,8.67,66447.0,0.92,0.54,1,1,1,1.0,1.0,1.0
5.27,24.34,46.64,82.4,14.51,43.79,51.18,58.57,7.06,-0.112,16613.0,95.9,3.14,185741.0,75.0,1.92,0,0,0,0.004,0.445,0.489
46.99,169.98,330.38,511.4,94.35,238.69,79.26,99.5,10.67,0.663,31702.3,127.6,5.85,132846.0,0.92,0.43,1,1,1,1.0,1.0,1.0
12.98,24.42,42.73,115.73,14.69,30.3,56.1,63.43,6.5,-0.003,13151.7,92.7,2.5,156321.0,67.29,1.79,0,0,0,0.007,0.26,0.277
70.72,149.89,349.08,610.84,90.42,237.13,83.53,99.5,10.03,0.765,34000.0,74.8,5.38,206276.0,0.92,1.34,1,1,1,1.0,1.0,1.0
0.76,4.65,8.81,9.16,5.94,12.85,27.17,33.26,4.3,-0.286,6749.1,177.7,3.62,67055.0,75.0,0.7,0,0,0,0.0,0.0,0.0
43.84,108.09,182.81,279.37,36.3,84.27,81.89,99.5,8.38,0.62,22599.4,94.4,6.88,167339.0,0.92,1.33,1,1,1,1.0,1.0,1.0
25.52,82.54,173.57,278.69,49.21,107.98,80.98,99.5,7.69,0.446,18275.8,164.6,5.87,64387.0,0.92,0.15,1,1,1,0.994,0.999,1.0
1.43,12.59,17.26,17.99,1.3,6.45,28.17,33.32,5.41,-0.311,11895.1,68.3,0.7,183138.0,75.0,2.1,0,0,0,0.0,0.003,0.001
12.05,36.22,52.86,97.42,14.41,52.44,50.67,59.04,6.72,0.006,14168.9,65.9,3.93,188543.0,75.0,2.04,0,0,1,0.004,0.33,0.614
33.09,73.63,140.76,262.58,64.86,124.9,84.35,99.5,8.69,0.576,23394.1,39.5,1.47,233280.0,0.92,2.01,1,1,1,1.0,1.0,1.0
7.04,23.49,47.79,106.09,19.33,55.02,59.13,66.34,7.23,-0.024,13080.7,129.5,6.52,125778.0,61.93,0.65,0,1,1,0.031,0.672,0.508
2.95,3.51,10.39,46.17,0.94,1.36,34.16,40.01,6.26,-0.389,13054.2,88.4,5.04,197038.0,75.0,1.55,0,0,0,0.0,0.015,0.003
15.68,35.6,56.98,109.25,21.56,41.66,62.06,70.91,7.01,0.098,12221.2,160.3,6.59,93377.0,53.53,0.22,0,1,0,0.081,0.756,0.238
1.51,4.43,13.16,23.21,1.71,5.09,39.0,50.2,5.49,-0.252,7693.1,103.6,2.52,115048.0,75.0,1.07,0,0,0,0.0,0.004,0.0
26.84,92.19,181.94,329.07,56.9,132.02,83.47,99.5,7.76,0.344,18823.0,175.4,9.22,73474.0,0.92,0.4,1,1,1,0.996,1.0,1.0
0.21,6.5,8.33,48.32,1.03,1.58,40.82,43.66,6.12,-0.201,10588.3,61.9,2.17,183968.0,75.0,1.7,0,0,0,0.0,0.008,0.002
2.59,6.56,12.73,13.85,4.23,7.4,39.27,43.34,5.39,-0.308,10405.4,161.0,7.62,72370.0,75.0,0.7,0,0,0,0.0,0.007,0.0
0.76,6.87,11.26,12.97,1.47,5.01,37.83,43.52,6.18,-0.295,9572.9,147.6,0.5,90690.0,75.0,1.21,0,0,0,0.0,0.009,0.0
16.68,29.44,68.27,138.26,12.56,28.08,59.21,70.77,6.32,0.015,12281.8,146.8,6.32,93910.0,53.78,0.73,0,0,0,0.034,0.317,0.314
68.26,185.63,345.52,599.39,91.12,223.38,82.23,99.5,9.61,0.824,26818.8,157.5,3.7,70380.0,0.92,0.66,1,1,1,1.0,1.0,1.0
0.03,0.27,5.43,22.7,1.56,4.68,31.57,38.7,5.36,-0.286,6772.5,145.3,9.41,108634.0,75.0,1.4,0,0,0,0.0,0.0,0.0
1.14,1.42,5.83,13.64,1.85,4.74,31.51,35.2,5.35,-0.215,10687.7,125.8,5.81,107876.0,75.0,0.72,0,0,0,0.0,0.002,0.0
14.92,28.33,54.54,104.12,25.25,53.18,52.41,67.49,7.52,-0.089,15446.6,54.0,2.12,220513.0,59.83,2.46,0,1,1,0.074,0.783,0.908
24.43,98.75,178.35,267.09,53.46,134.11,89.06,99.5,10.2,0.392,27601.4,39.7,1.74,265895.0,0.92,2.63,1,1,1,1.0,1.0,1.0
11.5,30.49,50.67,99.07,13.24,39.85,53.57,59.38,5.95,-0.324,11180.6,168.5,2.87,57832.0,74.75,0.72,0,0,0,0.0,0.041,0.11
0.99,2.45,6.05,14.41,0.76,1.31,36.23,39.05,5.35,-0.382,9420.8,124.4,7.99,126435.0,75.0,1.48,0,0,0,0.0,0.002,0.0
8.28,19.7,55.92,126.92,24.41,58.72,58.68,67.23,5.95,-0.031,8073.2,150.5,9.5,61551.0,60.29,0.81,0,0,0,0.005,0.132,0.297
0.44,3.54,7.26,7.84,4.76,5.06,40.73,47.61,5.95,-0.269,8327.6,104.8,4.41,149701.0,75.0,1.2,0,0,0,0.0,0.004,0.001
11.54,28.26,68.37,144.02,28.79,60.88,62.95,72.95,8.08,0.171,18507.3,52.0,3.31,227229.0,49.77,2.46,0,1,1,0.42,0.973,0.986
1.36,1.6,4.27,31.65,1.22,1.47,37.41,45.09,6.05,-0.312,12547.6,53.2,1.32,227027.0,75.0,2.45,0,0,0,0.0,0.007,0.005
25.02,77.2,141.45,252.83,41.65,99.19,89.87,99.5,8.01,0.521,17790.9,134.4,2.78,119872.0,0.92,1.28,1,1,1,0.995,1.0,1.0
48.65,171.61,343.95,571.23,90.32,202.04,84.23,99.5,10.0,0.652,32313.6,97.4,3.48,176466.0,0.92,1.49,1,1,1,1.0,1.0,1.0
40.58,112.78,163.12,249.46,53.62,106.61,83.39,99.5,8.75,0.511,24141.8,64.1,2.74,241300.0,0.92,1.74,1,1,1,1.0,1.0,1.0
16.85,36.2,62.25,113.01,23.82,43.05,56.75,67.55,6.7,0.063,14676.3,106.3,2.97,178147.0,59.71,1.41,0,1,1,0.051,0.685,0.596
16.48,24.57,68.93,107.32,24.84,41.04,63.1,76.37,6.94,0.128,17386.7,44.3,1.98,218990.0,43.48,2.52,0,1,1,0.168,0.89,0.831
0.68,3.17,3.46,10.49,0.72,3.14,33.68,37.24,5.67,-0.35,7701.5,119.4,4.84,114970.0,75.0,1.47,0,0,0,0.0,0.001,0.0
32.61,99.02,156.43,243.05,44.07,132.88,80.11,95.78,8.59,0.385,22148.1,74.0,1.26,185103.0,7.77,1.69,1,1,1,0.998,1.0,1.0
16.12,33.64,75.3,145.57,15.56,35.66,71.04,83.95,7.58,0.121,13059.0,150.6,6.68,85020.0,29.53,0.81,1,1,1,0.693,0.935,0.65
57.05,140.67,306.72,528.6,89.92,185.07,87.92,99.5,10.33,0.807,31406.9,80.0,4.04,190767.0,0.92,1.34,1,1,1,1.0,1.0,1.0
1.88,3.3,5.86,75.42,0.66,2.42,46.66,51.75,5.81,-0.149,10277.6,101.0,3.85,141074.0,75.0,1.72,0,0,0,0.0,0.012,0.004
36.91,107.13,164.73,303.54,62.14,125.4,82.02,99.5,8.37,0.449,23546.8,36.7,2.05,234886.0,0.92,2.11,1,1,1,0.999,1.0,1.0
8.73,28.25,50.63,99.85,27.94,60.65,53.98,60.04,7.65,-0.107,15515.1,45.5,0.6,237964.0,73.53,2.46,0,1,1,0.023,0.757,0.756
0.12,1.12,5.07,12.95,2.16,7.18,25.26,33.88,5.18,-0.369,11660.5,91.9,3.99,168196.0,75.0,1.21,0,0,0,0.0,0.001,0.0
11.25,36.03,78.47,111.46,15.33,39.34,47.71,60.54,6.81,-0.001,15703.0,104.6,1.46,140296.0,72.61,1.69,0,0,1,0.004,0.492,0.537
52.37,141.09,289.33,436.54,66.37,154.06,83.76,99.5,9.15,0.685,26566.8,122.0,1.82,151219.0,0.92,1.23,1,1,1,1.0,1.0,1.0
46.85,145.74,285.78,556.75,65.14,219.22,85.31,99.5,9.37,0.707,28889.5,77.3,1.83,159066.0,0.92,1.53,1,1,1,1.0,1.0,1.0
22.16,81.93,146.8,292.94,32.15,124.54,84.01,99.5,7.69,0.361,18294.4,135.8,2.45,112156.0,0.92,1.14,1,1,1,0.993,0.998,1.0
0.06,0.75,3.24,20.17,6.04,7.99,36.49,41.63,4.91,-0.212,7651.4,159.7,4.01,87714.0,75.0,0.41,0,0,0,0.0,0.001,0.0
38.93,103.02,187.29,322.56,31.33,95.62,83.63,99.5,7.89,0.739,19251.1,148.1,4.61,102545.0,0.92,0.98,1,1,1,1.0,0.999,1.0
15.22,31.28,72.48,144.16,27.27,46.17,59.17,75.67,7.64,0.105,18679.8,40.7,2.04,233814.0,44.76,2.21,0,1,1,0.395,0.982,0.978
0.34,0.41,16.66,19.89,0.91,2.04,29.94,35.78,6.19,-0.352,12827.0,104.7,3.06,163548.0,75.0,0.86,0,0,0,0.0,0.006,0.0
0.05,0.81,1.22,7.24,6.81,11.01,28.73,38.27,5.82,-0.439,12277.3,50.2,0.5,219211.0,75.0,1.86,0,0,0,0.0,0.003,0.002
1.47,2.98,9.65,38.32,6.52,6.88,40.85,48.06,6.31,-0.282,14376.9,70.1,3.89,190363.0,75.0,1.74,0,0,0,0.0,0.041,0.006
2.54,3.18,5.2,10.29,2.25,5.44,33.45,43.04,4.53,-0.285,4482.4,178.1,3.55,60207.0,75.0,0.74,0,0,0,0.0,0.0,0.0
22.73,89.04,165.42,245.6,44.51,112.91,85.87,99.5,9.01,0.429,24351.1,55.7,1.89,204033.0,0.92,2.35,1,1,1,0.999,1.0,1.0
0.09,0.5,20.68,45.28,0.29,3.33,45.51,49.55,6.21,-0.286,12016.2,107.3,4.62,163007.0,75.0,1.83,0,0,0,0.0,0.014,0.004
0.57,2.53,5.08,5.67,0.76,1.23,29.89,40.25,5.63,-0.282,8347.0,124.6,4.81,120743.0,75.0,1.59,0,0,0,0.0,0.002,0.0
11.36,34.78,79.65,156.86,29.71,45.17,63.34,80.52,6.53,0.071,11962.3,136.9,7.49,128473.0,35.84,0.76,0,1,1,0.062,0.707,0.87
14.48,27.12,68.09,138.78,18.47,47.67,62.23,74.1,6.78,0.16,15429.8,116.1,5.07,140906.0,47.66,1.16,0,1,1,0.112,0.859,0.849
0.37,1.22,17.11,43.47,0.43,1.55,40.0,43.73,6.33,-0.282,13653.8,36.4,0.71,228481.0,75.0,2.23,0,0,0,0.0,0.021,0.008
0.14,11.38,20.89,30.53,2.36,7.18,41.13,47.93,6.55,-0.253,13210.8,82.3,6.11,190472.0,75.0,1.49,0,0,0,0.0,0.042,0.003
0.27,7.09,10.09,11.25,1.01,4.23,29.99,36.53,5.39,-0.413,10614.5,110.1,4.24,137006.0,75.0,0.75,0,0,0,0.0,0.001,0.001
9.59,29.47,70.93,139.53,22.85,53.22,68.52,83.77,7.95,0.104,21305.8,47.7,1.54,232284.0,29.86,2.18,1,1,1,0.563,0.988,0.994
0.35,1.87,3.26,35.88,4.76,5.35,36.07,40.31,5.41,-0.374,11193.3,85.8,4.49,180182.0,75.0,1.26,0,0,0,0.0,0.001,0.004
15.69,35.64,79.9,133.07,24.44,54.98,68.81,76.43,7.21,0.18,18674.4,39.8,1.57,223278.0,43.37,2.29,0,1,1,0.265,0.97,0.971
0.09,0.21,0.73,4.94,0.6,5.16,21.69,31.01,6.0,-0.45,14382.8,46.4,1.96,232257.0,75.0,2.84,0,0,0,0.0,0.008,0.001
1.51,10.4,11.88,45.34,1.9,4.29,38.19,44.07,5.78,-0.358,12178.3,92.6,7.39,177134.0,75.0,1.4,0,0,0,0.0,0.003,0.003
13.68,33.63,53.79,121.37,24.5,69.43,61.57,64.96,7.45,0.091,16421.9,54.2,1.63,232270.0,64.48,2.15,0,1,1,0.039,0.754,0.914
2.92,5.8,10.79,45.81,6.83,12.97,32.87,40.46,6.14,-0.302,12658.0,117.3,3.43,153740.0,75.0,1.47,0,0,0,0.0,0.016,0.01
1.75,2.05,9.14,12.64,1.66,3.48,30.58,36.54,6.0,-0.264,8893.1,135.0,5.01,125402.0,75.0,1.03,0,0,0,0.0,0.006,0.0
0.51,1.44,9.17,26.76,1.48,5.3,36.64,43.21,5.98,-0.252,7974.6,151.1,8.2,81784.0,75.0,0.8,0,0,0,0.0,0.003,0.0
5.0,6.27,9.47,18.62,5.5,7.01,32.24,39.13,6.39,-0.233,14550.9,64.0,0.5,239903.0,75.0,1.85,0,0,0,0.0,0.051,0.003
44.66,91.84,148.38,243.69,44.92,120.65,87.32,99.5,7.59,0.626,20681.8,59.3,0.5,187804.0,0.92,1.95,1,1,1,0.999,1.0,1.0
0.87,2.05,5.36,27.26,3.65,8.19,36.49,37.63,6.67,-0.414,15528.1,50.2,1.23,234044.0,75.0,1.87,0,0,0,0.0,0.008,0.004
43.81,102.42,152.88,256.15,41.49,111.59,80.31,99.5,8.67,0.59,19493.4,127.3,0.71,133730.0,0.92,1.31,1,1,1,1.0,1.0,1.0
42.62,111.15,175.08,296.63,53.07,147.38,82.24,99.5,7.99,0.472,16307.0,137.4,3.76,97461.0,0.92,0.39,1,1,1,1.0,1.0,1.0
20.78,74.34,183.62,341.8,41.58,81.58,87.69,99.5,9.34,0.34,26056.0,39.6,1.74,230639.0,0.92,2.6,1,1,1,0.999,1.0,1.0
1.06,6.1,7.67,40.34,0.81,4.11,41.89,47.51,5.19,-0.32,6195.6,170.8,3.24,73918.0,75.0,0.1,0,0,0,0.0,0.001,0.0
38.05,86.87,158.0,275.6,59.23,104.78,85.67,99.5,8.26,0.377,22962.0,42.5,0.5,248541.0,0.92,2.55,1,1,1,0.999,1.0,1.0
1.2,4.03,7.29,40.25,1.84,5.37,38.86,43.66,6.16,-0.273,10833.8,113.5,4.11,133115.0,75.0,1.14,0,0,0,0.0,0.006,0.001
1.1,4.3,4.88,31.84,0.09,3.67,40.67,47.56,5.41,-0.25,7566.8,137.8,6.96,110694.0,75.0,0.53,0,0,0,0.0,0.001,0.001
1.15,1.73,1.9,3.69,0.63,8.12,26.17,29.38,5.03,-0.326,5837.3,161.3,0.72,51410.0,75.0,0.74,0,0,0,0.0,0.0,0.0
79.23,153.06,289.09,553.6,71.83,231.51,83.76,99.5,9.47,0.84,29417.6,138.5,6.89,139770.0,0.92,1.17,1,1,1,1.0,1.0,1.0
0.36,3.72,5.87,7.63,0.59,4.52,31.66,37.92,6.02,-0.277,6938.2,151.3,7.52,82442.0,75.0,0.58,0,0,0,0.0,0.001,0.0
58.48,164.73,293.23,496.03,85.61,198.64,84.34,99.5,10.03,0.545,30940.4,84.2,4.39,183839.0,0.92,1.88,1,1,1,1.0,1.0,1.0
0.26,1.81,6.53,46.73,3.12,3.73,37.44,45.25,5.22,-0.315,7027.1,153.1,8.72,94699.0,75.0,0.1,0,0,0,0.0,0.002,0.0
55.91,130.64,252.85,427.94,69.98,167.07,85.75,99.5,9.51,0.863,31147.2,46.6,3.48,222590.0,0.92,1.81,1,1,1,1.0,1.0,1.0
54.23,142.27,263.57,442.47,94.42,193.33,85.32,99.5,8.38,0.686,24321.9,164.7,4.71,94450.0,0.92,0.91,1,1,1,1.0,1.0,1.0
51.87,125.94,280.93,538.81,62.95,186.34,79.91,99.5,10.0,0.606,29735.7,114.4,4.23,167788.0,0.92,1.17,1,1,1,1.0,1.0,1.0
13.46,31.53,72.86,146.18,11.15,36.97,62.35,73.95,6.73,0.061,14188.5,153.5,4.22,99563.0,47.92,0.12,0,1,1,0.09,0.534,0.587
36.77,109.87,208.15,302.28,39.77,121.77,84.63,99.5,8.44,0.581,22200.3,100.6,3.52,169123.0,0.92,1.22,1,1,1,1.0,1.0,1.0
63.86,166.7,331.51,485.97,102.8,251.85,88.4,99.5,9.55,0.762,29836.7,128.3,8.03,130951.0,0.92,0.76,1,1,1,1.0,1.0,1.0
0.76,3.22,7.54,10.06,0.24,0.31,31.82,38.28,5.38,-0.325,10827.1,111.3,1.2,161669.0,75.0,1.23,0,0,0,0.0,0.003,0.0
16.87,30.74,48.32,101.61,11.51,29.07,53.45,62.59,6.18,0.037,11136.0,141.1,2.75,103760.0,68.83,0.74,0,0,0,0.008,0.091,0.099
32.22,87.58,172.38,304.89,53.39,117.2,84.38,99.5,9.23,0.512,26140.0,46.8,2.8,239927.0,0.92,2.26,1,1,1,1.0,1.0,1.0
1.24,2.15,4.48,10.47,0.8,1.75,34.57,36.79,6.18,-0.281,16149.8,43.8,2.33,244156.0,75.0,2.23,0,0,0,0.0,0.014,0.004
21.96,77.2,159.44,266.33,64.15,134.79,81.59,99.5,8.77,0.524,22326.8,70.8,2.02,211242.0,0.92,2.27,1,1,1,0.998,1.0,1.0
2.64,4.75,5.59,49.68,4.33,6.56,32.67,40.74,5.61,-0.31,12470.4,58.1,2.93,200337.0,75.0,2.17,0,0,0,0.0,0.005,0.006
8.16,19.95,59.13,92.58,22.76,56.97,53.61,65.58,6.32,-0.029,12099.3,161.4,6.64,83785.0,63.34,0.7,0,0,0,0.007,0.342,0.277
0.24,3.29,8.18,13.35,1.32,7.58,32.76,38.5,6.35,-0.45,13431.7,66.8,4.14,203449.0,75.0,2.27,0,0,0,0.0,0.005,0.002
0.89,3.3,5.42,7.37,12.5,15.15,31.79,41.8,4.78,-0.251,3534.9,176.5,6.41,47637.0,75.0,0.23,0,0,0,0.0,0.0,0.0
0.49,3.62,7.5,10.68,4.19,4.45,32.04,33.38,5.07,-0.291,10834.9,83.8,4.48,203304.0,75.0,1.3,0,0,0,0.0,0.002,0.0
35.14,89.26,158.35,304.46,52.97,134.74,85.61,99.5,7.53,0.552,22325.2,61.4,5.07,206127.0,0.92,2.36,1,1,1,0.998,1.0,1.0
0.64,7.78,9.47,18.56,5.43,5.73,38.77,43.89,5.89,-0.422,9171.0,149.5,6.84,104851.0,75.0,0.78,0,0,0,0.0,0.004,0.0
22.72,97.49,205.77,347.51,46.95,114.78,89.83,99.5,8.92,0.341,22369.2,130.5,4.68,114730.0,0.92,1.05,1,1,1,0.998,1.0,1.0
26.43,78.74,154.62,237.51,45.86,112.25,83.71,99.5,8.18,0.414,18111.0,107.2,5.15,131411.0,0.92,1.15,1,1,1,0.995,0.999,1.0
13.66,30.43,71.29,119.66,18.19,50.34,64.17,72.98,6.91,-0.007,14604.1,115.5,3.28,132306.0,49.71,1.04,0,1,1,0.084,0.566,0.65
0.27,1.52,6.16,12.53,4.74,8.09,29.67,33.2,5.37,-0.232,9122.8,139.3,9.5,116147.0,75.0,1.14,0,0,0,0.0,0.002,0.0
0.2,1.87,7.66,20.03,4.33,9.18,40.81,43.48,6.03,-0.286,11923.3,68.1,2.61,208350.0,75.0,2.19,0,0,0,0.0,0.007,0.003
5.8,15.71,50.21,92.13,21.76,60.52,50.06,56.86,6.06,-0.077,8671.4,179.5,5.4,67065.0,75.0,0.54,0,0,0,0.002,0.06,0.146
1.03,2.37,6.53,8.39,2.57,6.75,34.81,42.46,4.89,-0.243,4525.1,176.3,3.52,73587.0,75.0,0.59,0,0,0,0.0,0.001,0.0
11.69,24.43,63.35,118.88,11.18,53.74,59.31,68.52,6.57,0.014,11279.0,129.3,7.08,119788.0,57.92,1.2,0,0,1,0.011,0.187,0.504
75.71,180.8,330.11,604.5,98.75,221.55,82.96,99.5,10.62,0.807,32030.5,63.9,3.24,210723.0,0.92,2.0,1,1,1,1.0,1.0,1.0
1.27,2.09,2.97,6.8,0.69,5.41,29.84,36.48,4.96,-0.304,7957.9,133.6,3.48,141883.0,75.0,0.91,0,0,0,0.0,0.0,0.0
6.82,28.04,58.74,107.97,16.01,46.4,55.68,65.55,7.58,0.092,19847.2,45.5,2.06,236009.0,63.39,2.58,0,1,1,0.033,0.893,0.89
57.7,153.47,329.98,557.62,97.4,234.44,84.11,99.5,10.05,0.693,34000.0,39.4,0.5,244810.0,0.92,2.2,1,1,1,1.0,1.0,1.0
40.38,83.44,193.15,311.21,55.14,132.41,82.34,99.5,8.53,0.504,22646.2,72.4,2.77,197573.0,0.92,1.95,1,1,1,0.999,1.0,1.0
34.15,108.99,172.03,285.76,34.47,84.47,78.9,99.5,8.4,0.554,20982.1,102.1,4.4,134956.0,0.92,1.17,1,1,1,0.999,1.0,1.0
37.82,73.02,176.41,307.06,45.43,103.66,85.32,99.5,7.66,0.598,18139.4,160.9,9.5,71251.0,0.92,0.38,1,1,1,0.996,0.999,1.0
0.16,6.53,11.51,16.43,0.15,1.53,32.36,36.99,4.94,-0.282,9500.1,140.4,2.97,118296.0,75.0,0.79,0,0,0,0.0,0.001,0.0
24.62,91.07,184.24,304.1,61.0,110.94,85.48,99.5,7.62,0.381,18996.2,142.7,1.71,108605.0,0.92,0.59,1,1,1,0.993,1.0,1.0
63.08,175.72,291.82,483.99,88.58,197.93,89.34,99.5,10.07,0.765,30675.0,96.7,1.83,170562.0,0.92,1.73,1,1,1,1.0,1.0,1.0
11.24,29.58,55.63,90.93,12.79,43.6,52.42,66.19,6.64,-0.23,14769.9,85.2,0.93,202954.0,62.22,1.25,0,0,1,0.006,0.186,0.686
7.27,30.4,70.42,117.88,26.62,57.62,62.78,69.29,7.23,-0.029,17132.0,88.8,5.24,184330.0,56.5,1.63,0,1,1,0.022,0.848,0.926
7.07,25.51,60.89,95.09,16.29,31.45,60.74,64.13,6.47,-0.123,11987.7,178.2,9.5,85032.0,65.99,0.37,0,0,0,0.004,0.171,0.08
0.46,1.48,5.46,8.12,0.06,1.39,37.29,38.68,6.68,-0.45,14124.9,40.8,1.66,232441.0,75.0,1.75,0,0,0,0.0,0.016,0.001
2.1,3.37,5.51,13.11,2.79,5.08,27.68,33.59,4.76,-0.231,5102.6,160.7,9.16,75028.0,75.0,0.44,0,0,0,0.0,0.0,0.0
6.19,17.7,38.33,93.73,10.6,34.11,53.07,61.1,6.62,-0.093,12821.9,118.9,4.45,136442.0,71.57,1.25,0,0,0,0.002,0.151,0.083
12.89,26.92,63.15,112.72,29.59,73.55,65.94,79.85,6.49,-0.032,13386.5,98.6,3.28,149610.0,37.08,1.59,0,1,1,0.127,0.738,0.922
15.4,39.62,60.77,128.31,16.43,53.19,63.01,76.12,6.84,0.135,13587.4,140.2,4.07,135180.0,43.94,0.81,0,1,1,0.102,0.639,0.863
0.56,1.42,14.17,17.0,2.84,6.77,36.01,37.29,5.65,-0.218,12458.4,105.6,3.11,165175.0,75.0,1.57,0,0,0,0.0,0.009,0.001
27.59,80.92,139.5,293.19,63.88,144.17,86.32,99.5,7.56,0.518,15474.6,161.6,1.15,93832.0,0.92,0.53,1,1,1,0.996,1.0,1.0
2.27,2.49,4.43,9.25,1.66,2.37,33.96,37.71,5.81,-0.269,10520.6,165.6,6.58,99817.0,75.0,0.51,0,0,0,0.0,0.004,0.0
0.99,3.65,4.22,5.91,0.07,5.08,32.15,41.12,5.57,-0.429,9489.8,96.1,3.3,134320.0,75.0,1.57,0,0,0,0.0,0.002,0.001
9.3,21.14,59.48,96.64,18.54,55.89,49.69,62.79,6.76,-0.111,15331.7,75.1,3.64,198654.0,68.46,2.08,0,0,1,0.007,0.366,0.81
12.46,29.88,49.6,88.65,21.65,37.36,60.04,67.53,6.74,-0.065,12802.8,120.9,4.43,115271.0,59.74,0.94,0,1,0,0.009,0.529,0.14
2.44,3.52,5.67,9.26,4.19,7.79,30.43,34.55,5.3,-0.37,8921.9,167.3,5.37,79140.0,75.0,0.34,0,0,0,0.0,0.002,0.0
10.85,28.8,55.21,108.49,17.15,44.47,55.13,65.73,6.51,0.035,13286.5,65.5,1.27,196669.0,63.05,1.73,0,0,1,0.016,0.33,0.752
27.87,65.98,118.22,212.15,38.81,127.78,84.47,94.27,7.11,0.416,15538.4,125.3,4.55,139530.0,10.54,0.98,1,1,1,0.968,0.996,1.0
12.95,37.24,62.43,112.51,24.4,56.73,60.61,69.56,6.79,-0.047,12265.1,126.6,6.11,131531.0,56.02,1.49,0,1,0,0.011,0.585,0.436
11.86,29.65,62.17,130.46,23.36,67.08,60.36,73.51,7.16,0.033,15672.6,141.3,2.04,130615.0,48.74,1.02,0,1,1,0.056,0.784,0.903
3.55,4.92,5.06,5.2,0.26,0.54,30.43,41.51,5.91,-0.219,12371.1,54.1,1.98,206079.0,75.0,1.76,0,0,0,0.0,0.013,0.001
9.85,18.75,52.5,92.01,20.28,38.37,52.97,60.56,6.28,-0.039,14028.1,138.8,5.44,124083.0,72.56,0.71,0,0,0,0.002,0.335,0.165
40.69,106.89,180.08,332.93,36.5,121.27,83.4,99.5,9.05,0.585,18808.3,166.8,3.68,82262.0,0.92,0.6,1,1,1,1.0,1.0,1.0
12.1,25.7,43.23,81.8,27.26,60.46,49.88,59.09,5.24,-0.14,12572.5,61.1,1.49,182206.0,75.0,1.73,0,0,1,0.0,0.055,0.506
25.93,80.76,137.23,225.14,61.77,126.95,84.02,99.5,8.21,0.418,21511.6,69.4,2.72,182888.0,0.92,1.66,1,1,1,0.999,1.0,1.0
9.7,33.83,60.8,107.62,15.46,47.41,64.27,71.4,6.16,-0.082,10446.7,175.9,2.57,66729.0,52.63,0.76,0,0,0,0.011,0.127,0.119
33.96,69.61,158.85,301.92,51.56,139.4,86.68,99.5,9.07,0.419,22706.4,61.2,2.53,223194.0,0.92,1.81,1,1,1,1.0,1.0,1.0
26.91,69.59,161.43,256.51,33.19,78.5,84.33,99.5,7.74,0.297,17193.5,158.9,3.0,96293.0,0.92,0.89,1,1,1,0.995,0.995,1.0
39.21,75.36,142.73,233.06,56.42,124.11,84.27,99.5,7.96,0.676,17309.8,106.4,5.76,134831.0,0.92,1.73,1,1,1,0.999,1.0,1.0
53.22,168.24,345.78,559.0,73.79,200.69,85.3,99.5,10.17,0.82,33726.8,70.8,5.46,192877.0,0.92,1.64,1,1,1,1.0,1.0,1.0
17.14,26.01,49.02,93.27,22.64,57.17,49.91,54.84,7.09,-0.135,12425.2,161.3,3.15,116757.0,75.0,0.3,0,0,0,0.006,0.354,0.197
53.25,136.22,329.76,575.64,106.71,253.09,84.78,99.5,10.09,0.616,30918.5,99.6,4.44,162185.0,0.92,1.37,1,1,1,1.0,1.0,1.0
10.23,20.3,54.19,101.79,18.51,46.28,54.7,66.04,6.43,-0.056,13320.6,109.6,2.4,143512.0,62.49,0.98,0,0,1,0.005,0.303,0.535
43.41,81.17,142.75,271.39,60.93,151.42,81.56,99.5,8.75,0.677,21189.5,87.1,4.68,182869.0,0.92,1.66,1,1,1,1.0,1.0,1.0
0.98,1.07,2.87,33.01,1.39,5.93,32.16,38.08,5.58,-0.308,9947.6,121.0,1.48,146277.0,75.0,1.08,0,0,0,0.0,0.001,0.0
8.5,16.92,49.28,121.02,29.81,70.2,51.56,64.19,7.44,0.047,13723.6,58.7,2.56,202704.0,65.9,2.14,0,1,1,0.037,0.818,0.938
33.85,93.2,192.65,274.23,63.31,132.52,85.43,99.5,9.54,0.619,24703.7,91.7,1.77,177490.0,0.92,1.98,1,1,1,1.0,1.0,1.0
3.65,7.26,7.92,10.09,0.87,1.95,32.46,36.86,5.05,-0.301,5121.2,175.6,5.49,64389.0,75.0,0.61,0,0,0,0.0,0.0,0.0
10.71,28.98,57.07,89.9,29.51,57.27,53.99,60.02,6.82,-0.052,15533.9,72.4,1.19,203875.0,73.56,1.98,0,1,1,0.011,0.775,0.743
41.28,79.24,177.84,271.71,53.78,130.18,84.05,99.5,8.02,0.668,19900.1,130.2,6.49,126273.0,0.92,0.42,1,1,1,1.0,1.0,1.0
2.89,3.85,4.32,28.31,0.81,1.73,43.82,48.52,6.53,-0.164,12045.8,82.2,1.64,188646.0,75.0,1.83,0,0,0,0.0,0.024,0.003
11.32,21.81,45.71,94.98,15.55,44.05,53.62,58.34,6.69,0.002,10381.5,147.2,6.61,92028.0,75.0,1.29,0,0,0,0.002,0.254,0.133
10.0,31.17,73.72,108.77,26.47,69.42,50.97,59.75,7.17,-0.047,18083.9,54.0,1.55,202909.0,74.06,1.2,0,1,1,0.007,0.796,0.892
13.93,38.87,63.92,135.43,23.47,48.18,70.29,76.12,6.65,0.174,10674.0,175.6,5.78,83434.0,43.94,0.57,0,1,1,0.088,0.528,0.51
1.46,3.25,4.08,6.38,2.5,6.86,32.29,33.76,5.69,-0.411,9171.6,100.8,3.8,157850.0,75.0,1.38,0,0,0,0.0,0.003,0.0
0.91,2.65,3.44,10.17,4.1,10.85,26.61,32.72,6.53,-0.447,13917.7,69.2,1.47,201203.0,75.0,1.63,0,0,0,0.0,0.01,0.002
1.3,16.14,25.08,26.97,1.02,1.51,47.01,46.64,6.19,-0.309,14444.6,45.7,1.77,220616.0,75.0,2.46,0,0,0,0.0,0.04,0.004
0.75,4.5,5.17,30.66,1.68,6.52,33.8,39.97,6.42,-0.161,13471.8,59.6,3.73,221943.0,75.0,2.53,0,0,0,0.0,0.015,0.004
0.06,0.3,4.18,26.04,4.14,8.22,38.88,41.62,6.43,-0.419,8531.5,110.4,2.32,138442.0,75.0,1.53,0,0,0,0.0,0.005,0.001
25.02,67.82,170.71,259.76,54.01,123.36,86.15,99.5,8.53,0.471,21332.4,83.9,4.7,177327.0,0.92,1.56,1,1,1,0.999,1.0,1.0
10.48,25.96,69.32,142.39,27.3,54.5,61.86,71.89,7.1,0.179,14163.1,155.2,9.5,105564.0,51.73,0.37,0,1,1,0.121,0.919,0.806
22.67,97.59,156.31,277.56,39.26,107.35,87.85,99.5,8.43,0.404,19938.9,97.5,1.98,180620.0,0.92,1.52,1,1,1,0.995,1.0,1.0
0.44,6.12,19.93,26.26,0.15,3.96,32.88,38.24,6.14,-0.386,11543.1,71.1,0.63,186867.0,75.0,2.12,0,0,0,0.0,0.002,0.001
9.9,34.66,52.34,88.3,23.99,61.75,62.84,74.15,6.37,0.078,13314.5,124.5,5.03,160012.0,47.56,0.98,0,1,1,0.044,0.543,0.556
0.76,1.58,3.06,8.01,0.51,7.17,28.58,33.75,6.3,-0.434,9167.5,137.5,3.46,119719.0,75.0,0.82,0,0,0,0.0,0.002,0.0
21.63,72.92,167.77,248.08,60.73,139.58,81.72,99.5,8.6,0.289,21764.6,59.2,4.06,193291.0,0.92,2.87,1,1,1,0.997,1.0,1.0
21.83,92.63,171.87,304.05,60.87,149.34,87.24,99.5,8.85,0.472,22281.9,59.3,2.11,214370.0,0.92,2.35,1,1,1,0.999,1.0,1.0
30.22,74.73,140.17,281.45,62.53,106.5,82.93,99.5,8.5,0.551,21187.3,40.3,0.83,225874.0,0.92,2.64,1,1,1,0.999,1.0,1.0
0.02,4.35,6.3,10.18,0.42,1.91,32.84,38.02,5.81,-0.392,8341.5,141.8,2.03,116377.0,75.0,0.41,0,0,0,0.0,0.002,0.0
44.29,118.37,188.26,345.36,40.5,127.49,84.63,99.5,8.05,0.55,19722.8,131.3,7.17,121855.0,0.92,0.78,1,1,1,0.999,0.999,1.0
7.76,29.81,55.42,95.2,28.7,50.12,52.93,60.48,6.55,-0.084,16574.8,103.8,2.57,156528.0,72.71,1.41,0,1,1,0.002,0.525,0.714
44.8,84.14,134.74,284.4,50.53,113.72,84.54,99.5,7.91,0.586,17750.6,157.4,5.63,77440.0,0.92,0.32,1,1,1,1.0,1.0,1.0
6.07,23.84,50.65,104.83,22.61,56.81,57.14,68.01,6.86,-0.121,12948.7,151.8,7.93,112664.0,58.85,1.18,0,1,1,0.01,0.509,0.595
17.49,36.62,61.81,108.29,19.54,42.32,56.01,64.68,6.48,-0.091,13013.4,119.9,3.15,118806.0,64.99,1.58,0,0,0,0.011,0.218,0.214
0.57,5.18,13.04,24.9,1.75,3.7,40.32,46.47,5.21,-0.407,7581.8,160.9,5.5,70289.0,75.0,0.41,0,0,0,0.0,0.001,0.0
13.27,34.97,72.11,103.88,24.62,61.22,53.38,65.92,7.67,-0.097,18965.7,64.8,2.25,207694.0,62.71,2.48,0,1,1,0.06,0.926,0.912
0.13,0.53,6.74,16.56,3.45,4.16,32.46,38.51,6.06,-0.444,14914.6,51.2,2.42,242569.0,75.0,2.14,0,0,0,0.0,0.015,0.004
0.04,0.48,2.89,11.78,3.9,8.31,31.85,33.74,6.13,-0.385,10869.1,74.1,3.38,185775.0,75.0,2.59,0,0,0,0.0,0.004,0.002
5.57,5.78,6.34,7.39,1.55,2.63,45.21,45.96,6.77,-0.309,17093.6,43.3,1.34,238581.0,75.0,2.3,0,0,0,0.0,0.098,0.007
72.35,150.31,269.59,474.02,78.79,225.13,80.31,99.5,9.8,0.807,28758.8,112.0,4.05,161677.0,0.92,1.44,1,1,1,1.0,1.0,1.0
2.18,2.49,9.19,19.15,1.4,1.75,36.23,40.19,5.17,-0.427,9412.4,170.8,4.84,87251.0,75.0,0.85,0,0,0,0.0,0.001,0.0
38.49,75.88,142.54,230.17,48.58,124.06,84.84,99.5,9.58,0.432,25008.9,40.7,0.5,226486.0,0.92,2.67,1,1,1,1.0,1.0,1.0
80.63,194.67,391.17,637.7,74.9,198.71,83.1,99.5,10.58,0.851,34000.0,52.7,2.09,200387.0,0.92,2.27,1,1,1,1.0,1.0,1.0
63.32,167.28,328.76,567.06,64.15,203.89,83.51,99.5,9.92,0.773,29222.4,100.6,6.95,126204.0,0.92,1.39,1,1,1,1.0,1.0,1.0
23.59,59.64,140.78,267.29,31.22,99.57,82.23,99.5,7.06,0.465,15246.1,170.4,3.25,71563.0,0.92,0.59,1,1,1,0.964,0.984,1.0
33.36,70.46,163.16,259.98,57.81,114.9,81.17,99.5,8.53,0.6,23570.6,80.8,1.7,200660.0,0.92,1.47,1,1,1,1.0,1.0,1.0
0.78,6.34,12.9,31.18,0.35,0.52,41.8,48.05,6.12,-0.271,11139.6,108.5,2.1,132879.0,75.0,1.37,0,0,0,0.0,0.013,0.001
1.12,2.44,12.03,17.19,1.06,3.67,33.78,34.5,5.93,-0.3,14965.4,41.0,1.97,241269.0,75.0,1.95,0,0,0,0.0,0.007,0.002
15.35,27.91,71.17,128.16,26.82,57.59,57.94,67.13,7.22,-0.033,18414.4,56.5,2.43,197936.0,60.48,1.53,0,1,1,0.035,0.852,0.956
15.04,23.91,62.89,119.08,18.99,37.34,55.63,64.94,6.62,0.054,10988.4,178.1,5.72,67917.0,64.5,0.34,0,0,0,0.031,0.447,0.121
1.62,1.98,2.83,4.45,0.01,3.81,30.15,37.3,5.08,-0.426,7665.8,174.9,3.23,80686.0,75.0,0.75,0,0,0,0.0,0.001,0.0
8.52,19.06,43.66,98.62,20.07,46.08,49.68,61.19,7.17,-0.053,16110.7,35.7,1.31,227248.0,71.42,2.64,0,1,1,0.007,0.672,0.673
11.43,26.7,66.38,97.86,27.36,49.68,48.22,56.67,5.87,-0.162,11190.8,173.0,1.18,74942.0,75.0,0.38,0,0,0,0.0,0.063,0.082
38.04,89.25,156.91,286.13,56.91,121.66,82.0,99.5,8.41,0.467,19196.0,127.7,4.8,120567.0,0.92,1.57,1,1,1,0.999,1.0,1.0
11.07,20.07,62.79,135.13,17.96,55.91,66.05,74.4,6.31,0.043,12789.2,160.8,8.15,97559.0,47.1,0.4,0,0,1,0.026,0.275,0.774
9.07,29.49,59.99,113.03,11.13,55.09,53.34,64.45,6.83,0.074,12897.6,100.9,1.26,162405.0,65.42,0.85,0,0,1,0.016,0.257,0.659
15.89,37.37,61.52,106.0,21.46,61.85,54.75,66.89,7.79,0.101,14801.0,109.8,0.81,149134.0,60.92,0.65,0,1,1,0.17,0.908,0.702
17.15,29.72,62.94,129.14,14.53,41.75,66.77,71.93,6.58,0.029,13343.8,105.9,6.72,176316.0,51.65,1.0,0,0,1,0.04,0.313,0.824
52.5,164.43,352.17,615.03,93.5,201.28,87.82,99.5,9.68,0.586,31022.7,131.7,3.16,131900.0,0.92,1.24,1,1,1,1.0,1.0,1.0
1.3,6.29,10.22,16.61,5.05,11.36,32.19,41.38,6.78,-0.391,13883.2,55.2,3.06,203345.0,75.0,1.89,0,0,0,0.0,0.059,0.005
16.47,39.83,66.64,139.62,21.41,37.55,61.06,74.43,7.43,0.153,17129.0,39.3,1.27,231497.0,47.05,2.45,0,1,1,0.243,0.946,0.884
13.27,29.27,52.52,131.04,11.1,54.48,62.0,73.51,6.61,0.079,14999.7,79.6,2.56,183282.0,48.74,2.23,0,0,1,0.067,0.465,0.882
7.07,21.48,49.0,115.55,14.31,58.9,55.48,65.74,6.4,-0.013,10520.1,137.2,5.88,116590.0,63.03,0.58,0,0,1,0.009,0.114,0.578
1.66,5.56,6.01,13.77,5.82,6.92,32.8,39.94,6.61,-0.375,15344.6,64.3,1.23,240745.0,75.0,2.1,0,0,0,0.0,0.016,0.007
0.19,1.85,12.51,20.51,1.04,4.71,37.41,40.08,5.43,-0.321,9767.9,132.6,4.96,126386.0,75.0,1.14,0,0,0,0.0,0.002,0.0
3.32,3.44,4.11,5.82,0.18,1.44,30.29,35.02,4.62,-0.337,5043.1,175.6,4.94,38697.0,75.0,0.1,0,0,0,0.0,0.0,0.0
0.31,2.3,3.89,10.12,5.69,6.28,29.26,34.54,6.65,-0.291,14536.6,48.6,0.55,213519.0,75.0,2.58,0,0,0,0.0,0.024,0.002
29.71,74.99,157.94,296.85,58.59,126.94,83.05,99.5,7.6,0.569,18059.1,132.5,5.44,91982.0,0.92,0.89,1,1,1,0.996,1.0,1.0
16.11,37.46,57.17,99.44,23.43,67.68,49.53,61.36,6.24,0.061,14581.1,99.3,3.01,155840.0,71.09,1.34,0,0,1,0.004,0.472,0.65
0.57,1.22,9.35,12.03,2.39,2.51,30.56,37.79,5.01,-0.262,7604.8,160.9,5.18,57134.0,75.0,1.21,0,0,0,0.0,0.001,0.0
5.25,20.92,55.62,92.74,25.28,44.14,53.61,65.65,7.6,-0.085,17127.5,60.7,0.8,194102.0,63.2,2.16,0,1,1,0.014,0.879,0.884
0.92,1.84,7.42,26.98,0.14,0.89,30.9,40.06,5.13,-0.396,6760.1,135.4,8.62,94672.0,75.0,1.21,0,0,0,0.0,0.0,0.0
80.71,175.64,328.55,492.07,109.74,263.59,87.27,99.5,9.54,0.95,29810.1,156.5,7.95,97930.0,0.92,1.04,1,1,1,1.0,1.0,1.0
5.03,22.39,63.56,115.08,18.74,45.12,58.55,66.14,6.33,-0.092,11088.1,172.0,9.0,73645.0,62.3,0.22,0,0,0,0.005,0.222,0.278
46.15,163.57,314.68,529.03,72.78,215.51,83.64,99.5,10.11,0.591,30799.4,134.1,3.96,123659.0,0.92,1.33,1,1,1,1.0,1.0,1.0
1.89,3.91,13.31,14.78,3.09,5.95,42.93,46.63,6.35,-0.277,9317.2,107.1,0.5,149923.0,75.0,1.19,0,0,0,0.0,0.012,0.001
25.78,66.07,134.13,282.63,57.57,133.05,86.05,99.5,7.83,0.39,16003.3,124.6,8.74,109580.0,0.92,0.93,1,1,1,0.994,1.0,1.0
0.11,7.86,9.31,20.52,3.25,3.75,33.63,42.74,6.22,-0.363,7779.6,161.0,5.46,94513.0,75.0,0.49,0,0,0,0.0,0.007,0.0
1.27,1.35,1.78,17.19,0.34,2.39,30.52,40.2,6.41,-0.346,12617.7,117.7,2.53,167547.0,75.0,1.0,0,0,0,0.0,0.005,0.001
0.34,1.71,2.03,18.9,0.16,6.53,34.28,39.43,6.18,-0.287,13934.1,39.4,1.67,238851.0,75.0,2.56,0,0,0,0.0,0.011,0.004
13.61,28.7,69.69,109.0,15.29,34.4,54.77,63.04,6.6,-0.091,10729.3,170.0,9.5,69626.0,68.01,0.52,0,0,0,0.003,0.267,0.102
0.58,11.38,12.09,33.42,2.11,2.17,35.55,45.63,5.7,-0.19,7472.8,135.0,4.67,96601.0,75.0,0.8,0,0,0,0.0,0.003,0.0
17.28,41.79,84.54,139.63,14.41,41.15,56.05,67.49,7.34,0.139,14413.7,133.1,7.72,106666.0,59.81,1.17,0,1,1,0.097,0.663,0.549
35.35,85.51,178.0,321.64,37.33,99.6,86.71,99.5,9.34,0.506,25054.1,66.3,3.61,207268.0,0.92,1.84,1,1,1,1.0,1.0,1.0
3.8,4.52,6.22,6.65,0.81,2.43,33.71,35.04,5.57,-0.45,9259.3,130.5,2.04,139451.0,75.0,0.91,0,0,0,0.0,0.001,0.0
0.13,0.13,3.56,7.86,0.04,6.92,30.99,36.2,5.47,-0.45,10068.4,92.1,2.11,173381.0,75.0,1.57,0,0,0,0.0,0.001,0.001
34.61,76.46,178.37,278.66,37.96,127.17,84.72,99.5,8.63,0.501,21899.3,129.4,6.76,136684.0,0.92,1.16,1,1,1,1.0,1.0,1.0
7.33,30.28,69.36,114.85,10.69,28.17,61.44,73.6,7.06,0.058,18855.8,50.5,0.5,230068.0,48.57,2.27,0,1,1,0.155,0.849,0.824
22.74,93.37,167.61,250.21,49.48,100.92,88.29,99.5,8.11,0.515,19217.9,130.4,4.21,131133.0,0.92,0.9,1,1,1,0.996,1.0,1.0
8.06,18.79,56.65,86.68,18.78,36.39,53.4,61.18,5.64,-0.125,10045.9,179.9,1.66,54225.0,71.42,0.56,0,0,0,0.001,0.042,0.061
12.18,26.06,41.91,94.96,21.41,43.84,47.98,58.92,7.34,-0.112,17328.5,42.0,1.11,232220.0,75.0,2.2,0,1,1,0.008,0.786,0.636
1.74,2.9,8.43,18.82,4.07,6.84,34.87,38.72,5.67,-0.441,7602.4,176.7,5.23,55246.0,75.0,0.15,0,0,0,0.0,0.003,0.0
52.43,171.78,352.25,628.38,64.68,191.98,82.82,99.5,10.52,0.718,34000.0,94.0,2.68,167459.0,0.92,1.09,1,1,1,1.0,1.0,1.0
32.29,94.13,202.94,325.52,54.0,113.1,82.2,99.5,8.23,0.469,20052.0,161.3,4.04,91452.0,0.92,0.86,1,1,1,0.999,1.0,1.0
56.96,147.08,260.55,440.42,68.65,185.24,83.46,99.5,8.92,0.677,24950.4,148.4,2.26,127047.0,0.92,0.75,1,1,1,1.0,1.0,1.0
10.99,32.0,62.07,115.22,14.63,55.21,58.9,71.83,7.53,0.027,15038.4,117.2,8.94,119693.0,51.84,1.26,0,1,1,0.111,0.811,0.8
22.28,96.57,175.13,270.01,42.4,83.25,82.31,99.5,8.57,0.361,19214.4,142.1,9.5,116732.0,0.92,1.16,1,1,1,0.999,1.0,1.0
7.16,20.87,52.5,88.97,23.52,63.85,46.08,58.33,5.51,-0.048,9221.0,162.4,2.29,107357.0,75.0,0.41,0,0,0,0.0,0.099,0.141
12.44,25.49,44.13,74.91,24.64,58.49,49.67,60.48,6.61,-0.089,12775.0,93.6,5.94,179062.0,72.71,1.12,0,0,0,0.003,0.241,0.312
31.91,70.99,133.41,278.62,46.79,139.75,83.24,99.5,8.16,0.465,18273.0,82.4,2.29,193590.0,0.92,1.71,1,1,1,0.999,1.0,1.0
12.59,16.62,17.81,20.97,0.59,15.73,30.09,39.37,5.88,-0.161,11720.6,131.8,4.92,130654.0,75.0,1.08,0,0,0,0.0,0.014,0.001
0.49,3.55,16.33,36.88,1.82,2.47,35.71,40.43,5.44,-0.363,11703.2,152.1,5.15,116910.0,75.0,0.62,0,0,0,0.0,0.004,0.001
0.23,1.93,14.07,42.25,0.36,1.55,35.37,46.8,4.78,-0.35,8369.9,145.5,3.37,89050.0,75.0,1.23,0,0,0,0.0,0.0,0.002
34.72,88.82,145.98,255.52,63.42,155.74,83.62,99.5,7.49,0.391,14222.5,150.7,7.94,78392.0,0.92,0.1,1,1,1,0.994,1.0,1.0
12.27,31.07,52.73,119.83,11.05,32.67,60.43,69.14,6.38,-0.068,15434.7,98.2,3.66,162113.0,56.77,1.81,0,0,0,0.014,0.335,0.481
5.08,19.63,60.14,139.27,23.36,60.7,69.05,77.9,6.26,-0.035,10421.1,153.6,4.06,63279.0,40.66,0.91,0,0,1,0.015,0.485,0.748
55.51,156.73,333.02,542.64,64.43,203.7,83.14,99.5,10.66,0.778,34000.0,52.4,0.6,235543.0,0.92,2.26,1,1,1,1.0,1.0,1.0
7.85,17.52,46.86,80.59,22.59,56.8,52.63,58.94,6.87,-0.173,14293.6,114.0,2.16,161570.0,75.0,0.24,0,1,0,0.002,0.543,0.311
0.36,8.7,15.66,17.06,2.76,4.29,41.88,50.36,6.13,-0.277,13113.0,35.8,0.5,230498.0,75.0,2.74,0,0,0,0.0,0.015,0.004
14.75,36.37,55.91,119.0,27.25,51.96,55.44,58.59,7.26,-0.13,15639.3,82.1,2.89,175961.0,75.0,1.39,0,1,1,0.01,0.686,0.634
22.01,58.1,114.7,195.04,41.44,97.91,80.92,99.5,8.0,0.37,16669.8,88.1,1.19,173150.0,0.93,1.46,1,1,1,0.998,0.999,1.0
0.14,2.77,22.04,49.78,0.58,5.73,44.42,55.22,6.01,-0.199,11432.6,92.4,2.79,169846.0,75.0,1.5,0,0,0,0.0,0.013,0.006
17.18,40.59,82.12,151.45,15.86,33.37,65.62,76.73,7.76,0.156,15126.3,135.8,8.1,118896.0,42.82,1.05,0,1,1,0.464,0.938,0.765
0.8,0.94,26.88,32.21,6.36,11.55,32.91,42.43,6.6,-0.181,14270.4,91.3,5.17,178764.0,75.0,1.76,0,0,0,0.0,0.04,0.004
10.35,20.36,42.47,106.13,26.6,70.98,49.24,60.01,6.06,-0.081,11970.6,100.1,3.44,157338.0,73.58,1.71,0,0,1,0.001,0.209,0.786
0.17,0.59,0.77,4.39,3.44,4.21,30.76,34.86,5.03,-0.368,11520.3,69.4,2.32,210815.0,75.0,2.12,0,0,0,0.0,0.001,0.001
0.95,2.43,4.01,15.57,1.4,2.82,37.49,43.54,6.13,-0.356,11680.2,89.1,6.13,179743.0,75.0,1.67,0,0,0,0.0,0.01,0.001
13.96,26.71,61.01,138.87,24.58,52.13,52.64,62.03,7.15,0.147,18205.9,68.0,3.02,189351.0,69.86,2.03,0,1,1,0.022,0.825,0.931
74.9,193.46,332.78,571.5,81.72,227.2,84.51,99.5,10.4,0.963,34000.0,45.6,1.33,245291.0,0.92,1.89,1,1,1,1.0,1.0,1.0
27.38,99.89,184.38,292.65,44.68,103.81,78.42,99.5,8.66,0.49,23064.0,122.5,1.14,112626.0,0.92,0.9,1,1,1,0.999,1.0,1.0
50.85,124.96,263.92,468.14,78.09,159.2,84.95,99.5,8.25,0.741,25573.6,131.9,5.55,120348.0,0.92,1.26,1,1,1,1.0,1.0,1.0
12.53,22.99,44.32,80.36,20.41,38.26,43.15,52.64,6.38,-0.06,13693.9,124.8,6.23,144712.0,75.0,1.34,0,0,0,0.002,0.096,0.16
0.36,1.86,2.59,9.68,0.84,7.74,33.29,40.25,5.23,-0.253,9626.3,102.2,2.42,146506.0,75.0,1.63,0,0,0,0.0,0.002,0.0
1.9,14.25,17.27,27.54,5.86,7.65,33.9,44.55,5.81,-0.308,11401.6,90.1,3.62,176561.0,75.0,1.43,0,0,0,0.0,0.008,0.003
67.23,159.97,319.1,470.41,99.19,258.01,86.26,99.5,9.12,0.999,27076.4,160.2,4.56,95930.0,0.92,0.86,1,1,1,1.0,1.0,1.0
5.85,27.47,49.72,89.6,23.87,40.19,50.19,57.42,6.5,-0.27,12945.7,110.3,3.49,134772.0,75.0,0.95,0,0,0,0.001,0.197,0.12
63.53,133.62,293.51,498.2,105.77,243.4,81.66,99.5,10.03,0.759,30797.0,104.5,0.5,153535.0,0.92,1.7,1,1,1,1.0,1.0,1.0
0.16,1.26,11.98,27.49,1.8,4.67,32.2,37.35,6.48,-0.232,14175.9,38.7,1.2,231191.0,75.0,2.24,0,0,0,0.0,0.04,0.003
0.61,2.81,8.72,10.35,7.0,7.96,39.27,41.36,5.27,-0.346,13221.7,84.5,4.43,170347.0,75.0,2.17,0,0,0,0.0,0.002,0.003
10.82,19.21,50.72,99.81,15.0,59.56,57.99,67.81,8.01,0.043,18124.2,90.1,2.13,206371.0,59.23,1.13,0,1,1,0.221,0.929,0.845
0.67,2.01,4.5,5.98,1.0,2.43,27.24,37.97,5.28,-0.398,11667.5,92.8,3.34,157158.0,75.0,2.07,0,0,0,0.0,0.001,0.001
0.75,5.61,6.46,17.69,0.08,1.41,23.06,28.81,5.65,-0.4,10911.4,119.1,2.55,152124.0,75.0,1.06,0,0,0,0.0,0.002,0.0
11.14,20.41,51.73,97.24,29.86,63.79,57.66,67.47,6.19,-0.038,12056.5,112.4,4.66,139261.0,59.86,1.15,0,0,1,0.004,0.296,0.501
8.17,17.92,34.14,68.68,23.6,64.25,51.41,54.26,6.42,-0.056,12192.4,123.1,3.83,115925.0,75.0,1.17,0,0,0,0.001,0.202,0.193
0.2,1.49,3.24,15.65,0.4,11.13,20.83,28.06,4.29,-0.424,6809.3,145.9,2.64,106453.0,75.0,0.58,0,0,0,0.0,0.0,0.0
1.56,9.32,10.62,21.25,2.64,6.98,28.54,34.01,6.14,-0.45,9378.7,152.9,9.02,106277.0,75.0,0.67,0,0,0,0.0,0.001,0.0
20.53,95.47,201.15,290.73,49.02,106.33,81.91,99.5,8.21,0.286,20447.6,139.1,7.2,126854.0,0.92,0.66,1,1,1,0.992,1.0,1.0
16.43,36.28,57.99,89.68,15.83,31.98,54.31,61.31,6.3,-0.086,9941.8,173.6,4.18,95173.0,71.19,0.18,0,0,0,0.004,0.094,0.038
6.84,25.65,63.0,116.4,22.01,41.68,53.0,63.43,7.33,0.026,20041.9,37.6,1.65,279006.0,67.29,2.48,0,1,1,0.033,0.891,0.867
9.12,29.24,55.18,102.62,13.88,46.72,44.22,60.06,7.81,-0.191,17124.1,63.4,2.83,207692.0,73.5,1.7,0,0,1,0.016,0.463,0.615
40.24,94.02,150.95,298.02,32.5,98.44,83.59,99.5,8.43,0.527,24598.5,36.1,1.68,226738.0,0.92,2.13,1,1,1,1.0,1.0,1.0
8.39,32.31,69.44,127.76,23.36,54.34,63.87,75.47,5.86,0.198,13684.5,128.9,0.58,132133.0,45.13,0.62,0,1,1,0.038,0.619,0.801
50.9,163.45,317.79,546.59,62.26,153.62,85.54,99.5,9.85,0.755,26783.7,165.2,8.78,77749.0,0.92,0.36,1,1,1,1.0,1.0,1.0
12.66,28.47,50.28,92.32,22.63,39.4,46.59,54.28,6.27,-0.173,15097.8,70.3,1.74,209524.0,75.0,2.26,0,0,0,0.001,0.227,0.362
0.68,2.53,4.01,24.62,0.12,7.15,39.39,44.41,5.29,-0.377,6771.7,169.4,4.84,57239.0,75.0,0.2,0,0,0,0.0,0.001,0.0
14.4,29.99,72.72,137.83,28.62,57.8,60.32,71.33,8.53,-0.023,20795.8,43.7,3.61,263038.0,52.75,2.03,0,1,1,0.475,0.985,0.989
10.89,27.91,44.87,120.3,23.35,56.88,62.9,73.75,6.2,0.057,10248.1,170.5,6.89,88249.0,48.3,0.49,0,0,1,0.024,0.347,0.535
17.04,41.94,61.84,129.29,21.6,50.43,60.44,71.07,7.05,0.04,14454.1,86.0,2.41,151558.0,53.24,1.53,0,1,1,0.096,0.647,0.813
17.71,40.16,76.07,125.2,23.32,54.27,63.51,75.94,8.14,0.145,19653.1,49.7,0.5,209717.0,44.27,2.83,1,1,1,0.506,0.985,0.98
0.34,1.84,2.79,11.12,2.55,2.68,35.34,39.9,6.05,-0.323,12134.3,105.5,6.33,165700.0,75.0,1.32,0,0,0,0.0,0.017,0.001
14.95,23.29,53.81,112.48,25.22,63.06,59.24,67.21,7.43,0.03,14644.3,72.2,0.78,210966.0,60.34,1.94,0,1,1,0.068,0.898,0.922
30.44,68.09,159.7,280.58,41.66,94.58,84.47,99.5,8.93,0.462,22348.6,76.3,1.29,169349.0,0.92,2.06,1,1,1,1.0,1.0,1.0
6.56,19.57,48.33,102.21,21.65,47.53,56.1,67.45,6.89,-0.049,16909.5,79.6,2.31,195227.0,59.9,2.01,0,1,1,0.026,0.744,0.649
16.96,33.39,61.1,93.51,21.98,55.07,53.6,66.24,6.37,-0.023,9210.9,151.4,9.16,69063.0,62.12,0.78,0,0,0,0.008,0.2,0.185
68.33,191.59,370.25,631.69,62.97,168.42,85.46,99.5,10.38,0.713,34000.0,113.2,5.54,142846.0,0.92,1.21,1,1,1,1.0,1.0,1.0
9.14,28.31,56.77,125.65,17.69,39.34,54.3,66.83,7.64,-0.031,19654.3,80.1,2.58,200513.0,61.02,2.33,0,1,1,0.056,0.874,0.878
0.41,0.92,1.8,4.73,0.03,4.44,28.76,33.37,5.65,-0.45,9460.4,123.5,5.01,123529.0,75.0,1.08,0,0,0,0.0,0.002,0.0
29.99,65.9,138.1,290.53,47.89,142.16,84.9,99.5,8.05,0.524,15930.2,138.8,3.36,90786.0,0.92,0.76,1,1,1,0.997,1.0,1.0
0.93,9.16,10.06,14.17,2.41,17.56,36.86,40.22,5.72,-0.439,12528.4,74.5,2.8,192757.0,75.0,1.61,0,0,0,0.0,0.006,0.002
40.63,97.78,152.89,262.04,33.02,90.15,88.04,99.5,8.88,0.524,20420.6,95.0,3.45,156972.0,0.92,1.0,1,1,1,1.0,1.0,1.0
0.36,1.59,8.85,10.81,0.73,1.79,23.84,36.98,6.5,-0.359,12240.4,52.7,2.76,226235.0,75.0,2.37,0,0,0,0.0,0.007,0.002
0.42,1.54,2.66,36.95,1.09,1.51,41.01,48.84,5.66,-0.171,10240.8,61.3,3.21,193200.0,75.0,1.29,0,0,0,0.0,0.005,0.003
0.76,1.27,2.24,6.27,0.27,4.74,20.79,30.64,6.03,-0.45,8505.3,133.8,5.87,107896.0,75.0,0.96,0,0,0,0.0,0.001,0.0
15.3,30.0,65.67,115.12,13.28,40.2,63.02,70.73,7.02,0.074,15428.6,61.3,1.75,176115.0,53.86,1.93,0,1,1,0.068,0.782,0.805
0.98,1.08,5.33,21.62,3.93,4.31,37.44,44.12,6.19,-0.257,11103.6,111.1,5.37,149171.0,75.0,1.96,0,0,0,0.0,0.015,0.001
0.0,0.19,10.5,27.91,3.61,6.16,37.65,40.91,5.34,-0.281,8580.4,137.8,4.6,112212.0,75.0,0.35,0,0,0,0.0,0.001,0.0
33.17,80.11,180.67,327.05,43.73,101.84,85.22,99.5,9.26,0.507,24249.8,50.5,0.78,201578.0,0.92,1.88,1,1,1,1.0,1.0,1.0
38.46,74.51,176.1,291.8,45.45,122.25,81.2,99.5,8.45,0.675,22223.2,117.3,3.25,142195.0,0.92,1.16,1,1,1,1.0,1.0,1.0
36.14,81.78,188.38,347.29,48.41,119.29,82.16,99.5,8.69,0.476,22255.8,72.2,2.64,208764.0,0.92,1.78,1,1,1,0.999,1.0,1.0
33.86,88.29,195.0,294.58,33.78,124.9,84.24,99.5,6.9,0.623,17712.2,174.6,8.97,67217.0,0.92,0.21,1,1,1,0.993,0.996,1.0
7.77,28.51,49.62,127.63,25.82,68.38,61.5,70.68,6.53,0.039,12965.2,105.1,3.33,157886.0,53.94,1.35,0,1,1,0.019,0.702,0.852
43.77,82.15,158.15,290.0,58.09,111.37,84.72,99.5,7.74,0.603,17843.0,151.9,2.01,101857.0,0.92,0.32,1,1,1,0.999,1.0,1.0
16.89,28.65,69.63,125.27,20.31,46.53,62.5,73.01,5.8,0.12,11621.2,114.8,4.13,124196.0,49.67,1.34,0,0,1,0.037,0.25,0.56
6.35,20.25,48.05,102.0,24.78,50.34,53.96,64.54,7.55,-0.007,17226.6,41.3,1.53,261295.0,65.25,1.59,0,1,1,0.018,0.859,0.922
30.16,101.41,196.56,278.39,58.42,152.87,87.4,99.5,8.47,0.39,22251.6,126.8,4.86,120769.0,0.92,1.05,1,1,1,0.998,1.0,1.0
3.37,7.89,11.86,15.77,2.13,6.29,31.23,36.31,4.65,-0.335,8169.3,173.0,8.92,82298.0,75.0,0.22,0,0,0,0.0,0.0,0.0
27.04,72.25,146.07,277.36,40.26,110.82,84.7,99.5,7.92,0.397,15903.3,122.2,6.52,144858.0,0.92,1.43,1,1,1,0.996,0.999,1.0
16.69,29.71,73.69,127.35,12.02,28.67,62.86,73.08,7.03,0.221,11876.5,153.8,3.74,93367.0,49.52,1.2,0,0,0,0.149,0.462,0.395
0.5,1.24,8.67,24.73,4.32,7.43,42.3,50.99,5.53,-0.305,7744.4,163.2,3.9,93250.0,75.0,0.44,0,0,0,0.0,0.003,0.0
0.69,1.47,4.97,16.52,1.0,10.65,32.65,39.44,5.35,-0.188,11654.4,68.1,1.11,202001.0,75.0,2.32,0,0,0,0.0,0.003,0.004
1.23,5.77,9.64,14.21,2.67,3.58,40.31,46.01,5.35,-0.323,11848.9,65.7,3.13,179840.0,75.0,1.84,0,0,0,0.0,0.007,0.001
34.92,86.01,145.0,258.06,40.86,87.03,86.52,99.5,7.62,0.384,18809.3,123.6,7.55,126705.0,0.92,0.82,1,1,1,0.994,0.999,1.0
77.95,177.87,319.04,529.74,97.73,179.19,86.78,99.5,9.75,0.856,31936.0,94.6,2.77,157293.0,0.92,2.04,1,1,1,1.0,1.0,1.0
12.11,28.25,70.05,127.84,12.75,39.41,63.92,75.77,7.29,0.001,11638.2,156.8,4.81,84938.0,44.58,0.79,0,1,1,0.188,0.649,0.512
1.16,1.28,9.92,10.76,0.06,0.07,30.41,35.42,5.15,-0.244,7306.8,165.5,9.5,61836.0,75.0,0.51,0,0,0,0.0,0.001,0.0
1.38,2.9,3.34,26.61,0.45,1.84,32.64,40.19,5.55,-0.442,12255.4,86.2,3.8,193401.0,75.0,1.85,0,0,0,0.0,0.002,0.002
24.44,96.51,192.0,329.91,31.54,100.29,86.54,99.5,8.5,0.416,23042.8,69.3,2.97,220814.0,0.92,1.96,1,1,1,0.997,1.0,1.0
1.03,2.23,3.79,26.71,0.05,3.48,31.98,40.41,5.94,-0.219,8538.9,148.2,2.01,116859.0,75.0,0.73,0,0,0,0.0,0.005,0.0
60.77,170.73,298.54,471.95,89.34,247.74,85.13,99.5,10.12,0.975,30694.9,74.8,3.53,209242.0,0.92,1.4,1,1,1,1.0,1.0,1.0
17.67,29.9,47.97,107.49,18.4,56.25,62.43,70.86,6.36,0.075,10440.2,154.3,2.82,89696.0,53.62,0.59,0,0,0,0.024,0.37,0.496
33.2,88.62,177.41,267.52,53.7,120.57,84.89,99.5,8.45,0.487,21488.2,96.4,1.41,154726.0,0.92,1.68,1,1,1,0.999,1.0,1.0
15.66,26.02,50.04,127.55,21.06,63.94,61.31,71.24,6.45,-0.026,11118.6,131.8,3.79,110168.0,52.91,0.95,0,0,1,0.016,0.407,0.738
13.96,37.71,62.24,96.77,26.04,65.18,53.99,64.33,7.24,-0.038,16822.1,48.9,1.19,231038.0,65.64,2.44,0,1,1,0.009,0.768,0.891
13.04,30.9,73.34,112.17,22.33,38.82,52.25,66.93,6.65,0.18,13488.6,125.5,3.89,132854.0,60.85,1.19,0,1,0,0.029,0.626,0.382
23.52,76.01,175.28,313.94,64.09,106.56,82.89,99.5,8.65,0.451,22146.2,100.5,0.91,158234.0,0.92,1.17,1,1,1,0.999,1.0,1.0
29.53,70.89,123.1,224.25,38.56,101.66,80.19,94.21,7.65,0.494,17155.6,120.1,6.27,155357.0,10.65,0.76,1,1,1,0.994,0.999,1.0
6.82,23.13,65.73,133.14,26.84,65.99,58.12,70.4,6.91,0.023,16552.8,59.4,3.28,214840.0,54.46,1.98,0,1,1,0.039,0.838,0.973
10.07,30.12,67.75,108.03,27.21,55.94,56.05,64.51,6.03,0.04,9836.5,141.8,0.5,97204.0,65.3,0.69,0,0,0,0.002,0.378,0.39
45.65,154.26,325.17,542.41,70.62,189.2,80.91,99.5,9.64,0.757,28094.9,160.1,8.42,77660.0,0.92,0.69,1,1,1,1.0,1.0,1.0
61.01,189.49,373.71,620.37,69.05,175.54,79.73,99.5,10.1,0.719,34000.0,66.4,1.36,210517.0,0.92,1.71,1,1,1,1.0,1.0,1.0
9.94,26.31,42.22,101.87,17.16,49.01,55.78,63.57,7.34,0.005,16836.2,48.9,2.46,236972.0,67.02,1.99,0,1,1,0.022,0.599,0.852
0.01,0.98,6.84,15.18,3.11,7.31,35.4,42.56,6.94,-0.384,15592.8,38.4,1.3,242162.0,75.0,2.64,0,0,0,0.001,0.078,0.008
2.32,2.34,3.55,13.1,5.66,9.65,29.36,33.52,6.04,-0.45,11977.8,128.1,4.55,154750.0,75.0,1.09,0,0,0,0.0,0.003,0.001
31.41,71.62,151.21,266.5,57.25,119.98,83.27,99.5,8.03,0.481,19764.7,123.0,3.9,156891.0,0.92,0.9,1,1,1,0.997,1.0,1.0
0.46,0.7,0.89,7.83,0.85,3.69,33.37,37.6,5.83,-0.355,10783.5,114.3,6.49,149490.0,75.0,1.24,0,0,0,0.0,0.005,0.001
1.49,1.6,4.34,28.1,1.21,3.79,38.03,40.75,6.08,-0.335,11909.3,68.6,0.87,185062.0,75.0,2.3,0,0,0,0.0,0.005,0.003
0.8,2.04,2.5,4.12,0.39,5.9,33.09,34.72,5.39,-0.437,7931.3,91.7,4.21,150333.0,75.0,1.65,0,0,0,0.0,0.001,0.0
8.58,32.7,72.0,136.23,24.41,40.84,63.41,76.51,7.26,0.051,11904.9,121.2,6.64,128750.0,43.22,1.32,0,1,1,0.187,0.833,0.713
12.39,36.39,52.56,97.11,11.03,43.12,52.38,62.86,6.42,-0.002,15033.3,107.0,5.13,162861.0,68.33,1.12,0,0,0,0.012,0.146,0.431
0.15,1.78,6.87,9.03,2.82,3.03,27.02,31.29,5.53,-0.264,9200.1,178.2,9.5,93525.0,75.0,0.63,0,0,0,0.0,0.002,0.0
0.19,1.02,7.38,30.15,0.5,0.85,37.85,39.03,5.73,-0.313,11227.7,54.8,1.4,220521.0,75.0,2.78,0,0,0,0.0,0.002,0.002
41.2,102.17,161.64,286.26,60.53,104.36,81.69,99.5,7.82,0.605,20187.6,135.8,7.09,134576.0,0.92,0.69,1,1,1,0.999,1.0,1.0
48.35,134.77,303.47,468.39,100.82,240.85,81.71,99.5,9.39,0.569,30700.1,93.6,3.1,163969.0,0.92,1.18,1,1,1,1.0,1.0,1.0
0.99,1.3,19.06,27.14,1.2,20.17,34.35,37.85,6.23,-0.434,11341.6,97.1,5.55,172835.0,75.0,1.54,0,0,0,0.0,0.003,0.003
2.39,3.92,6.09,7.3,5.22,11.72,24.07,30.28,4.73,-0.45,8301.2,139.1,4.85,125488.0,75.0,1.15,0,0,0,0.0,0.0,0.0
9.03,29.84,67.72,109.11,22.27,44.92,51.3,58.41,6.21,-0.13,10232.3,135.4,3.79,87822.0,75.0,0.91,0,0,0,0.001,0.117,0.064
39.75,80.9,171.03,277.11,31.27,78.07,83.11,99.5,7.53,0.548,14580.1,178.7,9.5,59320.0,0.92,0.1,1,1,1,0.998,0.996,1.0
36.37,80.97,168.83,282.02,54.24,121.36,85.46,99.5,8.46,0.527,23438.2,53.6,1.4,229905.0,0.92,2.07,1,1,1,1.0,1.0,1.0
27.71,68.55,139.01,269.8,55.92,104.74,83.3,99.5,9.12,0.358,23324.8,50.1,0.5,224002.0,0.92,2.34,1,1,1,0.999,1.0,1.0
36.61,78.78,142.09,264.59,40.12,116.51,82.06,99.5,7.25,0.333,16202.5,140.0,3.6,94017.0,0.92,0.75,1,1,1,0.991,0.992,1.0
3.74,4.15,7.53,38.34,0.39,1.99,38.12,44.42,5.44,-0.309,9079.0,118.9,5.48,100909.0,75.0,1.36,0,0,0,0.0,0.006,0.001
0.16,2.73,7.15,20.25,1.56,6.36,33.2,42.63,5.28,-0.252,9687.7,74.8,4.49,184809.0,75.0,2.15,0,0,0,0.0,0.002,0.002
5.47,29.74,51.41,87.49,28.82,68.74,51.95,59.77,7.47,-0.161,17280.7,46.5,1.72,223107.0,74.02,2.28,0,1,1,0.008,0.846,0.891
39.12,78.31,176.76,305.49,55.62,149.41,83.99,99.5,9.55,0.531,25215.0,47.4,2.78,209837.0,0.92,2.19,1,1,1,1.0,1.0,1.0
7.53,24.1,61.7,113.39,11.09,29.44,54.05,67.59,5.99,-0.172,7820.7,164.7,1.74,84557.0,59.63,0.77,0,0,0,0.002,0.059,0.039
69.08,156.18,278.59,466.17,70.05,151.96,85.32,99.5,10.86,0.847,30379.2,62.8,1.7,212211.0,0.92,1.72,1,1,1,1.0,1.0,1.0
23.8,94.12,144.84,286.75,56.37,127.4,85.27,99.5,8.74,0.417,21777.7,81.9,2.44,191794.0,0.92,1.42,1,1,1,0.999,1.0,1.0
25.21,95.33,173.84,267.69,45.02,95.74,78.69,99.5,9.07,0.352,23480.2,67.9,2.24,163223.0,0.92,1.82,1,1,1,0.999,1.0,1.0
0.57,2.28,4.07,16.91,5.5,6.99,30.93,36.54,5.9,-0.296,8913.7,86.5,3.16,156516.0,75.0,1.49,0,0,0,0.0,0.004,0.001
0.53,3.88,6.9,13.63,3.36,11.12,32.27,37.94,6.23,-0.266,15443.2,45.1,2.14,221351.0,75.0,1.99,0,0,0,0.0,0.006,0.005
34.76,77.17,155.15,275.5,45.13,99.56,84.81,99.5,8.59,0.663,20903.3,110.3,2.98,156266.0,0.92,1.85,1,1,1,1.0,1.0,1.0
0.77,2.25,3.19,31.24,4.33,9.32,30.23,40.92,5.79,-0.409,12903.9,44.8,1.68,233574.0,75.0,2.88,0,0,0,0.0,0.004,0.008
0.61,1.77,6.81,18.05,1.84,2.3,32.42,37.1,5.08,-0.345,9572.2,151.1,5.16,105816.0,75.0,0.61,0,0,0,0.0,0.001,0.0
69.73,193.84,311.57,499.05,85.45,220.33,85.86,99.5,10.83,0.748,34000.0,68.9,1.26,191583.0,0.92,1.91,1,1,1,1.0,1.0,1.0
22.24,92.15,144.59,293.2,30.97,79.41,82.23,99.5,7.72,0.417,18488.0,113.3,3.73,139123.0,0.92,1.2,1,1,1,0.987,0.998,1.0
1.93,6.85,22.98,24.46,1.5,1.78,31.55,41.23,5.43,-0.282,7442.7,162.6,5.27,73941.0,75.0,0.88,0,0,0,0.0,0.001,0.0
23.91,65.89,119.69,271.13,34.42,109.04,82.13,99.5,8.34,0.231,15996.9,129.4,4.14,136270.0,0.92,1.41,1,1,1,0.995,0.998,1.0
1.18,1.73,27.51,32.63,4.71,15.08,41.22,48.11,5.61,-0.249,13129.0,112.3,3.99,131458.0,75.0,0.73,0,0,0,0.0,0.012,0.008
3.57,7.07,8.24,9.78,1.69,3.25,24.97,33.02,6.11,-0.388,11728.0,82.0,2.98,194316.0,75.0,1.84,0,0,0,0.0,0.003,0.001
15.8,36.47,59.76,90.61,14.75,46.76,49.11,61.75,6.74,-0.105,14270.1,83.3,2.27,183175.0,70.37,1.29,0,0,0,0.008,0.201,0.394
21.97,83.31,173.61,267.16,50.87,124.25,89.82,99.5,8.14,0.342,19174.4,132.1,7.65,120834.0,0.92,1.51,1,1,1,0.995,1.0,1.0
0.78,8.44,8.9,15.16,4.29,6.0,36.55,43.02,5.11,-0.152,5417.9,179.2,2.5,55169.0,75.0,0.44,0,0,0,0.0,0.001,0.0
0.66,3.42,7.8,8.08,1.22,2.64,28.37,34.29,5.26,-0.345,7596.8,131.0,2.88,102507.0,75.0,0.75,0,0,0,0.0,0.001,0.0
1.19,3.21,7.42,20.15,0.59,1.58,28.02,34.93,5.64,-0.447,8660.0,115.9,9.5,131231.0,75.0,1.14,0,0,0,0.0,0.001,0.0
59.81,144.33,315.78,540.18,70.82,221.55,83.52,99.5,9.01,0.717,27609.4,140.9,2.3,105917.0,0.92,0.77,1,1,1,1.0,1.0,1.0
10.99,21.15,42.54,99.53,16.77,57.31,51.86,55.71,6.44,-0.264,11607.7,102.5,1.09,121519.0,75.0,1.57,0,0,0,0.0,0.069,0.356
11.43,34.99,53.05,116.48,27.72,51.5,56.53,64.11,6.99,-0.121,18547.9,43.7,2.11,224575.0,66.04,2.56,0,1,1,0.018,0.854,0.925
0.17,1.7,14.71,26.76,2.07,5.96,41.28,41.55,6.58,-0.201,9953.7,116.5,0.5,154026.0,75.0,0.86,0,0,0,0.0,0.011,0.001
5.52,21.09,38.42,84.21,26.43,61.12,52.01,60.03,5.69,-0.055,7661.7,173.9,5.35,79881.0,73.55,0.94,0,0,0,0.001,0.067,0.155
17.94,28.87,55.78,126.26,14.31,33.93,50.67,62.42,7.15,0.052,16353.2,60.4,4.45,200054.0,69.14,2.49,0,1,1,0.05,0.559,0.66
30.69,81.04,189.85,306.35,60.13,148.97,85.25,99.5,9.23,0.484,21516.6,135.1,0.97,118643.0,0.92,0.68,1,1,1,0.999,1.0,1.0
0.21,3.35,4.65,5.84,4.15,5.36,32.77,36.93,5.99,-0.26,14237.0,64.1,0.5,194695.0,75.0,1.98,0,0,0,0.0,0.01,0.002
58.81,148.25,276.28,477.11,81.41,194.11,86.11,99.5,9.71,0.76,29508.7,112.7,0.9,146997.0,0.92,1.77,1,1,1,1.0,1.0,1.0
16.91,30.69,46.6,85.52,24.43,57.16,47.77,57.5,6.3,-0.058,15526.5,49.0,2.51,244280.0,75.0,2.54,0,0,1,0.002,0.447,0.771
3.64,6.6,7.47,9.01,1.47,5.3,39.71,41.42,5.24,-0.309,9215.7,100.3,5.54,174163.0,75.0,1.34,0,0,0,0.0,0.002,0.001
0.22,2.52,10.53,26.13,2.18,7.63,30.65,39.79,5.1,-0.371,9694.1,144.6,3.73,114239.0,75.0,1.05,0,0,0,0.0,0.001,0.001
6.35,17.82,33.96,71.21,28.26,49.93,45.75,52.82,6.84,-0.202,13793.1,85.4,4.04,170129.0,75.0,2.55,0,0,0,0.002,0.348,0.216
71.48,182.98,351.06,568.61,84.31,197.9,83.84,99.5,10.59,0.996,33829.5,131.4,7.89,133554.0,0.92,1.03,1,1,1,1.0,1.0,1.0
42.92,78.3,131.51,250.91,41.57,104.02,82.63,99.5,7.44,0.491,15486.2,150.3,9.5,74289.0,0.92,0.53,1,1,1,0.997,0.998,1.0
17.97,39.15,80.47,128.9,14.79,52.83,66.73,77.78,6.34,0.104,10956.6,169.4,5.18,72886.0,40.88,0.5,0,0,1,0.068,0.455,0.611
1.98,3.97,13.02,54.08,1.27,2.16,38.32,41.39,6.84,-0.45,14703.9,69.0,0.5,205928.0,75.0,1.96,0,0,0,0.0,0.019,0.004
0.87,12.27,13.66,25.19,2.37,3.21,35.81,40.95,5.89,-0.253,11016.9,92.9,1.88,179625.0,75.0,1.39,0,0,0,0.0,0.006,0.001
12.65,26.0,66.62,132.36,26.53,47.52,63.93,74.41,7.5,0.091,20076.7,57.1,1.56,221528.0,47.09,2.19,0,1,1,0.223,0.977,0.967
20.86,89.89,163.09,257.47,33.22,101.62,79.53,99.5,8.3,0.494,17181.8,178.9,5.43,69730.0,0.92,0.1,1,1,1,0.998,0.999,1.0
23.75,81.42,175.06,297.86,61.63,110.19,86.88,99.5,7.77,0.332,16936.5,169.4,5.36,73766.0,0.92,0.25,1,1,1,0.989,1.0,1.0
0.82,1.26,9.61,41.91,1.02,2.3,41.5,50.02,6.12,-0.322,9659.6,113.3,6.25,152117.0,75.0,1.48,0,0,0,0.0,0.006,0.002
0.39,5.3,9.89,35.39,0.25,2.51,35.8,40.55,5.38,-0.435,7479.5,157.1,9.1,77193.0,75.0,0.1,0,0,0,0.0,0.001,0.0
13.79,37.04,63.5,109.16,28.26,44.69,60.11,68.01,7.55,0.058,13317.1,110.5,3.53,134683.0,58.87,1.56,0,1,1,0.066,0.936,0.645
64.18,161.7,284.85,480.14,96.13,205.48,85.06,99.5,9.32,0.76,27437.2,125.4,6.87,130422.0,0.92,0.48,1,1,1,1.0,1.0,1.0
9.03,30.32,74.98,143.95,26.93,70.11,58.85,75.12,6.57,0.057,16805.6,47.9,1.99,225090.0,45.78,1.67,0,1,1,0.05,0.916,0.99
1.94,11.77,17.27,30.27,2.36,10.43,40.71,43.73,5.34,-0.333,7624.3,144.5,5.23,79199.0,75.0,0.66,0,0,0,0.0,0.003,0.0
1.38,4.96,5.93,35.19,1.19,1.8,37.65,38.98,6.52,-0.23,14765.9,53.5,2.75,222605.0,75.0,2.19,0,0,0,0.0,0.013,0.008
1.93,3.03,3.85,7.4,0.07,0.4,36.01,39.97,5.5,-0.23,7284.1,154.8,5.62,105855.0,75.0,1.06,0,0,0,0.0,0.001,0.0
12.7,35.43,63.89,125.19,26.19,51.9,52.95,64.43,6.81,-0.012,12162.5,148.4,9.5,100768.0,65.44,0.77,0,0,0,0.01,0.486,0.413
36.36,85.38,173.94,271.35,64.22,108.41,87.65,99.5,8.46,0.594,22662.4,137.8,1.25,150295.0,0.92,0.83,1,1,1,1.0,1.0,1.0
65.21,152.39,316.46,516.43,75.33,175.34,83.87,99.5,11.02,0.787,34000.0,40.2,1.04,221464.0,0.92,2.47,1,1,1,1.0,1.0,1.0
7.37,28.68,50.35,119.02,19.7,36.87,54.9,64.79,7.03,-0.073,13213.1,79.0,2.58,179839.0,64.79,1.48,0,1,0,0.006,0.572,0.464
0.22,5.8,9.5,11.94,2.43,8.5,35.24,37.93,6.14,-0.45,12696.5,73.2,3.14,186292.0,75.0,1.87,0,0,0,0.0,0.006,0.001
9.3,26.76,50.56,84.57,17.99,55.53,53.69,61.26,6.75,-0.039,16173.6,87.2,5.04,174193.0,71.29,1.27,0,1,1,0.008,0.54,0.575
31.47,82.68,154.64,271.35,41.14,114.81,78.69,99.5,9.63,0.462,23813.1,47.7,1.65,217819.0,0.92,2.21,1,1,1,1.0,1.0,1.0
0.08,4.2,4.96,17.0,1.2,6.39,34.2,39.63,5.59,-0.282,7252.3,170.9,1.61,53867.0,75.0,0.39,0,0,0,0.0,0.001,0.0
40.65,83.82,174.45,269.64,34.34,125.51,87.54,99.5,8.36,0.61,21742.8,115.3,5.78,133440.0,0.92,0.98,1,1,1,0.999,1.0,1.0
24.11,68.24,126.05,243.68,62.19,116.71,78.64,96.53,8.56,0.302,18385.1,79.3,3.85,183374.0,6.39,1.79,1,1,1,0.996,1.0,1.0
12.04,27.04,52.12,110.73,21.18,46.96,61.54,69.53,7.43,0.001,17267.2,92.6,0.5,187354.0,56.07,1.6,0,1,1,0.038,0.912,0.902
16.06,24.96,42.52,122.06,24.95,64.07,52.48,66.65,7.75,-0.006,16285.2,99.8,3.49,193220.0,61.36,1.8,0,1,1,0.15,0.85,0.958
35.07,86.86,174.62,262.02,56.52,126.26,84.04,99.5,8.13,0.58,21175.0,122.1,0.78,153529.0,0.92,0.65,1,1,1,0.998,1.0,1.0
17.44,36.27,55.83,109.7,11.16,48.52,56.94,65.4,6.78,0.162,14560.2,109.8,2.53,136641.0,63.66,1.28,0,1,1,0.029,0.506,0.552
0.84,1.99,15.83,49.71,6.11,6.98,42.27,50.47,6.02,-0.19,7029.6,168.3,3.16,67589.0,75.0,0.24,0,0,0,0.0,0.005,0.001
1.56,8.83,12.22,15.11,3.41,10.82,35.34,38.12,5.52,-0.191,10646.7,107.1,5.31,149138.0,75.0,1.6,0,0,0,0.0,0.002,0.001
1.46,2.33,3.17,14.92,1.32,5.19,26.94,35.85,5.01,-0.328,6433.2,178.9,6.64,92133.0,75.0,0.54,0,0,0,0.0,0.0,0.0
22.79,63.23,135.0,235.7,51.68,111.89,84.14,96.58,6.34,0.272,14610.7,158.5,1.88,87371.0,6.28,0.76,1,1,1,0.857,0.988,1.0
13.89,34.96,55.58,131.57,25.74,59.55,55.68,65.35,7.13,-0.111,15275.9,65.2,3.32,181807.0,63.76,1.73,0,1,1,0.02,0.794,0.952
16.82,29.34,56.99,91.28,19.12,49.32,48.98,60.13,6.48,-0.088,9599.6,169.9,1.56,68559.0,73.37,0.71,0,0,0,0.006,0.121,0.088
35.4,72.96,124.91,238.5,36.62,118.35,85.67,99.5,7.93,0.464,20026.3,51.9,2.12,229108.0,0.92,1.67,1,1,1,0.999,0.999,1.0
1.33,2.31,2.5,4.92,2.35,18.53,28.99,34.32,5.58,-0.438,8534.6,153.5,3.12,106113.0,75.0,0.16,0,0,0,0.0,0.001,0.0
28.16,95.24,197.27,281.12,62.07,127.71,88.27,99.5,8.72,0.432,24310.8,90.2,2.56,168768.0,0.92,1.2,1,1,1,0.999,1.0,1.0
17.54,34.69,56.74,135.48,14.87,56.34,65.32,75.13,5.97,0.104,11503.2,162.3,7.15,95484.0,45.77,0.54,0,0,1,0.057,0.305,0.704
7.25,26.72,54.06,132.66,13.7,40.96,61.56,71.21,6.05,-0.011,9329.1,160.9,7.14,52861.0,52.96,0.78,0,0,0,0.003,0.19,0.177
1.23,10.72,12.17,18.24,1.24,2.26,39.37,48.3,5.48,-0.073,8915.9,151.9,8.97,99326.0,75.0,0.1,0,0,0,0.0,0.003,0.0
77.69,153.21,326.65,541.4,72.1,191.52,84.94,99.5,9.8,0.993,29725.9,149.6,5.01,113445.0,0.92,1.13,1,1,1,1.0,1.0,1.0
40.75,93.57,150.88,234.14,57.22,115.4,83.14,99.5,8.36,0.575,21275.9,79.2,3.21,172493.0,0.92,1.78,1,1,1,1.0,1.0,1.0
3.21,5.61,7.91,17.88,1.22,9.49,32.34,38.23,6.82,-0.248,13984.8,46.7,1.27,211375.0,75.0,1.73,0,0,0,0.0,0.038,0.002
63.32,139.56,303.3,530.52,98.27,252.93,87.69,99.5,9.35,0.714,28540.2,93.4,3.58,139885.0,0.92,1.57,1,1,1,1.0,1.0,1.0
31.08,80.16,159.61,311.62,64.3,157.72,83.86,99.5,8.64,0.389,22665.7,60.2,2.58,231655.0,0.92,2.34,1,1,1,0.999,1.0,1.0
0.31,2.03,3.23,8.74,0.06,0.68,23.08,31.4,5.44,-0.345,8552.7,135.8,4.51,106276.0,75.0,1.11,0,0,0,0.0,0.001,0.0
0.61,1.74,3.05,6.19,2.76,3.99,39.6,45.13,6.07,-0.301,11845.0,85.2,0.5,181394.0,75.0,1.98,0,0,0,0.0,0.007,0.001
1.47,2.62,9.1,11.29,0.34,4.33,36.43,40.54,5.18,-0.321,7742.5,176.5,7.23,77303.0,75.0,0.1,0,0,0,0.0,0.001,0.0
16.89,27.32,44.54,121.27,12.35,34.86,60.56,66.57,6.85,-0.051,14221.1,127.9,5.32,149152.0,61.5,0.92,0,0,0,0.023,0.245,0.419
17.08,38.73,64.02,141.74,21.36,38.53,65.88,74.97,6.78,0.074,11440.0,154.3,3.51,92580.0,46.06,0.39,0,0,1,0.117,0.442,0.519
1.46,3.38,6.78,68.39,0.33,4.07,38.62,46.24,6.63,-0.316,12934.2,54.2,0.64,206849.0,75.0,2.61,0,0,0,0.0,0.02,0.016
10.96,23.59,59.39,122.8,27.13,68.5,59.42,69.14,5.65,-0.036,11650.7,160.0,9.5,90605.0,56.77,0.78,0,0,1,0.004,0.245,0.789
0.99,1.97,4.99,10.33,0.65,3.46,32.06,36.57,5.35,-0.197,6612.6,168.8,7.4,96701.0,75.0,1.31,0,0,0,0.0,0.001,0.0
1.29,3.52,15.87,20.13,0.93,4.79,34.95,39.84,5.61,-0.169,11114.6,105.6,3.26,150699.0,75.0,1.22,0,0,0,0.0,0.004,0.002
12.8,20.84,45.2,87.89,26.8,67.79,47.42,63.07,6.8,0.061,11331.1,122.9,1.79,118189.0,67.95,0.9,0,0,0,0.013,0.486,0.324
0.4,0.67,1.59,3.92,0.54,1.48,28.29,34.97,5.7,-0.38,7972.9,145.9,2.95,81812.0,75.0,0.74,0,0,0,0.0,0.001,0.0
11.24,24.67,56.47,103.67,26.29,69.82,55.93,64.4,7.27,-0.081,14952.1,60.4,3.53,189259.0,65.5,2.42,0,1,1,0.039,0.736,0.894
61.16,134.12,265.69,419.95,77.24,208.85,87.32,99.5,9.26,0.675,28009.6,107.9,4.04,163519.0,0.92,1.22,1,1,1,1.0,1.0,1.0
0.88,1.57,7.4,9.1,0.52,4.46,33.81,41.65,5.33,-0.3,10939.7,92.8,2.33,163823.0,75.0,1.58,0,0,0,0.0,0.003,0.0
0.26,3.1,18.18,39.54,0.35,2.92,42.05,50.69,6.52,-0.156,10689.7,56.2,2.48,203418.0,75.0,2.1,0,0,0,0.0,0.024,0.003
0.66,12.63,25.97,27.6,4.79,5.54,37.01,44.24,6.52,-0.246,11675.5,88.3,1.8,163310.0,75.0,1.62,0,0,0,0.0,0.031,0.002
9.15,23.16,46.77,119.43,16.6,56.1,54.45,64.46,6.36,-0.046,16642.3,44.9,2.78,227414.0,65.39,2.03,0,0,1,0.005,0.411,0.935
44.86,113.49,184.26,321.16,48.69,131.95,86.71,99.5,9.54,0.648,24636.5,38.7,2.3,229917.0,0.92,2.28,1,1,1,1.0,1.0,1.0
6.99,25.84,64.05,132.11,29.27,46.02,49.65,60.58,7.26,-0.11,16834.4,54.6,1.45,210384.0,72.53,2.04,0,1,1,0.009,0.837,0.817
9.5,25.6,49.89,95.38,13.52,52.91,57.31,64.88,6.53,-0.07,12080.2,174.7,4.14,90658.0,64.62,0.37,0,0,0,0.004,0.276,0.353
16.8,26.2,45.85,87.27,20.18,58.91,53.37,58.62,6.45,-0.108,14857.3,114.7,0.5,165452.0,75.0,1.52,0,0,0,0.004,0.265,0.381
0.09,2.62,3.27,45.94,4.58,15.04,39.17,47.23,5.22,-0.315,3110.4,175.0,1.46,45797.0,75.0,0.9,0,0,0,0.0,0.002,0.0
6.38,22.68,42.63,102.65,14.65,52.77,51.72,62.11,6.61,-0.078,14506.8,97.7,1.06,167659.0,69.71,1.22,0,0,1,0.001,0.326,0.64
13.37,31.09,70.85,125.86,15.4,49.02,64.69,75.64,7.12,0.047,16310.0,80.2,3.0,172091.0,44.82,1.61,0,1,1,0.057,0.82,0.858
3.78,6.08,10.05,42.8,1.45,21.1,38.38,46.88,5.04,-0.346,10364.3,108.4,3.16,146208.0,75.0,1.08,0,0,0,0.0,0.002,0.005
23.99,80.47,143.25,259.51,35.97,88.21,84.36,99.5,7.58,0.395,17251.7,98.7,1.06,166164.0,0.92,1.52,1,1,1,0.994,0.998,1.0
7.74,21.18,40.22,110.69,14.41,41.91,45.14,57.43,6.63,-0.103,16653.2,50.3,1.51,216424.0,75.0,1.99,0,0,1,0.001,0.396,0.607
0.02,0.3,9.36,31.14,3.68,5.53,37.7,41.84,4.8,-0.364,9157.8,127.9,5.64,129953.0,75.0,1.12,0,0,0,0.0,0.001,0.0
6.84,16.67,49.84,121.25,28.0,51.66,62.97,69.19,7.82,-0.04,16316.3,66.3,2.95,210504.0,56.69,2.26,0,1,1,0.036,0.937,0.883
57.84,133.89,313.59,492.19,84.05,238.36,82.89,99.5,9.52,0.522,28503.8,124.8,0.5,134610.0,0.92,0.33,1,1,1,1.0,1.0,1.0
1.67,1.81,1.84,20.42,1.61,6.07,27.16,36.8,4.73,-0.301,7603.3,129.3,4.23,115162.0,75.0,1.17,0,0,0,0.0,0.0,0.0
0.2,5.34,11.28,37.86,0.83,1.96,32.48,35.5,5.9,-0.362,14288.6,57.0,0.58,202110.0,75.0,1.92,0,0,0,0.0,0.004,0.003
6.97,30.78,51.09,87.05,13.85,52.0,51.29,61.57,7.06,0.013,17868.7,43.9,2.25,205730.0,70.71,2.38,0,1,1,0.004,0.651,0.78
16.56,38.35,70.25,149.94,11.38,52.39,62.59,75.59,6.31,0.095,11222.7,148.2,7.28,89339.0,44.91,0.49,0,0,1,0.038,0.224,0.889
0.67,2.19,2.73,3.14,0.76,1.43,30.8,36.59,6.54,-0.313,13739.7,101.7,1.92,187426.0,75.0,1.78,0,0,0,0.0,0.006,0.002
64.33,143.17,265.59,528.36,106.06,263.2,81.52,99.5,9.66,0.883,29828.5,43.4,0.92,215999.0,0.92,2.52,1,1,1,1.0,1.0,1.0
13.85,34.95,75.03,137.97,16.6,36.3,67.81,78.36,6.38,0.11,9540.7,179.3,4.79,46993.0,39.83,0.48,0,0,0,0.108,0.444,0.357
25.93,94.55,186.31,302.78,31.03,85.67,81.41,99.5,8.83,0.433,24270.5,43.4,0.5,232745.0,0.92,2.49,1,1,1,0.999,1.0,1.0
1.57,3.36,5.65,10.17,1.87,13.74,30.27,39.09,6.07,-0.33,9349.7,135.8,5.57,115408.0,75.0,0.71,0,0,0,0.0,0.005,0.001
42.53,78.75,157.61,263.96,47.87,121.21,81.58,99.5,8.24,0.443,15992.1,177.6,5.34,63906.0,0.92,0.15,1,1,1,0.999,0.999,1.0
7.6,28.89,58.14,137.74,10.5,31.19,62.87,73.48,7.28,0.036,16763.1,69.7,3.66,217518.0,48.79,2.1,0,1,1,0.099,0.712,0.863
1.4,4.37,7.86,50.75,1.07,2.96,32.51,43.58,5.91,-0.381,13391.7,55.6,0.85,221486.0,75.0,1.85,0,0,0,0.0,0.006,0.006
81.42,183.73,325.56,566.21,90.98,195.5,89.8,99.5,10.16,0.891,32721.4,52.6,1.25,208929.0,0.92,2.55,1,1,1,1.0,1.0,1.0
0.42,1.68,1.98,36.28,0.4,1.16,38.32,46.19,4.92,-0.252,12226.5,79.0,0.62,178863.0,75.0,1.65,0,0,0,0.0,0.002,0.002
70.88,184.34,360.65,553.16,103.67,227.19,79.28,99.5,10.52,0.958,34000.0,49.7,0.84,212879.0,0.92,2.31,1,1,1,1.0,1.0,1.0
10.7,32.48,54.79,127.79,20.78,62.78,56.95,70.12,6.26,0.07,13629.3,135.4,1.86,130685.0,54.99,1.57,0,0,1,0.017,0.368,0.771
53.06,179.23,351.14,577.7,81.1,237.61,86.07,99.5,10.3,0.723,34000.0,44.0,2.33,222539.0,0.92,2.03,1,1,1,1.0,1.0,1.0
10.77,27.25,65.69,109.93,15.83,54.09,61.08,67.9,6.9,0.017,13271.8,108.9,2.44,122463.0,59.07,1.34,0,1,1,0.029,0.576,0.58
23.21,91.13,178.64,301.77,38.02,121.27,84.98,99.5,8.09,0.447,20156.0,179.5,6.68,63850.0,0.92,0.62,1,1,1,0.995,0.999,1.0
1.96,3.61,5.58,8.97,2.81,6.38,33.94,39.67,4.93,-0.198,5930.7,153.0,4.31,73314.0,75.0,0.97,0,0,0,0.0,0.0,0.0
7.69,29.19,70.66,103.62,25.45,66.03,53.71,67.69,7.02,-0.089,14651.3,124.2,1.51,163715.0,59.46,1.0,0,0,1,0.029,0.473,0.775
44.79,89.29,161.55,318.85,33.29,102.09,88.3,99.5,8.2,0.55,20849.2,79.4,2.54,170227.0,0.92,1.58,1,1,1,0.999,1.0,1.0
32.67,91.93,161.78,315.85,39.45,115.19,85.96,99.5,8.39,0.531,18191.8,125.5,5.74,127014.0,0.92,1.01,1,1,1,0.999,1.0,1.0
0.82,1.6,2.43,40.07,1.65,4.89,34.56,39.71,6.35,-0.45,12155.3,111.4,1.48,150168.0,75.0,1.71,0,0,0,0.0,0.006,0.001
15.18,24.56,60.97,99.23,24.81,44.05,57.17,67.2,6.68,0.021,11643.6,96.8,4.8,159532.0,60.34,1.41,0,0,0,0.025,0.487,0.233
15.82,35.4,61.98,109.92,12.98,55.1,56.95,65.44,6.74,0.041,15403.5,54.0,1.06,210906.0,63.59,2.12,0,1,1,0.036,0.52,0.716
0.15,1.75,2.83,70.11,1.76,2.33,33.81,42.13,5.68,-0.374,7948.2,163.6,4.3,90058.0,75.0,0.41,0,0,0,0.0,0.002,0.0
13.68,38.54,71.69,124.56,15.87,33.63,57.49,64.87,6.67,-0.159,15306.1,100.2,4.46,182631.0,64.63,1.65,0,0,1,0.008,0.37,0.7
25.71,82.85,178.08,328.31,57.78,104.68,86.58,99.5,8.95,0.514,24602.1,63.2,1.46,215648.0,0.92,2.01,1,1,1,1.0,1.0,1.0
1.78,3.96,6.49,16.7,0.02,0.26,36.81,43.59,5.11,-0.35,12542.9,88.3,3.15,196188.0,75.0,1.31,0,0,0,0.0,0.002,0.002
11.84,22.79,54.15,101.86,28.15,71.64,52.98,63.13,7.22,-0.083,14127.8,95.0,2.79,150242.0,67.85,1.22,0,1,1,0.01,0.675,0.756
84.19,208.13,406.86,645.72,108.03,239.37,79.18,99.5,11.08,1.094,34000.0,155.0,5.79,98769.0,0.92,0.1,1,1,1,1.0,1.0,1.0
1.99,2.34,6.93,39.03,1.55,2.28,31.88,42.6,5.59,-0.45,8242.5,141.4,0.5,112680.0,75.0,0.6,0,0,0,0.0,0.001,0.001
11.85,31.87,69.96,126.15,14.35,57.15,57.65,66.22,5.98,0.108,12808.5,146.5,0.5,109407.0,62.15,1.02,0,0,0,0.003,0.3,0.468
39.34,85.17,183.88,291.71,40.94,128.4,86.84,99.5,9.21,0.717,26718.3,36.6,1.69,256724.0,0.92,2.75,1,1,1,1.0,1.0,1.0
41.83,92.77,143.31,238.23,61.83,151.26,87.25,99.5,8.61,0.493,21921.2,95.3,5.12,162277.0,0.92,1.72,1,1,1,1.0,1.0,1.0
31.33,78.5,146.66,298.44,41.37,109.5,81.21,99.5,8.11,0.42,18756.6,104.8,1.95,148164.0,0.92,1.54,1,1,1,0.998,0.999,1.0
38.28,81.65,146.88,255.53,52.9,137.86,90.31,99.5,9.99,0.568,24538.6,37.8,1.16,242670.0,0.92,2.29,1,1,1,1.0,1.0,1.0
0.95,1.31,3.67,5.31,0.18,3.3,36.13,39.57,5.93,-0.324,12087.1,72.7,2.93,166119.0,75.0,2.07,0,0,0,0.0,0.004,0.0
17.43,39.67,77.9,144.26,27.94,65.53,59.64,71.85,6.25,0.169,11245.3,145.2,6.9,102157.0,51.79,0.88,0,1,1,0.047,0.71,0.853
35.67,85.26,141.32,258.2,62.37,134.44,84.98,99.5,8.47,0.542,20749.5,54.9,0.5,212130.0,0.92,2.63,1,1,1,1.0,1.0,1.0
0.24,2.86,5.37,37.52,0.35,4.71,31.47,42.02,5.97,-0.264,11781.5,112.6,2.15,131051.0,75.0,1.23,0,0,0,0.0,0.007,0.001
1.37,11.64,14.97,39.6,0.05,0.51,37.94,46.45,6.03,-0.007,13259.7,66.2,1.92,216411.0,75.0,2.33,0,0,0,0.0,0.018,0.006
28.65,88.42,165.37,261.58,50.62,121.79,85.92,99.5,8.19,0.305,24028.1,36.8,1.75,219957.0,0.92,2.61,1,1,1,0.997,1.0,1.0
33.11,71.73,177.35,304.74,39.24,117.05,84.73,99.5,9.09,0.584,23372.5,70.0,5.6,193993.0,0.92,2.09,1,1,1,1.0,1.0,1.0
9.13,25.73,50.97,124.99,29.88,49.72,64.59,70.86,5.88,0.117,9654.7,176.5,5.45,72595.0,53.61,0.1,0,0,0,0.011,0.339,0.241
45.94,129.1,292.2,456.55,100.57,213.27,80.88,99.5,8.95,0.517,27091.7,151.2,1.46,118834.0,0.92,0.99,1,1,1,1.0,1.0,1.0
35.26,88.49,192.69,275.5,55.53,131.4,84.28,99.5,7.81,0.435,18977.5,174.1,7.36,70875.0,0.92,0.35,1,1,1,0.998,0.999,1.0
70.98,165.82,277.23,513.72,101.47,188.29,81.73,99.5,8.88,0.896,27845.2,105.7,6.22,167156.0,0.92,1.23,1,1,1,1.0,1.0,1.0
62.66,142.42,307.4,557.39,93.34,198.78,88.41,99.5,10.57,0.672,33418.8,50.9,1.88,229415.0,0.92,1.7,1,1,1,1.0,1.0,1.0
6.82,28.32,53.04,84.14,21.43,43.83,52.41,60.87,6.43,-0.157,10825.6,114.5,2.14,144507.0,71.99,1.23,0,0,0,0.003,0.163,0.149
41.03,81.76,157.85,258.1,54.14,124.31,84.6,99.5,8.33,0.575,19775.0,100.9,5.27,142596.0,0.92,1.44,1,1,1,1.0,1.0,1.0
15.28,31.08,46.22,86.98,29.98,57.14,46.43,55.01,6.22,-0.127,9652.6,157.4,7.39,69563.0,75.0,0.23,0,0,0,0.001,0.206,0.053
35.51,106.7,157.93,290.7,40.09,95.45,82.38,99.5,9.18,0.483,24801.7,49.2,0.81,222531.0,0.92,1.73,1,1,1,1.0,1.0,1.0
25.62,93.53,165.91,251.28,33.39,81.56,87.57,99.5,8.81,0.333,21923.4,105.8,4.43,144906.0,0.92,1.51,1,1,1,0.999,1.0,1.0
2.75,4.14,14.05,34.47,3.64,4.82,34.1,39.61,7.04,-0.401,13992.5,56.8,3.01,225680.0,75.0,2.32,0,0,0,0.0,0.03,0.004
0.38,2.43,4.6,13.13,0.11,12.57,30.39,35.04,6.52,-0.35,13299.9,82.1,4.62,192694.0,75.0,1.76,0,0,0,0.0,0.013,0.002
0.07,0.56,5.1,7.13,0.23,0.81,37.41,42.3,5.37,-0.338,6940.2,141.9,4.8,106931.0,75.0,1.19,0,0,0,0.0,0.001,0.0
21.55,66.6,132.87,252.76,45.36,111.41,82.42,99.5,7.53,0.371,17446.6,104.0,2.97,137807.0,0.92,1.36,1,1,1,0.99,0.999,1.0
35.4,79.64,137.72,288.03,52.19,95.52,89.56,99.5,8.0,0.556,22308.9,89.5,5.11,180256.0,0.92,1.58,1,1,1,1.0,1.0,1.0
17.49,37.28,56.83,135.28,17.31,61.84,62.33,68.71,6.15,0.079,14103.6,92.2,1.22,154092.0,57.58,1.28,0,0,1,0.011,0.344,0.861
6.34,17.06,51.78,82.89,10.37,49.13,52.66,62.05,7.02,-0.13,13490.5,101.6,4.36,146679.0,69.82,0.95,0,0,0,0.006,0.4,0.281
24.19,95.95,171.5,321.39,44.62,113.78,83.82,99.5,7.76,0.317,17980.2,148.8,1.54,86716.0,0.92,1.3,1,1,1,0.993,0.999,1.0
0.46,3.14,4.67,7.7,0.17,0.38,30.78,34.33,5.55,-0.357,9312.2,164.4,8.9,80700.0,75.0,0.86,0,0,0,0.0,0.001,0.0
0.44,3.77,4.69,8.96,4.71,8.28,34.29,37.04,5.0,-0.211,8110.5,173.5,5.27,89325.0,75.0,0.1,0,0,0,0.0,0.001,0.0
16.96,40.45,57.35,135.1,11.02,53.79,65.02,71.34,7.65,0.151,13223.2,149.1,8.62,101003.0,52.73,0.79,0,1,1,0.455,0.789,0.825
66.87,168.86,343.05,606.14,90.85,204.88,86.19,99.5,9.5,0.694,32823.8,80.7,3.54,176471.0,0.92,1.69,1,1,1,1.0,1.0,1.0
22.8,89.37,147.06,285.17,48.48,109.7,84.92,99.5,7.72,0.212,15843.5,134.8,1.75,95380.0,0.92,0.86,1,1,1,0.981,0.999,1.0
12.97,34.1,77.33,120.57,28.94,72.77,61.81,72.31,6.92,-0.01,15048.2,98.5,5.97,170139.0,50.95,1.34,0,1,1,0.029,0.837,0.923
2.02,7.35,12.06,12.54,1.71,6.52,28.58,39.16,6.17,-0.45,13031.4,71.9,4.53,181981.0,75.0,1.96,0,0,0,0.0,0.005,0.001
17.24,34.94,73.77,139.02,15.62,35.26,62.1,74.33,6.83,0.006,14132.7,156.9,7.98,93451.0,47.24,0.88,0,0,1,0.08,0.498,0.572
38.77,83.12,147.8,279.32,57.62,129.65,85.48,99.5,8.54,0.344,24053.9,40.6,0.86,226001.0,0.92,2.41,1,1,1,0.999,1.0,1.0
16.5,28.1,50.67,112.52,26.59,57.77,44.16,58.59,5.87,-0.011,11717.5,165.8,4.89,93666.0,75.0,0.47,0,0,0,0.001,0.102,0.49
5.13,24.64,64.05,107.88,11.08,41.62,52.65,61.41,7.62,-0.213,14620.1,101.9,3.83,155344.0,71.0,1.37,0,0,1,0.005,0.482,0.667
0.05,1.4,1.47,4.53,0.98,1.4,22.95,29.39,5.03,-0.45,7459.1,127.4,2.85,126243.0,75.0,1.33,0,0,0,0.0,0.0,0.0
49.57,169.19,282.92,519.37,100.72,191.18,88.52,99.5,9.91,0.588,29910.3,130.6,8.55,130559.0,0.92,1.14,1,1,1,1.0,1.0,1.0
0.26,2.83,4.34,12.11,3.62,4.14,34.86,41.84,5.02,-0.383,9392.6,164.8,6.2,113854.0,75.0,0.54,0,0,0,0.0,0.002,0.0
1.16,8.3,8.53,9.27,1.62,12.89,28.47,34.27,4.88,-0.407,10741.5,127.3,0.5,140546.0,75.0,1.04,0,0,0,0.0,0.001,0.001
25.51,73.74,129.66,238.64,31.55,92.95,84.23,99.5,7.8,0.289,18536.1,124.0,5.1,129846.0,0.92,1.2,1,1,1,0.986,0.998,1.0
67.22,195.72,379.37,634.46,71.41,158.39,84.56,99.5,10.74,0.897,34000.0,44.7,1.28,226451.0,0.92,2.09,1,1,1,1.0,1.0,1.0
12.84,29.7,60.19,95.64,19.88,39.39,53.51,60.62,6.53,-0.027,12841.1,110.2,3.71,139924.0,72.45,1.54,0,0,0,0.004,0.256,0.333
10.49,19.54,60.25,90.91,28.79,69.67,50.54,60.47,6.91,-0.041,16884.9,56.8,1.61,197621.0,72.74,1.74,0,1,1,0.006,0.835,0.868
1.68,11.8,12.02,24.33,3.78,4.26,39.25,46.1,5.75,-0.318,8339.1,141.9,7.03,101395.0,75.0,0.72,0,0,0,0.0,0.002,0.001
1.05,2.31,4.6,33.83,1.55,1.89,30.32,33.33,5.32,-0.309,9613.8,109.3,6.03,137291.0,75.0,1.49,0,0,0,0.0,0.001,0.001
3.32,3.83,12.76,55.21,4.2,8.16,44.72,52.58,6.71,-0.173,11407.7,133.6,5.36,129441.0,75.0,0.62,0,0,0,0.001,0.051,0.003
14.67,34.56,63.38,107.1,15.7,52.64,60.48,69.22,7.9,0.055,17278.9,41.0,1.19,214681.0,56.64,1.81,0,1,1,0.241,0.782,0.914
1.18,3.38,7.61,25.5,2.76,3.15,31.98,38.94,6.62,-0.267,17699.6,47.3,1.62,243244.0,75.0,2.21,0,0,0,0.0,0.032,0.006
29.08,74.63,156.93,241.84,56.69,102.55,85.45,99.5,7.83,0.303,18968.0,138.9,4.91,124640.0,0.92,0.38,1,1,1,0.997,1.0,1.0
0.38,4.2,4.41,17.36,5.17,8.53,42.11,45.69,6.51,-0.283,14788.2,45.5,0.93,225765.0,75.0,1.83,0,0,0,0.0,0.024,0.008
14.26,35.73,57.4,116.45,16.18,38.67,53.81,61.54,7.45,-0.081,17840.2,45.3,2.06,225606.0,70.77,2.45,0,1,1,0.015,0.741,0.749
7.5,25.45,64.29,138.08,18.57,44.76,56.05,71.45,7.24,-0.071,17108.0,36.8,1.59,227534.0,52.54,2.28,0,1,1,0.033,0.83,0.957
13.93,35.2,57.8,102.67,20.67,49.0,57.97,66.56,6.47,0.075,9048.7,173.7,9.5,75620.0,61.53,0.78,0,0,0,0.011,0.303,0.18
1.47,3.22,3.7,5.87,4.64,5.55,29.03,37.55,5.66,-0.246,9164.6,141.9,8.18,125995.0,75.0,0.48,0,0,0,0.0,0.002,0.0
21.25,85.51,176.55,304.56,47.58,140.91,82.26,99.5,9.41,0.46,24526.5,86.2,1.95,165987.0,0.92,1.61,1,1,1,1.0,1.0,1.0
6.56,23.23,55.15,86.28,18.24,56.72,58.6,67.49,6.33,-0.055,13738.0,78.0,3.88,163402.0,59.81,1.88,0,0,0,0.004,0.241,0.424
31.78,101.79,190.48,331.76,58.16,136.08,82.15,99.5,8.77,0.438,24763.0,85.7,1.53,187700.0,0.92,1.3,1,1,1,0.999,1.0,1.0
14.74,34.56,66.08,124.4,13.8,53.62,52.75,65.33,6.69,0.108,12029.9,147.3,7.0,108076.0,63.8,1.08,0,0,0,0.028,0.425,0.487
0.45,2.37,3.52,17.8,7.39,13.06,24.73,29.1,5.31,-0.45,8446.6,130.9,3.36,106119.0,75.0,1.15,0,0,0,0.0,0.0,0.0
13.05,30.7,60.39,100.64,16.96,44.15,49.11,59.58,7.11,0.079,17385.2,61.9,1.03,194775.0,74.37,1.51,0,1,1,0.018,0.717,0.595
17.28,32.51,65.1,141.22,20.37,42.91,55.66,70.27,7.03,0.044,16461.0,60.2,2.41,194818.0,54.7,2.0,0,1,1,0.048,0.787,0.876
29.53,79.55,172.43,276.12,55.56,144.47,85.96,99.5,8.82,0.437,23270.0,49.3,0.5,210011.0,0.92,2.28,1,1,1,0.999,1.0,1.0
28.4,68.82,157.13,266.0,48.69,123.57,87.04,99.5,8.96,0.387,20659.1,130.7,0.5,118252.0,0.92,0.83,1,1,1,1.0,1.0,1.0
0.63,7.09,9.13,13.54,4.34,4.85,32.15,35.17,4.47,-0.381,7581.2,145.8,4.64,101001.0,75.0,0.34,0,0,0,0.0,0.0,0.0
0.16,7.02,7.96,9.89,1.53,1.7,29.66,37.54,6.04,-0.442,12828.2,73.4,2.68,182120.0,75.0,1.91,0,0,0,0.0,0.002,0.001
1.16,2.67,6.76,10.77,4.72,5.82,38.19,43.72,6.05,-0.337,12056.5,38.0,1.08,222983.0,75.0,2.99,0,0,0,0.0,0.006,0.003
70.5,197.21,343.28,505.88,63.42,220.46,83.34,99.5,9.96,0.863,34000.0,46.9,0.5,220270.0,0.92,2.09,1,1,1,1.0,1.0,1.0
1.73,8.01,12.81,17.84,0.26,9.54,32.94,42.48,5.75,-0.321,10323.5,175.3,3.56,72108.0,75.0,0.84,0,0,0,0.0,0.003,0.0
11.37,26.11,58.44,93.77,16.18,50.32,54.83,66.7,6.33,-0.213,15252.4,77.8,3.27,181848.0,61.27,1.53,0,0,1,0.002,0.251,0.678
6.3,16.6,46.92,108.09,13.74,29.73,43.89,59.93,5.92,0.077,10490.0,146.5,6.66,121535.0,73.74,0.84,0,0,0,0.002,0.116,0.071
17.46,25.93,40.99,87.15,14.45,46.66,43.24,53.99,6.31,0.068,12975.3,125.6,4.36,136930.0,75.0,1.31,0,0,0,0.007,0.137,0.107
2.7,4.34,10.27,39.06,0.42,2.77,39.64,50.95,6.02,-0.325,10668.4,90.4,5.05,147680.0,75.0,1.58,0,0,0,0.0,0.006,0.002
1.23,2.24,7.63,22.29,1.09,1.42,37.02,42.95,7.4,-0.363,15868.5,64.8,2.73,210066.0,75.0,1.86,0,0,0,0.001,0.125,0.004
5.15,19.43,36.89,105.97,16.69,51.67,48.81,56.56,6.48,-0.174,15223.8,52.6,1.13,225962.0,75.0,2.34,0,0,1,0.001,0.228,0.663
0.51,4.48,13.26,35.06,1.33,1.63,29.61,39.8,4.9,-0.293,8065.7,124.2,3.72,124467.0,75.0,1.66,0,0,0,0.0,0.0,0.001
0.56,1.94,14.84,24.84,2.05,7.38,37.19,41.32,5.86,-0.296,8099.1,147.3,1.44,80786.0,75.0,0.86,0,0,0,0.0,0.002,0.0
1.01,3.29,4.41,5.14,2.56,9.17,34.37,42.23,3.96,-0.409,9870.8,128.4,4.24,126082.0,75.0,0.88,0,0,0,0.0,0.0,0.0
10.36,27.69,51.91,104.42,14.18,51.97,54.68,67.48,6.3,0.17,12246.3,111.9,6.16,145612.0,59.84,1.22,0,0,0,0.026,0.219,0.429
11.39,28.7,44.81,105.93,14.05,40.55,52.63,67.19,7.14,-0.041,17046.1,41.1,1.94,213876.0,60.38,3.04,0,1,1,0.04,0.668,0.708
0.64,2.13,3.16,25.93,1.12,4.43,31.19,39.05,4.65,-0.207,5499.2,175.4,9.5,47715.0,75.0,0.41,0,0,0,0.0,0.0,0.0
1.14,3.48,6.75,27.51,3.35,5.24,34.98,41.57,5.36,-0.374,7673.9,150.8,4.46,97710.0,75.0,0.54,0,0,0,0.0,0.001,0.0
1.21,1.48,1.86,9.71,4.61,8.28,31.45,34.07,5.7,-0.303,12340.6,77.5,4.59,183553.0,75.0,1.42,0,0,0,0.0,0.005,0.001
13.7,24.38,52.98,103.02,25.66,44.79,52.22,61.74,5.26,-0.002,8955.8,177.1,5.58,61226.0,70.4,0.1,0,0,0,0.001,0.079,0.106
0.93,6.99,15.91,38.86,0.94,10.85,33.79,40.68,5.88,-0.403,9312.9,122.3,7.52,132021.0,75.0,1.23,0,0,0,0.0,0.004,0.001
15.47,37.94,80.91,157.76,14.8,33.63,65.18,74.98,6.9,0.143,11927.9,119.5,4.13,120117.0,46.04,1.36,0,1,1,0.128,0.651,0.733
1.41,3.48,5.07,18.91,0.13,0.3,31.53,36.69,4.86,-0.349,7316.6,143.5,6.85,101313.0,75.0,0.7,0,0,0,0.0,0.0,0.0
59.17,140.8,315.47,588.2,93.08,225.46,80.81,99.5,9.78,0.811,31387.7,152.7,9.4,104752.0,0.92,0.69,1,1,1,1.0,1.0,1.0
0.01,1.8,8.6,21.34,0.52,7.12,34.82,42.25,6.37,-0.393,9133.1,130.2,4.1,118523.0,75.0,0.66,0,0,0,0.0,0.006,0.0
83.58,170.31,298.95,486.35,63.16,213.03,83.14,99.5,9.99,0.975,30107.6,53.6,2.09,190632.0,0.92,2.15,1,1,1,1.0,1.0,1.0
43.23,103.56,199.42,332.92,43.21,117.97,84.2,99.5,9.12,0.643,25511.8,84.0,4.89,172051.0,0.92,1.82,1,1,1,1.0,1.0,1.0
15.87,37.64,55.07,108.2,17.95,55.51,55.85,67.11,6.76,-0.112,9344.8,169.6,5.53,60461.0,60.52,0.29,0,0,0,0.013,0.171,0.187
65.06,156.04,329.61,535.91,72.83,224.06,82.56,99.5,9.74,0.704,34000.0,67.6,0.76,202924.0,0.92,2.41,1,1,1,1.0,1.0,1.0
0.14,0.19,0.81,2.96,1.54,4.98,37.3,39.57,5.15,-0.349,11689.8,89.0,6.55,178025.0,75.0,1.35,0,0,0,0.0,0.001,0.0
0.71,1.29,1.85,9.98,1.67,2.94,27.34,32.29,5.85,-0.393,11339.8,97.7,2.59,137937.0,75.0,1.56,0,0,0,0.0,0.002,0.0
0.3,0.51,0.62,1.96,2.71,4.19,29.54,33.34,5.86,-0.41,9515.6,98.7,3.74,172929.0,75.0,1.72,0,0,0,0.0,0.002,0.001
0.03,1.81,4.88,11.6,0.23,5.16,34.31,40.7,5.11,-0.28,10419.5,123.9,6.91,114666.0,75.0,1.08,0,0,0,0.0,0.001,0.001
1.4,2.66,4.57,6.61,2.8,6.0,35.45,39.31,5.0,-0.35,8731.9,171.7,4.13,97293.0,75.0,0.36,0,0,0,0.0,0.0,0.0
6.12,20.54,62.65,115.27,16.5,50.81,58.96,69.63,7.51,0.04,16283.1,69.9,1.18,195388.0,55.88,1.44,0,1,1,0.051,0.754,0.897
0.27,2.13,6.56,29.72,2.36,4.06,42.95,47.67,5.64,-0.258,11649.0,52.6,2.08,198163.0,75.0,2.53,0,0,0,0.0,0.014,0.003
14.98,38.25,67.59,97.81,27.62,47.58,41.56,57.34,6.8,-0.145,15800.8,63.6,0.5,186510.0,75.0,1.91,0,1,0,0.003,0.618,0.489
0.16,1.08,2.99,22.27,0.99,1.16,29.99,34.99,5.32,-0.377,7393.9,163.6,4.88,88896.0,75.0,0.7,0,0,0,0.0,0.0,0.0
13.27,32.68,72.1,122.05,11.72,43.31,61.97,72.14,7.5,0.044,15446.1,128.6,5.07,119759.0,51.26,1.24,0,1,1,0.233,0.743,0.822
49.84,120.86,300.94,497.41,86.25,219.28,85.34,99.5,10.12,0.591,33000.4,76.5,2.3,186802.0,0.92,1.59,1,1,1,1.0,1.0,1.0
10.21,19.08,41.66,81.38,29.55,66.73,48.32,60.03,6.41,-0.202,10853.1,153.3,1.11,120217.0,73.54,0.62,0,0,0,0.001,0.316,0.215
10.87,19.95,38.42,109.07,28.91,44.85,60.71,73.55,6.06,-0.056,11531.6,159.9,9.5,77633.0,48.67,0.99,0,1,0,0.011,0.516,0.357
16.84,31.3,52.71,87.83,25.43,54.5,45.47,56.56,6.53,-0.111,11842.5,157.7,5.82,91606.0,75.0,0.28,0,0,0,0.004,0.312,0.193
40.81,84.86,175.57,265.02,33.14,80.48,85.79,99.5,7.87,0.639,19616.6,168.2,9.5,99404.0,0.92,1.11,1,1,1,0.999,0.999,1.0
1.99,4.65,5.38,11.21,2.89,4.06,34.35,37.75,5.47,-0.375,12259.8,71.6,2.17,198168.0,75.0,1.63,0,0,0,0.0,0.005,0.001
81.85,206.73,366.49,594.96,92.66,193.34,80.47,99.5,10.61,1.062,29980.1,144.5,2.77,82524.0,0.92,0.45,1,1,1,1.0,1.0,1.0
9.75,20.06,62.81,129.0,10.93,42.41,61.37,71.6,7.84,-0.071,15454.4,101.8,4.06,165447.0,52.26,1.46,0,1,1,0.138,0.846,0.803
0.5,4.73,6.41,18.81,0.36,3.23,29.87,37.68,5.34,-0.421,7332.8,157.1,4.89,74047.0,75.0,1.29,0,0,0,0.0,0.001,0.0
56.76,136.65,302.38,531.79,109.17,242.7,88.94,99.5,10.16,0.668,28362.3,140.6,1.94,132345.0,0.92,0.29,1,1,1,1.0,1.0,1.0
65.63,190.39,374.93,591.76,85.57,240.92,85.98,99.5,10.1,0.779,32933.2,147.6,9.07,90555.0,0.92,0.72,1,1,1,1.0,1.0,1.0
13.02,33.16,50.76,116.67,15.29,33.76,55.6,66.45,6.79,0.02,14352.6,130.1,3.1,168370.0,61.74,1.16,0,0,0,0.014,0.481,0.417
2.27,5.21,7.31,14.08,0.44,0.47,36.57,43.43,6.41,-0.249,14669.6,60.7,0.5,229138.0,75.0,2.01,0,0,0,0.0,0.017,0.006
28.73,69.67,144.97,291.68,34.02,79.06,87.82,99.5,7.9,0.534,19834.0,114.0,6.72,131216.0,0.92,1.36,1,1,1,0.998,0.999,1.0
2.79,6.21,6.42,7.42,2.31,3.93,25.42,29.74,4.23,-0.45,7534.7,177.8,4.61,66968.0,75.0,0.12,0,0,0,0.0,0.0,0.0
14.41,29.29,73.32,138.04,10.93,35.85,62.28,78.53,6.27,0.277,9845.0,170.9,4.11,86199.0,39.51,0.25,0,0,0,0.109,0.495,0.32
1.0,1.38,1.39,2.38,1.49,4.99,36.3,38.25,7.01,-0.44,15309.2,41.3,0.5,242243.0,75.0,2.24,0,0,0,0.0,0.035,0.001
6.21,25.52,59.03,136.02,26.81,70.11,59.9,68.08,7.38,-0.046,16948.5,58.9,3.91,215957.0,58.73,1.69,0,1,1,0.035,0.855,0.975
44.15,96.79,176.06,278.59,47.8,96.08,83.23,99.5,9.34,0.664,24820.9,54.1,0.64,233862.0,0.92,2.09,1,1,1,1.0,1.0,1.0
1.34,1.4,2.47,5.27,5.56,6.11,35.46,39.95,5.63,-0.286,8349.0,140.3,5.06,109835.0,75.0,0.75,0,0,0,0.0,0.001,0.0
80.63,158.09,326.66,511.44,75.8,235.66,83.04,99.5,9.16,1.042,28074.8,153.6,7.9,90205.0,0.92,0.54,1,1,1,1.0,1.0,1.0
0.31,0.87,4.43,20.63,8.09,12.32,32.12,39.67,6.2,-0.268,12570.4,66.0,2.81,195646.0,75.0,2.03,0,0,0,0.0,0.007,0.003
0.99,2.31,5.92,16.94,0.49,4.38,30.77,36.55,5.67,-0.335,10960.0,108.3,3.68,162857.0,75.0,0.78,0,0,0,0.0,0.001,0.001
7.66,23.99,46.78,92.42,22.28,39.21,50.24,57.35,5.82,-0.069,11401.9,156.9,0.69,97195.0,75.0,0.56,0,0,0,0.001,0.125,0.123
20.3,60.53,120.65,216.48,57.09,121.66,79.43,92.07,7.68,0.188,14364.1,141.3,2.89,114862.0,14.6,1.55,1,1,1,0.925,0.997,1.0
63.8,172.46,348.08,488.57,102.84,261.91,86.92,99.5,9.73,0.727,33105.9,113.6,4.36,155579.0,0.92,0.92,1,1,1,1.0,1.0,1.0
23.05,84.09,134.23,218.16,39.98,126.53,84.12,97.57,7.48,0.282,16568.1,120.6,2.51,104514.0,4.47,1.53,1,1,1,0.981,0.997,1.0
1.27,2.74,5.05,12.58,0.75,8.1,37.38,39.7,7.09,-0.45,13226.2,108.7,4.2,154196.0,75.0,1.33,0,0,0,0.0,0.038,0.001
67.71,166.75,318.61,589.62,96.18,187.77,88.89,99.5,10.1,0.748,30204.5,78.1,3.69,189505.0,0.92,1.57,1,1,1,1.0,1.0,1.0
62.48,149.78,348.6,546.75,63.39,176.29,85.33,99.5,10.49,0.688,34000.0,116.9,6.12,164718.0,0.92,0.8,1,1,1,1.0,1.0,1.0
0.47,2.75,3.78,4.22,0.2,1.37,26.99,32.75,4.45,-0.45,8208.6,134.9,1.74,95205.0,75.0,0.99,0,0,0,0.0,0.0,0.0
9.53,31.71,54.82,86.39,25.61,66.68,53.34,63.28,6.48,-0.007,12587.9,161.6,9.5,109400.0,67.57,1.0,0,1,0,0.004,0.518,0.417
11.4,24.24,62.41,92.85,28.48,69.45,45.41,59.09,5.97,-0.138,12512.5,127.3,6.21,128416.0,75.0,0.94,0,0,0,0.001,0.225,0.385
12.08,24.8,40.79,120.78,25.24,50.4,62.55,73.52,6.49,0.118,11303.0,145.4,5.08,112900.0,48.71,0.77,0,1,1,0.034,0.606,0.549
45.77,154.13,352.95,591.94,64.19,176.37,83.03,99.5,10.31,0.478,34000.0,58.2,3.18,235286.0,0.92,2.34,1,1,1,1.0,1.0,1.0
0.14,6.22,7.82,23.69,0.18,0.66,35.9,44.31,6.28,-0.365,15503.2,101.9,7.91,166100.0,75.0,1.52,0,0,0,0.0,0.011,0.001
13.83,36.17,57.22,108.13,22.39,61.28,54.59,64.34,7.78,-0.04,17659.1,36.4,0.5,242382.0,65.61,1.88,0,1,1,0.108,0.871,0.924
1.19,1.44,4.57,30.48,4.05,7.13,32.45,44.35,6.42,-0.207,11628.1,70.8,2.19,198712.0,75.0,1.89,0,0,0,0.0,0.018,0.002
17.94,27.73,57.09,125.85,12.82,57.0,53.67,63.67,6.29,0.032,13981.4,140.3,0.5,104343.0,66.85,1.32,0,0,1,0.005,0.336,0.706
28.85,77.86,140.65,243.69,50.22,113.83,85.09,99.5,8.26,0.458,15588.0,178.8,6.88,64998.0,0.92,0.31,1,1,1,0.999,1.0,1.0
0.26,4.4,4.66,26.25,0.64,3.04,30.02,39.83,5.82,-0.437,13719.9,49.4,2.05,210010.0,75.0,1.34,0,0,0,0.0,0.005,0.002
9.95,27.65,66.53,146.0,16.12,47.74,71.54,80.19,8.08,0.153,16492.4,93.2,3.2,167471.0,36.46,1.66,1,1,1,0.802,0.956,0.898
63.64,193.58,376.38,571.97,83.84,183.52,85.68,99.5,9.79,0.778,30531.6,151.0,3.51,63749.0,0.92,0.65,1,1,1,1.0,1.0,1.0
38.88,107.69,215.59,340.86,53.47,118.01,87.8,99.5,9.07,0.394,26260.6,64.6,0.5,208933.0,0.92,1.4,1,1,1,1.0,1.0,1.0
12.92,26.85,63.98,95.11,10.57,47.05,51.48,59.29,7.24,-0.004,13831.7,115.5,4.82,139589.0,74.91,0.72,0,0,0,0.014,0.403,0.445
3.2,5.7,10.89,31.73,0.9,1.3,37.18,42.68,5.35,-0.272,7617.6,141.3,8.65,105403.0,75.0,1.15,0,0,0,0.0,0.001,0.0
17.13,41.09,69.34,110.2,27.85,64.1,65.09,72.1,7.04,0.061,12023.0,124.3,3.03,134115.0,51.34,0.88,0,1,1,0.124,0.732,0.813
20.21,59.51,168.51,251.56,39.89,110.06,87.86,99.5,8.0,0.32,21517.7,62.3,2.67,183780.0,0.92,1.71,1,1,1,0.99,1.0,1.0
24.61,68.89,140.07,241.63,58.12,125.63,84.4,93.58,8.02,0.257,18841.7,86.5,0.59,205102.0,11.81,1.62,1,1,1,0.985,1.0,1.0
0.39,1.33,1.49,2.1,2.53,2.95,25.99,30.94,5.35,-0.329,7330.2,148.6,6.43,100079.0,75.0,0.55,0,0,0,0.0,0.001,0.0
11.19,33.51,59.56,106.85,27.46,68.41,55.77,67.95,7.12,0.053,12775.7,115.4,3.22,139377.0,58.96,1.25,0,1,1,0.032,0.825,0.738
2.55,4.67,16.84,37.35,1.07,4.55,36.03,45.8,6.89,-0.361,15207.3,35.8,0.76,222609.0,75.0,2.3,0,0,0,0.0,0.058,0.009
0.16,2.16,3.38,7.38,0.27,1.82,29.45,37.52,5.44,-0.365,8318.9,145.3,3.1,105947.0,75.0,0.44,0,0,0,0.0,0.001,0.0
11.26,29.46,53.61,123.22,20.42,54.56,63.0,72.12,7.7,-0.026,18108.5,40.1,1.12,252660.0,51.3,2.14,0,1,1,0.125,0.848,0.937
0.39,4.6,8.51,32.31,0.35,2.03,42.04,41.44,5.57,-0.436,10742.9,143.1,5.99,123781.0,75.0,0.96,0,0,0,0.0,0.002,0.001
0.14,0.75,2.76,29.76,1.63,3.03,41.45,44.33,6.45,-0.188,12739.3,64.4,0.73,215585.0,75.0,1.96,0,0,0,0.0,0.021,0.004
38.67,74.46,146.67,274.73,50.41,123.83,84.13,99.5,7.72,0.504,14911.1,173.9,4.84,79491.0,0.92,0.36,1,1,1,0.998,0.999,1.0
7.75,21.48,64.43,143.13,16.24,50.58,64.93,74.14,6.33,-0.055,12022.7,88.4,3.03,168600.0,47.59,2.19,0,0,1,0.018,0.205,0.879
26.03,75.77,173.31,293.41,59.74,134.32,83.19,99.5,8.6,0.311,21731.9,82.4,1.25,159361.0,0.92,1.91,1,1,1,0.998,1.0,1.0
13.18,21.75,59.24,138.14,19.46,39.22,58.11,69.81,7.55,0.011,16544.1,56.6,3.81,209078.0,55.56,2.32,0,1,1,0.075,0.895,0.907
44.42,91.03,165.58,251.77,33.88,85.79,81.99,99.5,9.83,0.42,23745.7,79.3,1.56,181287.0,0.92,1.69,1,1,1,1.0,1.0,1.0
0.95,2.99,6.72,17.24,1.37,7.04,23.51,30.5,5.59,-0.432,7118.2,162.1,3.72,101195.0,75.0,0.62,0,0,0,0.0,0.001,0.0
3.26,4.05,4.6,11.25,0.05,7.57,30.95,34.78,5.33,-0.264,7432.3,179.5,3.12,69279.0,75.0,0.18,0,0,0,0.0,0.001,0.0
8.12,25.45,43.91,101.57,10.78,48.84,58.48,64.44,6.59,0.009,12118.9,88.4,5.96,198099.0,65.44,1.84,0,0,0,0.013,0.237,0.372
3.73,4.65,5.84,12.97,1.94,2.67,35.33,38.5,5.65,-0.287,10123.1,100.0,4.5,177904.0,75.0,1.41,0,0,0,0.0,0.005,0.0
40.08,83.02,133.35,255.29,34.03,112.43,88.22,99.5,7.89,0.739,17052.1,139.7,2.53,105512.0,0.92,0.94,1,1,1,1.0,0.999,1.0
7.18,29.07,58.18,116.5,13.73,33.13,59.3,67.47,6.56,-0.029,10263.3,163.5,8.98,56875.0,59.86,0.58,0,0,0,0.007,0.143,0.068
1.2,1.93,3.89,11.72,0.52,6.08,35.17,41.48,5.83,-0.399,8522.3,121.0,4.67,155594.0,75.0,1.14,0,0,0,0.0,0.003,0.0
17.21,32.55,75.08,149.22,13.32,33.52,57.24,68.88,7.08,0.13,15805.8,91.8,3.64,190265.0,57.26,2.44,0,1,1,0.055,0.679,0.845
64.1,165.65,306.35,490.16,81.57,216.81,86.02,99.5,9.32,0.798,29766.6,94.8,2.73,145711.0,0.92,1.32,1,1,1,1.0,1.0,1.0
0.11,3.21,13.63,30.94,0.43,0.75,31.63,42.15,5.72,-0.328,10286.7,135.9,2.92,139601.0,75.0,0.73,0,0,0,0.0,0.002,0.001
0.81,8.64,15.48,25.41,0.31,4.69,31.66,39.02,6.27,-0.326,16011.2,35.5,1.46,243172.0,75.0,2.57,0,0,0,0.0,0.017,0.008
40.32,112.73,199.45,320.61,51.67,143.55,82.61,99.5,8.29,0.517,23248.7,124.8,3.14,132602.0,0.92,0.91,1,1,1,0.999,1.0,1.0
1.19,1.93,5.98,31.39,1.67,4.12,32.5,34.58,6.05,-0.234,11204.9,86.5,5.86,200366.0,75.0,1.55,0,0,0,0.0,0.007,0.001
1.59,4.29,4.52,20.03,1.05,10.95,29.96,39.3,5.76,-0.45,9425.9,150.2,1.82,119980.0,75.0,0.4,0,0,0,0.0,0.002,0.001
4.24,5.73,19.6,24.07,2.3,2.57,42.38,47.13,6.11,-0.183,14217.8,48.5,3.04,231590.0,75.0,2.33,0,0,0,0.0,0.035,0.01
6.88,29.58,71.4,128.03,16.8,45.33,63.95,74.09,6.91,0.014,14705.1,120.3,3.97,142751.0,47.67,1.3,0,1,1,0.061,0.686,0.783
16.31,27.89,51.74,121.01,28.71,46.49,56.63,65.45,6.82,0.062,13435.5,104.7,4.23,163557.0,63.58,1.28,0,1,1,0.014,0.717,0.63
15.45,34.42,56.34,124.13,24.56,43.82,53.76,64.62,6.8,-0.021,13565.0,128.1,6.41,120234.0,65.09,1.26,0,1,1,0.026,0.547,0.554
65.09,180.59,307.83,512.61,66.04,170.58,80.92,99.5,10.57,0.918,34000.0,44.4,1.05,225889.0,0.92,1.68,1,1,1,1.0,1.0,1.0
25.45,80.65,139.12,249.78,39.63,120.66,85.83,99.5,7.48,0.471,16622.0,119.1,6.02,123548.0,0.92,0.96,1,1,1,0.995,0.998,1.0
72.99,148.68,344.5,588.75,90.8,209.01,86.79,99.5,9.89,0.814,29692.2,116.4,0.5,135306.0,0.92,1.16,1,1,1,1.0,1.0,1.0
7.31,31.67,46.9,111.53,20.15,62.23,59.35,68.36,6.78,0.049,13773.5,116.3,2.56,134946.0,58.22,0.86,0,1,1,0.014,0.563,0.736
0.57,2.4,7.83,8.41,0.11,0.94,32.8,39.02,5.77,-0.328,8423.3,122.5,2.25,123464.0,75.0,0.6,0,0,0,0.0,0.002,0.0
50.86,121.24,287.31,538.74,107.86,223.13,81.73,99.5,9.72,0.608,26662.6,133.1,1.66,122346.0,0.92,0.88,1,1,1,1.0,1.0,1.0
0.39,5.38,12.82,24.59,0.64,9.01,35.08,43.1,6.85,-0.45,9067.2,151.7,4.72,93072.0,75.0,0.91,0,0,0,0.0,0.012,0.0
24.46,61.21,159.0,284.1,38.63,115.53,85.7,99.5,9.02,0.452,21374.6,74.1,3.11,198585.0,0.92,2.2,1,1,1,0.999,1.0,1.0
1.75,6.4,7.73,8.04,1.43,8.21,29.88,37.48,5.28,-0.411,7012.8,154.6,7.37,70107.0,75.0,0.5,0,0,0,0.0,0.001,0.0
25.2,77.04,142.43,223.49,61.45,108.88,82.17,99.5,8.17,0.44,19261.3,107.2,4.22,149603.0,0.92,1.56,1,1,1,0.995,1.0,1.0
75.67,166.47,301.46,573.2,92.86,227.81,80.96,99.5,9.88,1.019,33069.9,46.2,1.06,226565.0,0.92,2.4,1,1,1,1.0,1.0,1.0
14.88,28.67,60.58,104.09,26.69,59.67,55.92,64.22,7.11,-0.064,18786.0,43.5,1.81,223153.0,65.84,2.62,0,1,1,0.016,0.786,0.948
0.33,6.09,9.56,17.76,0.07,8.49,33.07,37.4,6.15,-0.261,12452.9,83.5,3.11,177257.0,75.0,1.57,0,0,0,0.0,0.014,0.002
3.65,5.72,8.06,13.4,0.62,3.62,33.19,35.65,5.51,-0.442,8322.1,148.8,7.72,77649.0,75.0,0.21,0,0,0,0.0,0.001,0.0
6.67,30.29,50.57,117.85,16.14,37.92,48.54,63.41,7.45,0.03,11597.1,137.6,6.74,120211.0,67.32,0.93,0,1,0,0.033,0.61,0.382
0.98,4.6,9.79,12.99,0.8,7.91,34.39,37.01,5.06,-0.219,7923.9,149.3,5.31,110495.0,75.0,0.43,0,0,0,0.0,0.001,0.0
14.4,34.52,57.59,127.19,17.17,44.21,60.44,67.83,6.67,0.098,15241.6,110.0,2.07,155398.0,59.18,1.08,0,0,1,0.021,0.461,0.72
8.74,18.8,46.41,77.26,19.12,55.87,52.2,57.86,6.68,-0.079,13591.5,98.8,2.3,176986.0,75.0,1.37,0,0,0,0.005,0.222,0.471
3.89,4.09,5.41,13.59,0.37,0.81,30.56,35.6,5.97,-0.277,13550.5,56.4,1.42,215366.0,75.0,1.96,0,0,0,0.0,0.006,0.001
10.88,28.75,68.36,148.25,25.49,47.13,65.92,76.9,7.55,0.039,16728.4,82.6,2.42,188075.0,42.51,1.73,0,1,1,0.239,0.932,0.96
14.72,31.86,60.38,137.17,24.04,59.49,63.79,74.41,6.7,-0.022,13692.8,97.9,3.9,164822.0,47.09,1.68,0,1,1,0.048,0.716,0.848
0.01,5.02,11.33,15.59,0.69,0.88,33.96,42.64,6.21,-0.387,13685.0,47.8,2.29,232897.0,75.0,2.08,0,0,0,0.0,0.013,0.003
21.27,83.02,144.19,298.07,59.48,118.67,82.4,99.5,8.5,0.542,20257.6,67.0,2.28,175955.0,0.92,2.03,1,1,1,0.999,1.0,1.0
29.5,77.59,133.14,215.65,45.82,137.69,81.44,95.15,7.71,0.311,18170.3,121.7,4.3,120505.0,8.93,1.14,1,1,1,0.99,0.999,1.0
2.99,7.14,11.1,34.38,1.45,2.14,35.52,42.52,5.68,-0.222,10380.8,141.7,5.32,133798.0,75.0,1.13,0,0,0,0.0,0.005,0.002
1.38,7.72,7.8,11.27,0.62,0.98,35.25,39.36,4.89,-0.35,3160.6,179.8,4.62,27381.0,75.0,0.25,0,0,0,0.0,0.0,0.0
25.64,76.0,182.39,331.21,63.11,109.74,83.68,99.5,8.4,0.374,20630.1,170.3,3.12,73536.0,0.92,0.41,1,1,1,0.997,1.0,1.0
0.03,0.33,10.15,12.21,1.7,2.6,25.44,34.25,5.48,-0.262,10825.6,128.2,0.5,143778.0,75.0,0.93,0,0,0,0.0,0.002,0.0
0.03,0.25,5.19,7.61,0.52,2.18,26.42,35.26,5.51,-0.382,10450.1,96.1,2.16,163304.0,75.0,1.45,0,0,0,0.0,0.001,0.0
13.54,29.52,72.86,124.57,13.98,45.07,63.6,77.06,7.29,0.169,13210.3,127.2,5.54,121230.0,42.21,0.82,0,1,1,0.315,0.779,0.768
0.72,4.59,15.53,37.24,0.99,1.84,37.36,41.81,5.66,-0.136,8536.5,148.9,3.33,103238.0,75.0,0.48,0,0,0,0.0,0.004,0.0
2.95,4.17,10.05,64.76,1.72,4.01,38.29,46.58,6.16,-0.282,13105.4,52.2,1.6,212113.0,75.0,2.36,0,0,0,0.0,0.024,0.027
72.99,154.63,308.57,492.3,68.21,197.02,85.32,99.5,10.48,0.914,32255.9,94.4,4.1,167139.0,0.92,1.2,1,1,1,1.0,1.0,1.0
1.03,4.61,12.86,15.85,3.03,4.63,31.71,42.23,6.01,-0.265,10496.9,156.8,6.96,81624.0,75.0,0.54,0,0,0,0.0,0.006,0.0
70.15,191.17,324.22,548.36,84.02,227.26,84.98,99.5,10.67,0.822,32225.2,90.7,1.41,187843.0,0.92,1.88,1,1,1,1.0,1.0,1.0
1.43,5.1,6.46,21.09,1.86,4.0,36.69,43.05,6.18,-0.271,10330.3,117.9,6.24,159843.0,75.0,1.08,0,0,0,0.0,0.009,0.001
29.46,77.72,128.3,221.87,32.06,118.72,87.55,99.5,8.38,0.531,17472.1,120.2,6.65,133727.0,0.92,1.4,1,1,1,0.999,1.0,1.0
16.18,38.57,78.1,119.17,19.84,62.07,62.76,73.38,6.94,0.153,15063.1,61.7,0.91,185104.0,48.97,1.81,0,1,1,0.148,0.744,0.878
1.71,1.72,4.18,4.31,0.66,2.66,35.95,40.05,5.62,-0.323,11703.6,87.5,1.77,167113.0,75.0,1.31,0,0,0,0.0,0.004,0.0
42.32,103.5,175.25,294.5,58.61,115.09,89.44,99.5,9.03,0.338,22876.9,83.5,4.71,177035.0,0.92,1.2,1,1,1,1.0,1.0,1.0
35.38,80.87,159.66,241.64,59.83,102.49,84.67,99.5,9.32,0.384,24805.4,38.8,1.26,241025.0,0.92,2.71,1,1,1,1.0,1.0,1.0
0.3,1.32,5.24,20.52,0.17,0.32,36.46,38.38,5.85,-0.214,11321.9,38.5,0.5,218670.0,75.0,1.98,0,0,0,0.0,0.004,0.001
39.97,103.46,203.35,337.48,56.29,117.13,84.88,99.5,7.47,0.469,17318.6,155.6,1.53,81747.0,0.92,0.87,1,1,1,0.995,1.0,1.0
12.67,34.36,54.53,105.67,24.81,55.79,56.79,68.39,7.16,0.107,15350.0,74.6,2.28,198146.0,58.17,1.51,0,1,1,0.053,0.78,0.85
37.04,83.76,135.7,218.03,63.0,154.95,78.99,93.25,8.36,0.366,20171.2,110.1,1.55,161938.0,12.42,1.69,1,1,1,0.997,1.0,1.0
25.28,66.18,117.27,215.77,41.7,94.97,73.15,87.54,7.04,0.222,16734.7,78.3,2.16,176698.0,22.92,2.41,1,1,1,0.825,0.995,1.0
1.92,5.38,5.71,20.05,1.47,1.97,29.96,36.63,5.36,-0.305,6980.9,171.4,6.1,54324.0,75.0,0.1,0,0,0,0.0,0.001,0.0
1.61,1.84,2.62,4.56,5.59,9.79,32.2,39.57,6.79,-0.213,14106.3,72.6,4.45,242144.0,75.0,1.51,0,0,0,0.001,0.042,0.002
10.35,32.32,53.8,130.36,23.94,55.73,60.06,71.55,6.31,0.068,13668.7,97.3,2.9,174989.0,52.35,1.71,0,1,1,0.011,0.689,0.906
76.79,185.47,375.31,631.39,69.89,169.06,86.35,99.5,10.2,0.942,31328.4,161.5,8.77,82140.0,0.92,0.72,1,1,1,1.0,1.0,1.0
0.08,0.7,2.39,2.74,0.76,5.92,29.88,40.16,5.72,-0.45,6476.4,157.1,9.5,104539.0,75.0,0.86,0,0,0,0.0,0.001,0.0
15.92,24.08,39.29,76.6,27.45,56.53,50.48,58.54,6.91,-0.206,12016.3,62.0,3.77,203752.0,75.0,1.81,0,0,0,0.002,0.291,0.49
4.88,10.34,19.17,20.82,1.29,18.96,37.06,43.25,5.16,-0.309,10890.1,151.4,6.07,111347.0,75.0,1.31,0,0,0,0.0,0.002,0.002
23.73,81.7,152.35,263.38,61.18,133.51,88.04,99.5,8.78,0.395,20342.2,101.4,0.5,160666.0,0.92,1.46,1,1,1,0.999,1.0,1.0
14.86,34.31,65.18,134.77,29.41,73.42,63.0,75.19,6.77,0.088,13619.8,105.0,4.55,155332.0,45.65,1.01,0,1,1,0.081,0.825,0.94
39.74,94.23,154.02,237.58,38.1,96.81,87.4,99.5,8.46,0.72,22261.0,54.4,2.93,213071.0,0.92,2.02,1,1,1,1.0,1.0,1.0
50.19,133.68,251.2,464.51,66.32,205.74,82.43,99.5,10.47,0.524,27837.0,46.7,1.57,202265.0,0.92,1.84,1,1,1,1.0,1.0,1.0
0.49,3.27,11.84,12.92,9.02,12.65,34.99,42.51,5.84,-0.349,9898.6,140.6,9.33,140410.0,75.0,1.34,0,0,0,0.0,0.004,0.001
0.07,1.01,9.7,20.59,0.68,10.55,33.29,37.94,5.52,-0.233,9912.1,107.0,5.4,137493.0,75.0,1.14,0,0,0,0.0,0.001,0.002
76.49,190.62,380.58,628.35,74.34,201.05,86.09,99.5,10.71,0.963,34000.0,98.3,4.45,141588.0,0.92,1.61,1,1,1,1.0,1.0,1.0
2.22,2.72,3.43,5.5,0.43,0.81,31.81,38.2,5.98,-0.43,7421.9,140.8,7.68,107873.0,75.0,0.72,0,0,0,0.0,0.0,0.0
40.94,108.67,167.76,304.2,51.94,107.13,85.13,99.5,7.89,0.378,16852.9,146.0,5.99,90379.0,0.92,0.6,1,1,1,0.998,0.999,1.0
25.68,70.71,164.55,270.09,39.73,80.97,84.16,99.5,8.5,0.371,22832.3,58.0,0.5,209574.0,0.92,1.47,1,1,1,0.998,1.0,1.0
16.81,37.6,66.79,143.93,15.87,51.11,66.71,76.15,7.45,0.038,16931.0,123.5,3.21,142137.0,43.88,1.29,0,1,1,0.307,0.925,0.943
0.44,1.38,8.83,27.39,0.7,0.99,31.53,37.52,6.78,-0.402,14466.4,54.6,3.09,229378.0,75.0,2.48,0,0,0,0.0,0.01,0.003
0.53,4.1,4.52,17.9,4.41,5.1,33.48,40.05,5.5,-0.161,9349.4,143.9,2.95,119482.0,75.0,0.54,0,0,0,0.0,0.002,0.0
16.21,25.08,60.09,129.64,18.9,40.01,69.39,78.72,7.18,0.054,12158.3,130.3,4.04,119105.0,39.15,0.55,0,1,0,0.198,0.7,0.479
3.1,3.15,6.39,11.99,1.24,3.93,30.3,35.03,5.4,-0.412,8869.2,173.7,2.81,72293.0,75.0,0.63,0,0,0,0.0,0.001,0.0
11.95,23.41,58.8,89.76,10.42,39.78,57.39,65.55,6.74,0.056,18686.2,45.0,3.02,232119.0,63.38,1.73,0,1,1,0.01,0.551,0.773
12.04,24.72,56.27,112.07,16.98,51.54,61.78,65.34,7.51,0.005,14821.5,43.3,2.82,201706.0,63.78,2.62,0,1,1,0.049,0.697,0.845
17.45,33.8,72.38,114.76,25.24,59.71,57.22,73.15,7.52,0.221,17108.5,75.9,1.45,197458.0,49.4,1.52,0,1,1,0.396,0.943,0.923
1.22,6.81,7.88,13.39,0.17,4.71,27.97,35.93,6.22,-0.306,11009.1,72.9,2.75,170604.0,75.0,1.5,0,0,0,0.0,0.003,0.0
78.75,173.1,315.22,547.43,63.78,167.29,82.26,99.5,10.51,0.878,34000.0,70.8,1.61,225631.0,0.92,1.93,1,1,1,1.0,1.0,1.0
9.76,26.58,55.87,96.31,20.82,63.59,58.42,71.24,6.49,0.049,11292.4,166.4,7.67,74244.0,52.91,0.18,0,0,0,0.018,0.353,0.255
5.35,24.92,58.66,134.88,22.91,56.65,63.12,70.07,7.2,-0.037,14296.1,71.2,3.14,191806.0,55.08,1.64,0,1,1,0.04,0.798,0.885
75.79,161.86,325.48,538.2,81.92,168.28,77.91,99.5,10.17,0.763,32946.4,74.4,3.69,179135.0,0.92,1.91,1,1,1,1.0,1.0,1.0
8.8,21.56,58.29,134.32,14.62,31.85,63.23,72.97,7.09,0.186,10319.6,145.1,5.95,96415.0,49.73,0.1,0,1,0,0.12,0.667,0.267
85.0,196.47,386.25,546.4,100.04,245.1,80.74,99.5,10.38,0.911,34000.0,100.2,8.8,193857.0,0.92,1.93,1,1,1,1.0,1.0,1.0
0.2,0.64,2.04,4.97,7.41,8.99,32.44,38.09,6.38,-0.373,9750.3,147.6,2.44,116958.0,75.0,0.78,0,0,0,0.0,0.004,0.0
39.03,106.23,179.39,314.0,33.77,95.61,85.22,99.5,8.8,0.498,21764.0,44.5,0.5,203388.0,0.92,1.85,1,1,1,1.0,1.0,1.0
4.1,4.57,6.52,25.27,2.19,5.68,39.36,43.64,4.87,-0.269,10272.0,105.7,2.95,175726.0,75.0,1.06,0,0,0,0.0,0.001,0.001
41.33,77.5,173.77,324.37,30.57,101.31,83.91,99.5,8.55,0.575,24351.2,39.9,0.5,250050.0,0.92,2.6,1,1,1,1.0,1.0,1.0
28.71,65.75,140.81,272.33,62.17,136.29,84.14,99.5,9.0,0.479,22479.9,44.1,0.5,222880.0,0.92,2.42,1,1,1,0.999,1.0,1.0
2.33,2.66,3.6,45.8,4.37,5.31,29.05,40.21,4.99,-0.363,7556.9,166.4,2.83,84880.0,75.0,0.91,0,0,0,0.0,0.001,0.0
13.07,27.24,56.3,129.34,24.71,46.87,64.36,69.01,6.84,0.109,17574.5,55.2,1.02,213547.0,57.03,1.88,0,1,1,0.025,0.88,0.871
27.9,74.49,171.33,290.54,63.28,148.19,85.34,99.5,9.11,0.371,22005.7,112.2,2.0,174947.0,0.92,1.36,1,1,1,0.999,1.0,1.0
0.28,4.14,6.96,10.47,0.9,13.43,39.0,44.59,5.22,-0.351,10324.7,94.6,4.19,154525.0,75.0,1.65,0,0,0,0.0,0.003,0.001
32.1,95.88,174.51,284.23,57.87,144.53,87.26,99.5,9.06,0.329,23072.6,85.4,2.21,179752.0,0.92,1.86,1,1,1,0.999,1.0,1.0
0.09,0.91,3.74,8.31,3.06,3.49,33.22,39.28,5.64,-0.337,10524.1,165.5,5.26,75007.0,75.0,0.85,0,0,0,0.0,0.003,0.0
76.91,183.99,320.03,508.25,69.14,169.35,85.63,99.5,10.36,1.037,31910.4,38.2,1.95,212707.0,0.92,2.11,1,1,1,1.0,1.0,1.0
1.52,2.69,7.35,16.01,0.31,2.73,33.37,37.16,5.55,-0.378,8473.3,131.2,2.78,155375.0,75.0,0.96,0,0,0,0.0,0.001,0.0
14.83,27.89,62.34,102.29,12.71,38.52,48.78,61.73,5.11,0.121,8865.3,174.7,5.28,52646.0,70.42,0.19,0,0,0,0.001,0.019,0.05
0.59,4.17,6.64,7.65,2.01,4.23,36.07,40.87,5.5,-0.424,9281.1,116.2,4.83,143833.0,75.0,1.2,0,0,0,0.0,0.001,0.0
0.48,4.54,5.21,34.54,0.81,2.98,39.56,40.44,4.84,-0.45,4734.1,170.8,0.5,48882.0,75.0,0.64,0,0,0,0.0,0.0,0.0
17.08,38.02,55.25,114.17,16.21,46.46,65.38,71.78,7.5,0.197,16979.4,42.6,0.5,222921.0,51.93,1.77,0,1,1,0.263,0.941,0.886
14.66,31.09,48.22,104.72,10.48,35.93,52.88,57.71,6.58,-0.069,12731.7,95.7,3.95,171459.0,75.0,1.84,0,0,0,0.003,0.091,0.237
0.78,3.37,6.19,8.17,5.38,9.06,33.6,33.91,5.68,-0.45,11104.9,72.7,3.19,180362.0,75.0,1.49,0,0,0,0.0,0.002,0.0
27.92,101.56,204.52,296.0,52.94,123.74,81.43,99.5,8.07,0.446,21523.3,141.0,9.5,119639.0,0.92,0.77,1,1,1,0.998,1.0,1.0
0.26,0.92,4.24,8.89,3.6,3.96,29.51,36.26,5.23,-0.352,5900.5,177.3,6.71,63219.0,75.0,0.71,0,0,0,0.0,0.001,0.0
42.85,111.47,205.79,306.8,55.02,119.16,82.3,99.5,9.55,0.65,26042.6,72.2,3.59,210765.0,0.92,1.94,1,1,1,1.0,1.0,1.0
13.24,26.55,66.63,98.66,23.83,63.69,65.6,66.9,6.92,-0.02,13899.3,129.9,4.09,144600.0,60.9,1.12,0,1,1,0.034,0.735,0.754
13.4,24.67,48.22,103.96,16.59,31.74,58.07,67.6,6.77,-0.094,14252.5,63.7,2.57,194730.0,59.62,1.61,0,0,0,0.016,0.293,0.241
0.05,3.7,4.05,35.63,1.17,6.14,35.02,45.36,5.6,-0.327,9527.1,117.0,7.6,140784.0,75.0,0.89,0,0,0,0.0,0.002,0.002
6.63,30.38,46.4,78.5,11.09,29.19,47.05,58.6,6.21,-0.13,13477.7,102.3,0.5,160028.0,75.0,1.69,0,0,0,0.001,0.148,0.096
11.33,32.73,56.28,123.57,25.48,67.73,60.87,71.3,6.6,0.114,11458.0,175.9,7.47,78161.0,52.8,0.18,0,1,1,0.019,0.574,0.522
0.19,0.56,1.08,6.42,1.34,3.51,28.99,38.11,5.38,-0.45,7468.6,123.2,9.05,132332.0,75.0,0.96,0,0,0,0.0,0.0,0.0
0.36,2.79,4.44,9.91,0.22,3.36,40.36,41.99,6.35,-0.36,11719.8,85.7,3.43,180039.0,75.0,1.94,0,0,0,0.0,0.005,0.002
1.28,4.82,14.2,31.63,0.54,1.48,48.62,54.87,6.36,-0.19,14130.5,51.5,3.34,214496.0,75.0,1.82,0,0,0,0.001,0.048,0.008
2.96,6.86,12.96,28.22,0.62,7.2,38.69,44.6,6.45,-0.158,14022.9,56.9,1.35,213412.0,75.0,2.14,0,0,0,0.0,0.025,0.004
0.19,1.26,2.96,12.82,1.25,3.4,26.79,34.61,5.64,-0.447,13655.9,67.7,2.33,218264.0,75.0,1.92,0,0,0,0.0,0.006,0.001
0.97,2.31,3.46,16.55,3.13,5.41,33.29,43.05,5.81,-0.38,11170.3,71.4,2.54,204023.0,75.0,1.85,0,0,0,0.0,0.004,0.001
13.44,30.54,47.31,98.47,10.2,45.05,52.83,61.12,6.02,0.014,10958.9,158.3,0.5,100512.0,71.54,0.45,0,0,0,0.003,0.058,0.091
0.85,1.19,4.32,31.76,0.83,14.97,37.32,43.5,6.28,-0.45,10463.2,116.4,1.63,151193.0,75.0,1.03,0,0,0,0.0,0.009,0.001
3.84,7.69,14.41,20.76,1.03,11.84,33.08,42.69,6.65,-0.334,11343.4,110.9,1.69,144623.0,75.0,0.96,0,0,0,0.0,0.013,0.001
0.55,0.8,1.46,16.34,0.97,1.74,30.68,36.25,5.68,-0.329,13293.5,51.6,2.57,222813.0,75.0,2.28,0,0,0,0.0,0.005,0.002
15.58,31.89,63.92,101.61,13.86,32.63,53.5,63.09,6.48,0.026,9869.7,159.7,8.1,72058.0,67.92,0.39,0,0,0,0.016,0.282,0.049
0.87,4.6,9.87,13.51,3.82,4.21,27.24,29.88,5.96,-0.409,10968.9,139.8,5.71,131262.0,75.0,1.16,0,0,0,0.0,0.004,0.0
6.48,28.92,51.25,116.66,10.18,27.99,61.02,65.59,6.48,-0.203,13479.0,44.8,2.23,184481.0,63.31,2.16,0,0,0,0.002,0.198,0.344
35.23,77.53,129.22,246.58,41.57,125.69,79.38,99.5,7.25,0.396,15048.7,137.6,4.41,113529.0,0.92,0.59,1,1,1,0.994,0.997,1.0
15.64,34.09,57.88,110.96,24.05,41.12,57.9,65.76,6.29,0.129,12765.3,113.8,6.45,160538.0,63.0,1.17,0,1,0,0.021,0.577,0.414
0.49,4.81,6.89,18.65,0.2,5.46,30.51,37.94,6.03,-0.37,13351.6,46.9,1.65,203322.0,75.0,2.08,0,0,0,0.0,0.004,0.001
6.31,28.95,47.15,121.69,17.28,51.01,58.86,68.0,6.51,-0.071,12862.5,101.5,3.66,164252.0,58.87,1.72,0,0,1,0.011,0.231,0.626
2.25,2.27,3.51,32.19,0.98,5.27,32.94,38.37,5.6,-0.404,9789.2,105.3,3.18,143451.0,75.0,1.26,0,0,0,0.0,0.004,0.001
50.6,161.3,277.89,518.31,76.19,193.46,85.83,99.5,9.92,0.653,32227.7,59.0,2.79,203623.0,0.92,1.95,1,1,1,1.0,1.0,1.0
24.16,84.27,154.52,265.19,52.83,102.66,81.47,99.5,7.97,0.348,15721.0,172.1,4.72,87638.0,0.92,0.84,1,1,1,0.987,1.0,1.0
16.08,36.64,68.98,105.39,23.74,39.29,60.52,68.35,6.4,0.116,9785.1,158.2,8.32,93075.0,58.23,0.76,0,0,0,0.011,0.304,0.121
77.18,165.4,285.95,448.98,108.16,250.06,84.68,99.5,9.25,0.833,26832.8,132.0,1.93,91075.0,0.92,1.48,1,1,1,1.0,1.0,1.0
8.09,32.47,51.67,118.35,23.13,62.78,58.9,65.2,6.26,0.008,12026.9,102.0,1.55,142914.0,64.03,1.79,0,0,1,0.005,0.386,0.722
0.58,1.86,5.78,11.87,0.08,4.66,40.2,42.6,5.6,-0.191,10415.5,94.7,4.49,180983.0,75.0,1.25,0,0,0,0.0,0.002,0.001
1.23,2.61,4.05,8.69,2.7,7.27,28.51,32.85,5.66,-0.348,9269.1,129.4,4.32,131465.0,75.0,1.32,0,0,0,0.0,0.004,0.0
15.65,36.6,74.34,116.93,12.03,49.88,60.23,67.95,7.07,-0.059,15504.3,114.1,3.06,169317.0,58.98,1.7,0,1,1,0.029,0.731,0.777
22.47,96.75,199.26,321.93,42.33,111.3,86.83,99.5,9.37,0.436,26689.0,44.0,2.25,252404.0,0.92,2.7,1,1,1,1.0,1.0,1.0
38.36,103.61,158.03,302.42,52.45,94.68,87.92,99.5,8.73,0.49,20652.0,109.3,2.63,143691.0,0.92,1.61,1,1,1,1.0,1.0,1.0
9.07,25.75,46.41,84.17,10.29,52.63,50.37,55.53,6.19,-0.172,11392.3,151.9,4.77,135234.0,75.0,0.99,0,0,0,0.001,0.079,0.079
5.73,19.95,41.12,108.18,24.14,63.33,57.83,71.46,7.15,-0.02,12078.3,101.6,6.11,158459.0,52.51,1.33,0,1,1,0.02,0.786,0.777
13.02,31.08,58.29,120.11,12.3,47.84,57.76,67.13,6.09,-0.014,14561.0,42.5,2.67,214520.0,60.48,2.01,0,0,1,0.007,0.249,0.837
22.6,92.07,172.41,294.84,50.47,133.15,81.1,99.5,7.1,0.335,15539.1,149.0,9.43,91683.0,0.92,0.64,1,1,1,0.968,0.998,1.0
11.22,26.49,50.14,86.54,13.81,28.82,52.69,63.52,7.53,0.013,14434.5,64.2,1.92,169112.0,67.12,1.45,0,1,0,0.032,0.698,0.118
16.3,37.31,58.87,88.99,19.84,47.22,56.16,67.49,6.86,0.051,15373.0,72.5,4.14,217105.0,59.82,2.24,0,1,1,0.036,0.551,0.727
15.09,29.94,70.86,105.65,17.32,60.34,58.06,66.58,7.56,-0.131,18308.3,58.9,1.06,233263.0,61.49,1.95,0,1,1,0.037,0.798,0.925
20.29,70.92,136.51,259.06,39.76,127.6,84.0,99.5,9.08,0.431,21900.5,82.9,1.55,165310.0,0.92,2.07,1,1,1,0.999,1.0,1.0
43.43,112.39,186.31,345.5,55.73,115.28,84.18,99.5,8.5,0.676,20470.7,144.7,0.5,102907.0,0.92,0.43,1,1,1,1.0,1.0,1.0
0.12,2.87,8.08,9.65,1.6,16.82,40.54,44.75,6.25,-0.261,10515.4,110.3,7.18,149061.0,75.0,1.62,0,0,0,0.0,0.013,0.002
0.47,1.37,10.72,12.22,5.42,10.71,35.45,39.11,6.4,-0.3,12976.5,64.7,1.26,187945.0,75.0,1.8,0,0,0,0.0,0.024,0.002
29.77,68.11,119.26,229.33,54.69,121.5,85.26,99.5,8.1,0.426,16091.2,162.3,5.31,58931.0,0.92,0.17,1,1,1,0.998,1.0,1.0
38.47,100.29,184.66,342.06,55.49,145.8,86.45,99.5,7.97,0.435,16556.9,162.5,3.03,81797.0,0.92,1.04,1,1,1,0.999,1.0,1.0
8.15,28.28,61.21,137.43,20.21,43.6,63.23,72.49,6.69,0.016,10628.6,161.2,7.66,81703.0,50.61,0.9,0,0,0,0.042,0.49,0.347
10.0,21.72,43.32,96.84,27.85,48.61,54.14,57.92,6.78,0.023,16481.2,69.6,1.97,190623.0,75.0,1.94,0,1,1,0.008,0.656,0.597
56.51,177.69,318.23,592.97,73.45,188.82,84.05,99.5,10.25,0.733,31652.9,100.4,1.16,162825.0,0.92,1.45,1,1,1,1.0,1.0,1.0
48.82,178.35,368.47,622.93,67.87,225.42,82.7,99.5,10.15,0.767,32505.1,177.8,7.64,88055.0,0.92,0.46,1,1,1,1.0,1.0,1.0
43.23,95.66,186.55,345.95,44.34,90.56,85.08,99.5,8.11,0.715,19001.0,146.9,1.35,99123.0,0.92,0.83,1,1,1,1.0,0.999,1.0
2.43,4.05,21.41,31.01,0.06,2.43,33.32,41.99,5.67,-0.312,13896.3,38.9,0.78,235830.0,75.0,2.08,0,0,0,0.0,0.012,0.006
37.95,73.99,148.8,241.24,52.51,145.16,81.03,96.41,8.97,0.463,26051.5,44.5,0.5,237557.0,6.6,2.11,1,1,1,1.0,1.0,1.0
1.18,4.14,6.16,16.1,1.57,6.56,30.19,34.19,5.74,-0.421,11218.3,102.3,0.96,165588.0,75.0,2.0,0,0,0,0.0,0.003,0.001
41.42,102.94,211.73,357.99,34.36,102.27,83.31,99.5,9.07,0.55,21047.1,166.8,6.38,70579.0,0.92,1.29,1,1,1,1.0,1.0,1.0
2.8,10.01,11.92,27.44,1.06,1.52,38.62,46.11,5.96,-0.349,11640.7,113.1,0.5,145712.0,75.0,1.72,0,0,0,0.0,0.01,0.001
16.5,40.34,70.49,101.4,26.32,55.63,53.7,63.97,7.25,0.059,16564.7,107.2,0.89,159594.0,66.29,1.48,0,1,1,0.036,0.777,0.832
5.98,17.2,36.76,101.07,15.99,34.82,50.52,60.72,7.42,-0.041,15203.0,50.3,1.76,202722.0,72.28,2.05,0,0,0,0.006,0.288,0.431
42.94,116.2,174.52,272.94,50.72,99.0,81.83,99.5,8.01,0.427,21407.2,130.2,3.28,142673.0,0.92,0.77,1,1,1,0.999,1.0,1.0
7.06,20.78,64.26,142.38,26.84,62.71,67.47,76.39,6.7,0.167,13207.0,154.2,9.5,116428.0,43.44,0.45,0,1,1,0.121,0.806,0.809
1.53,3.12,6.14,18.21,2.63,2.98,39.86,42.87,6.14,-0.353,10140.7,90.2,6.13,160965.0,75.0,1.42,0,0,0,0.0,0.005,0.001
25.62,99.14,169.25,270.73,44.77,100.77,86.95,99.5,9.31,0.378,20205.9,147.5,2.86,105949.0,0.92,1.41,1,1,1,1.0,1.0,1.0
6.19,17.72,51.93,93.08,22.95,40.96,52.71,59.24,5.18,-0.103,9414.1,174.8,7.87,79815.0,74.99,0.92,0,0,0,0.0,0.028,0.029
0.05,4.99,10.7,23.86,0.06,1.02,35.47,42.95,6.34,-0.392,14093.6,64.5,3.13,194360.0,75.0,2.17,0,0,0,0.0,0.013,0.003
77.49,156.17,339.33,561.12,97.02,228.58,85.01,99.5,10.52,0.873,33204.7,110.9,2.69,154165.0,0.92,1.0,1,1,1,1.0,1.0,1.0
10.42,23.38,58.57,128.91,10.89,37.29,63.28,76.74,7.18,-0.006,13048.4,76.6,0.62,190487.0,42.8,2.04,0,1,1,0.1,0.64,0.626
28.77,86.15,142.98,297.66,49.2,140.0,84.24,99.5,8.72,0.433,16903.0,150.0,5.22,78025.0,0.92,0.66,1,1,1,0.999,1.0,1.0
15.62,26.88,45.85,118.91,20.72,36.31,60.97,71.86,6.49,0.025,12998.5,118.8,3.79,144386.0,51.77,0.53,0,1,0,0.025,0.597,0.305
43.36,97.28,165.33,286.66,58.8,104.87,81.11,99.5,8.28,0.61,20531.0,127.0,3.45,111081.0,0.92,1.14,1,1,1,1.0,1.0,1.0
28.97,76.73,177.11,319.38,44.0,120.55,84.91,99.5,7.92,0.33,21876.3,150.7,6.47,113251.0,0.92,0.47,1,1,1,0.994,1.0,1.0
10.13,27.84,72.58,129.36,29.77,67.19,61.47,73.88,7.17,0.069,15272.0,92.4,1.99,159033.0,48.06,1.31,0,1,1,0.092,0.912,0.875
49.83,167.59,292.1,506.63,90.66,242.04,85.24,99.5,9.39,0.554,25978.3,167.7,2.39,76355.0,0.92,0.4,1,1,1,1.0,1.0,1.0
7.74,30.63,73.66,108.14,27.71,50.48,47.87,57.01,7.46,-0.05,13987.1,112.3,4.15,165837.0,75.0,1.12,0,1,1,0.009,0.738,0.533
22.03,95.37,168.9,298.74,49.35,101.08,85.44,99.5,9.56,0.431,23947.9,57.9,2.43,217962.0,0.92,2.03,1,1,1,1.0,1.0,1.0
36.74,73.58,135.77,291.34,63.37,129.92,86.32,99.5,8.67,0.342,18512.3,135.9,1.88,100721.0,0.92,0.91,1,1,1,0.999,1.0,1.0
7.2,22.37,63.68,97.19,12.56,54.43,48.33,60.55,5.98,-0.039,11094.4,150.0,7.76,84749.0,72.59,0.17,0,0,0,0.001,0.073,0.233
10.4,19.82,39.0,113.12,19.8,39.69,47.82,57.19,6.91,-0.312,14762.7,80.9,0.5,173894.0,75.0,2.17,0,0,0,0.002,0.219,0.445
80.76,201.48,313.55,534.89,72.22,194.87,82.96,99.5,9.61,0.86,27777.3,159.3,3.92,94770.0,0.92,0.3,1,1,1,1.0,1.0,1.0
0.39,1.34,5.03,14.31,1.01,1.4,40.01,43.6,5.55,-0.233,7186.1,166.4,5.05,85706.0,75.0,0.21,0,0,0,0.0,0.001,0.0
4.19,4.66,8.68,9.71,2.33,2.68,36.05,37.41,6.03,-0.373,12521.5,75.2,1.77,177172.0,75.0,1.7,0,0,0,0.0,0.005,0.001
7.98,26.98,50.47,107.11,12.49,33.56,48.79,57.28,5.75,-0.001,5089.3,177.6,4.41,49359.0,75.0,0.3,0,0,0,0.001,0.021,0.013
1.59,1.68,2.15,5.06,0.04,0.39,32.6,37.16,6.09,-0.301,13747.1,55.4,3.81,217740.0,75.0,2.52,0,0,0,0.0,0.005,0.001
27.03,65.75,167.72,253.0,60.13,145.39,80.89,99.5,8.5,0.382,20541.4,64.3,1.27,200121.0,0.92,2.03,1,1,1,0.998,1.0,1.0
0.13,0.19,0.4,11.11,2.22,5.61,29.08,33.32,6.79,-0.45,14047.4,61.7,4.87,238303.0,75.0,2.16,0,0,0,0.0,0.008,0.002
0.94,1.42,8.77,13.53,8.56,10.26,35.74,42.81,6.1,-0.197,6440.7,164.6,7.06,82995.0,75.0,0.6,0,0,0,0.0,0.005,0.0
26.58,97.35,181.39,319.14,44.29,133.07,87.97,99.5,8.03,0.373,20467.9,129.9,4.76,151367.0,0.92,1.09,1,1,1,0.996,1.0,1.0
3.0,4.43,5.53,18.05,6.18,9.59,32.0,38.32,6.54,-0.45,14185.6,57.1,2.49,193978.0,75.0,2.15,0,0,0,0.0,0.027,0.003
17.4,31.25,73.7,109.33,17.18,47.01,57.79,70.4,7.28,0.003,15564.1,98.8,7.96,137786.0,54.47,0.88,0,1,1,0.096,0.782,0.561
36.33,83.09,188.55,340.83,57.98,104.27,81.22,99.5,8.8,0.519,20154.6,124.2,2.13,114137.0,0.92,1.02,1,1,1,1.0,1.0,1.0
21.96,76.88,172.8,262.66,52.45,121.48,85.03,99.5,10.2,0.303,28347.3,47.1,0.7,241314.0,0.92,2.55,1,1,1,1.0,1.0,1.0
38.15,90.56,182.16,274.93,37.51,127.19,83.22,99.5,8.34,0.719,21203.8,163.0,3.49,110801.0,0.92,1.73,1,1,1,1.0,1.0,1.0
0.48,11.06,11.25,19.47,0.79,20.08,32.99,35.23,5.24,-0.437,7575.6,151.5,5.39,86440.0,75.0,0.35,0,0,0,0.0,0.0,0.0
5.53,6.2,7.44,24.06,4.41,8.22,33.33,37.35,5.39,-0.367,7900.8,108.3,0.5,143186.0,75.0,1.45,0,0,0,0.0,0.001,0.001
2.4,2.56,6.66,21.11,0.42,5.69,35.36,41.9,5.31,-0.389,5749.5,175.2,6.2,52185.0,75.0,0.2,0,0,0,0.0,0.0,0.0
3.46,9.17,10.29,14.99,1.38,1.99,30.09,33.56,5.84,-0.299,9357.6,95.6,6.26,138135.0,75.0,2.12,0,0,0,0.0,0.002,0.0
17.4,28.15,65.99,113.06,21.47,37.89,60.54,66.09,6.09,0.019,10353.0,177.7,6.7,77541.0,62.39,0.1,0,0,0,0.007,0.212,0.106
7.67,23.22,58.54,127.41,10.6,30.18,59.55,73.47,7.54,0.071,13140.3,131.8,3.92,125127.0,48.81,1.18,0,1,0,0.161,0.707,0.474
14.49,36.31,58.41,99.89,11.76,31.27,50.69,61.51,5.68,0.066,12003.0,127.0,3.03,127725.0,70.83,0.63,0,0,0,0.003,0.076,0.083
0.01,2.24,11.61,13.55,2.78,5.77,33.07,33.19,5.74,-0.378,14118.6,59.1,3.02,188123.0,75.0,1.93,0,0,0,0.0,0.002,0.002
17.22,38.79,79.37,141.33,26.23,51.75,60.8,73.75,6.96,0.128,12616.3,162.9,3.28,109144.0,48.3,0.53,0,1,1,0.121,0.722,0.821
0.28,6.37,11.67,12.82,4.03,5.54,37.29,41.92,5.66,-0.427,9815.3,97.0,6.62,156066.0,75.0,1.81,0,0,0,0.0,0.003,0.001
0.43,2.87,6.23,15.5,0.59,11.83,31.74,33.85,6.03,-0.45,14347.2,58.5,4.08,217776.0,75.0,1.71,0,0,0,0.0,0.003,0.001
17.35,25.42,50.56,82.83,27.0,68.6,54.06,63.65,7.47,-0.099,16238.9,36.8,1.46,213988.0,66.89,2.54,0,1,1,0.029,0.81,0.882
11.74,34.01,70.11,125.09,17.28,40.26,64.04,73.31,7.4,0.051,15011.8,116.2,4.04,137745.0,49.1,1.22,0,1,1,0.142,0.873,0.664
26.49,83.97,143.98,237.96,30.36,104.1,83.84,99.5,8.73,0.595,19592.2,111.5,5.97,150603.0,0.92,1.36,1,1,1,1.0,1.0,1.0
44.86,115.43,207.77,350.61,44.59,100.98,89.12,99.5,7.93,0.549,20332.4,139.3,7.62,117739.0,0.92,1.17,1,1,1,0.999,1.0,1.0
29.22,67.47,155.5,249.49,56.7,107.15,83.47,99.5,8.23,0.52,17458.3,164.1,3.36,85415.0,0.92,0.14,1,1,1,0.999,1.0,1.0
7.97,32.24,50.4,105.34,11.25,28.97,52.76,64.88,7.39,-0.021,15994.6,46.5,1.19,231601.0,64.62,2.45,0,1,1,0.016,0.567,0.531
1.2,3.7,4.55,29.27,2.42,3.67,37.88,41.96,5.03,-0.319,7847.1,141.1,1.58,93762.0,75.0,0.69,0,0,0,0.0,0.001,0.001
0.34,3.85,9.14,11.08,0.86,1.71,37.51,42.05,6.16,-0.349,12599.7,62.2,2.63,208351.0,75.0,2.31,0,0,0,0.0,0.006,0.001
27.35,73.86,182.42,322.43,57.3,112.56,84.95,99.5,8.5,0.385,18828.5,159.4,7.49,90384.0,0.92,0.69,1,1,1,0.998,1.0,1.0
0.0,0.15,3.37,7.4,0.43,0.61,28.73,33.7,5.83,-0.438,7888.9,153.8,1.65,98958.0,75.0,0.61,0,0,0,0.0,0.001,0.0
16.39,34.59,52.81,121.13,25.12,48.8,53.44,64.33,6.71,0.065,14079.3,113.4,3.04,144987.0,65.64,1.07,0,1,0,0.023,0.711,0.352
0.25,4.46,6.05,28.62,0.09,2.51,32.31,40.17,4.86,-0.277,7180.2,138.0,1.48,95320.0,75.0,1.15,0,0,0,0.0,0.001,0.0
0.24,3.02,26.56,32.94,0.21,1.55,34.98,42.93,6.24,-0.357,9010.4,80.6,1.52,163536.0,75.0,2.1,0,0,0,0.0,0.006,0.001
42.29,107.92,171.85,328.14,51.78,101.02,85.36,99.5,8.12,0.534,18753.2,103.3,4.64,122803.0,0.92,1.24,1,1,1,0.999,1.0,1.0
1.02,2.52,9.37,14.43,4.16,10.01,27.74,33.24,4.66,-0.443,8776.9,154.1,3.36,107298.0,75.0,0.33,0,0,0,0.0,0.0,0.0
13.77,26.17,70.28,127.71,28.15,49.62,58.32,73.0,7.26,0.143,16942.9,101.6,3.01,170503.0,49.69,1.63,0,1,1,0.271,0.932,0.894
4.92,9.15,21.07,23.94,1.13,1.49,40.02,48.31,6.85,-0.161,13521.1,86.9,0.5,188396.0,75.0,1.2,0,0,0,0.001,0.035,0.002
6.78,19.61,63.16,126.52,16.29,59.93,56.68,67.31,6.57,0.064,15608.4,106.7,4.09,156609.0,60.14,0.96,0,1,1,0.011,0.546,0.877
38.49,109.77,215.41,355.47,38.51,133.32,85.85,99.5,8.35,0.466,20078.6,155.1,5.3,61888.0,0.92,0.34,1,1,1,0.998,1.0,1.0
9.23,28.65,68.99,107.75,22.18,48.44,61.2,71.15,6.96,-0.048,15412.1,83.6,1.83,164273.0,53.09,1.55,0,1,1,0.018,0.798,0.751
26.11,61.58,163.9,254.77,60.73,133.77,88.96,99.5,8.75,0.539,23177.8,60.2,1.9,210322.0,0.92,1.61,1,1,1,1.0,1.0,1.0
1.16,5.57,8.42,13.73,0.3,3.26,33.46,42.24,5.62,-0.214,10226.8,138.2,5.29,116142.0,75.0,0.31,0,0,0,0.0,0.004,0.0
12.19,25.19,58.19,110.16,26.11,57.9,54.31,62.27,6.77,-0.122,13001.4,154.8,3.15,90939.0,69.42,0.32,0,0,0,0.007,0.317,0.43
43.34,99.06,202.31,323.95,49.53,109.71,86.16,99.5,9.03,0.508,25540.4,49.6,0.5,226023.0,0.92,2.36,1,1,1,1.0,1.0,1.0
61.01,186.99,317.09,474.09,101.51,227.66,85.27,99.5,10.51,0.776,33047.4,69.8,4.71,196437.0,0.92,1.49,1,1,1,1.0,1.0,1.0
0.4,1.82,4.79,15.56,3.44,5.2,36.88,44.26,5.94,-0.211,11919.7,55.6,1.31,215108.0,75.0,1.98,0,0,0,0.0,0.005,0.003
1.35,5.86,13.28,16.8,0.86,4.02,30.95,38.42,6.69,-0.422,13703.1,85.5,2.84,167872.0,75.0,2.23,0,0,0,0.0,0.013,0.003
2.6,6.51,10.02,59.44,1.16,7.62,41.39,48.82,6.18,-0.244,11993.6,100.3,5.34,174369.0,75.0,1.42,0,0,0,0.0,0.016,0.008
2.05,8.01,25.6,33.81,0.44,2.6,30.72,41.4,5.17,-0.231,9364.7,143.6,9.5,101243.0,75.0,0.92,0,0,0,0.0,0.002,0.001
2.31,6.83,8.47,9.05,1.43,3.68,32.94,41.47,4.96,-0.331,7071.9,129.4,1.63,104741.0,75.0,0.74,0,0,0,0.0,0.001,0.0
0.11,4.07,5.4,17.86,0.21,7.11,33.9,42.74,5.1,-0.332,8605.7,125.0,5.39,118393.0,75.0,1.73,0,0,0,0.0,0.001,0.001
14.61,29.21,63.1,102.47,29.71,68.59,53.81,61.82,6.42,0.092,15012.1,86.1,1.92,171460.0,70.25,1.48,0,1,1,0.012,0.555,0.879
76.56,155.76,267.36,489.31,67.21,209.64,86.14,99.5,8.37,0.878,24059.2,157.0,3.97,106498.0,0.92,0.56,1,1,1,1.0,1.0,1.0
0.65,1.68,1.99,68.44,6.25,6.74,38.11,47.99,5.51,-0.175,10560.4,103.3,2.28,155362.0,75.0,1.79,0,0,0,0.0,0.007,0.005
58.31,151.76,288.47,559.3,96.07,252.54,81.31,99.5,8.85,0.717,23746.3,177.0,2.61,64844.0,0.92,0.29,1,1,1,1.0,1.0,1.0
41.86,107.04,198.86,348.16,53.95,104.32,80.92,99.5,8.82,0.478,21531.0,127.0,4.35,108929.0,0.92,1.07,1,1,1,1.0,1.0,1.0
36.2,91.8,200.72,321.51,31.35,85.88,87.02,99.5,8.57,0.552,25494.5,53.3,0.5,227812.0,0.92,2.03,1,1,1,1.0,1.0,1.0
81.7,209.44,385.0,532.96,61.18,179.54,86.86,99.5,9.98,0.913,33373.4,133.0,6.92,110566.0,0.92,0.89,1,1,1,1.0,1.0,1.0
44.99,114.76,220.75,350.63,60.07,117.65,86.2,99.5,9.44,0.502,25513.1,82.1,2.96,179931.0,0.92,1.81,1,1,1,1.0,1.0,1.0
20.68,92.41,155.52,293.8,53.06,101.76,88.33,99.5,8.23,0.51,20040.3,134.5,5.73,140782.0,0.92,1.12,1,1,1,0.994,1.0,1.0
7.55,21.14,58.85,90.81,18.14,53.09,59.37,64.61,6.67,-0.036,17921.2,45.1,1.2,233514.0,65.11,2.03,0,1,1,0.016,0.599,0.831
7.23,17.26,43.97,88.29,22.98,67.07,44.79,55.61,6.69,-0.173,14518.3,60.4,1.71,183147.0,75.0,1.78,0,0,1,0.001,0.374,0.768
45.18,169.32,318.31,551.27,102.55,228.43,83.59,99.5,9.29,0.574,25722.1,159.1,6.39,62559.0,0.92,0.42,1,1,1,1.0,1.0,1.0
6.27,16.66,55.33,96.79,21.38,49.22,56.71,64.43,7.26,0.039,16478.5,67.9,0.95,197506.0,65.45,1.48,0,1,1,0.013,0.866,0.651
0.43,4.3,9.56,22.02,0.93,1.83,24.05,36.41,6.17,-0.247,7426.9,156.4,4.47,74164.0,75.0,0.16,0,0,0,0.0,0.004,0.0
32.9,100.58,185.12,342.73,30.54,125.45,83.95,99.5,8.75,0.431,25090.4,75.5,1.47,199134.0,0.92,1.88,1,1,1,0.999,1.0,1.0
13.99,36.14,61.19,116.61,25.94,63.76,65.0,73.64,7.19,0.091,12863.1,128.2,2.43,126772.0,48.51,1.32,0,1,1,0.057,0.724,0.775
28.35,76.33,166.1,320.79,45.36,104.77,83.7,99.5,8.16,0.4,19166.8,135.7,0.5,119699.0,0.92,1.19,1,1,1,0.998,1.0,1.0
2.7,5.57,7.54,8.25,2.56,4.08,37.94,42.48,5.76,-0.241,8721.3,109.3,6.46,138197.0,75.0,0.59,0,0,0,0.0,0.002,0.0
5.92,24.33,49.02,95.94,19.58,56.11,49.78,64.45,6.69,-0.115,15239.7,79.3,1.79,210997.0,65.42,1.67,0,0,1,0.007,0.355,0.765
0.39,0.6,2.81,3.49,2.39,13.59,35.32,40.72,6.06,-0.45,13984.5,65.8,3.68,243639.0,75.0,1.6,0,0,0,0.0,0.011,0.004
71.35,157.87,284.23,456.82,71.08,176.19,83.42,99.5,9.78,0.777,33270.6,39.8,2.16,228046.0,0.92,2.35,1,1,1,1.0,1.0,1.0
0.12,5.77,14.43,25.89,0.13,5.83,39.1,46.66,5.45,-0.21,11330.3,79.1,0.94,190409.0,75.0,1.62,0,0,0,0.0,0.004,0.002
21.54,60.8,130.32,244.84,42.39,91.47,82.21,99.5,7.92,0.304,15734.6,129.7,2.0,125811.0,0.92,1.2,1,1,1,0.992,0.998,1.0
0.14,5.05,6.85,9.81,1.33,1.47,39.22,41.44,5.03,-0.274,6666.5,171.1,9.5,70840.0,75.0,0.42,0,0,0,0.0,0.001,0.0
1.1,1.81,5.46,16.89,3.31,4.23,31.93,37.37,6.07,-0.331,5885.4,161.3,9.5,73929.0,75.0,0.1,0,0,0,0.0,0.003,0.0
0.75,8.92,14.11,58.54,5.24,8.55,42.52,49.59,5.34,-0.32,7584.9,146.1,5.03,88430.0,75.0,0.49,0,0,0,0.0,0.007,0.001
0.37,3.9,8.69,19.36,2.39,5.72,39.95,40.93,5.55,-0.351,6947.1,149.3,5.92,83776.0,75.0,0.74,0,0,0,0.0,0.002,0.0
11.75,26.82,43.16,116.45,27.31,60.13,52.36,64.32,6.34,-0.08,11039.3,131.4,3.11,128371.0,65.64,1.02,0,0,0,0.007,0.446,0.495
0.37,0.45,0.45,1.36,0.89,1.62,29.32,34.08,4.99,-0.426,10743.1,72.7,3.11,184915.0,75.0,1.41,0,0,0,0.0,0.0,0.0
8.45,28.34,72.11,112.45,19.31,64.06,60.4,73.06,5.55,-0.133,8504.8,166.5,3.68,41474.0,49.57,0.1,0,0,0,0.002,0.047,0.254
3.22,4.31,5.85,9.17,0.34,2.49,26.96,33.87,4.84,-0.378,8908.4,132.3,0.5,127965.0,75.0,1.0,0,0,0,0.0,0.0,0.0
28.53,93.32,157.53,296.44,40.09,112.69,85.34,99.5,8.58,0.385,18014.0,116.3,1.3,139909.0,0.92,0.79,1,1,1,0.998,1.0,1.0
1.22,4.01,4.78,8.76,0.57,3.57,26.75,32.3,6.88,-0.396,15185.4,51.1,1.81,238888.0,75.0,1.64,0,0,0,0.0,0.031,0.001
5.98,22.8,40.42,87.27,23.73,51.11,47.82,50.44,7.02,-0.161,12303.8,99.8,1.46,165809.0,75.0,1.31,0,0,0,0.001,0.222,0.222
8.64,27.11,64.32,107.05,15.99,50.2,64.41,70.53,5.99,0.041,14058.2,101.8,3.44,135718.0,54.22,1.27,0,0,1,0.004,0.263,0.693
83.61,166.44,335.32,602.25,83.1,188.45,84.17,99.5,8.72,0.937,26530.4,160.4,2.51,54121.0,0.92,0.32,1,1,1,1.0,1.0,1.0
36.67,72.93,144.54,245.18,37.86,87.75,80.72,99.5,8.5,0.461,19804.1,114.3,2.39,132091.0,0.92,1.03,1,1,1,0.998,1.0,1.0
38.43,111.63,184.72,268.65,55.16,124.76,83.85,99.5,8.38,0.518,22635.1,90.2,4.54,162434.0,0.92,1.59,1,1,1,1.0,1.0,1.0
1.54,4.15,13.59,15.4,0.37,1.83,35.64,38.84,5.44,-0.257,6426.5,176.6,6.97,82184.0,75.0,0.13,0,0,0,0.0,0.001,0.0
32.28,104.31,208.73,358.48,37.79,117.92,82.36,99.5,9.58,0.428,29766.6,51.1,1.78,218602.0,0.92,2.16,1,1,1,1.0,1.0,1.0
29.59,101.83,164.71,256.01,59.48,138.91,88.59,99.5,8.32,0.387,21673.8,96.3,4.89,181482.0,0.92,1.38,1,1,1,0.997,1.0,1.0
77.86,157.33,346.96,581.83,92.58,219.18,86.03,99.5,9.66,0.836,34000.0,41.1,1.79,210815.0,0.92,2.33,1,1,1,1.0,1.0,1.0
1.74,3.08,3.65,12.95,2.76,3.34,28.22,36.64,5.19,-0.32,8425.6,142.3,8.68,123736.0,75.0,1.1,0,0,0,0.0,0.001,0.0
53.96,165.75,300.02,463.81,104.47,197.34,82.92,99.5,9.51,0.662,27135.6,168.1,4.49,89070.0,0.92,0.72,1,1,1,1.0,1.0,1.0
9.47,24.76,54.04,102.11,28.25,63.01,58.23,70.03,6.19,-0.085,12189.4,75.6,2.06,159000.0,55.15,2.18,0,0,1,0.007,0.458,0.803
9.67,23.75,53.84,85.53,28.53,50.23,50.22,61.45,6.39,-0.138,11725.6,159.5,1.85,108488.0,70.93,0.84,0,0,0,0.001,0.258,0.15
14.07,35.29,75.11,113.39,20.73,38.24,55.79,69.0,6.52,0.086,14659.3,77.4,2.11,188556.0,57.03,1.84,0,0,1,0.027,0.449,0.636
15.46,31.73,51.49,117.42,16.62,35.06,52.88,63.9,5.88,0.015,10243.8,167.1,8.75,85407.0,66.42,0.35,0,0,0,0.004,0.117,0.084
10.99,22.99,66.5,114.57,21.45,64.9,56.46,67.54,6.39,-0.064,13053.5,144.3,8.43,93837.0,59.72,0.69,0,0,1,0.007,0.329,0.689
10.12,24.21,44.08,120.99,26.01,47.65,53.62,59.26,6.35,-0.042,10663.1,151.7,7.93,117075.0,74.96,0.44,0,0,0,0.003,0.263,0.327
28.32,99.91,182.15,306.66,52.69,134.6,85.67,99.5,9.54,0.512,26035.3,37.6,0.5,217079.0,0.92,2.34,1,1,1,1.0,1.0,1.0
17.21,38.85,81.89,152.92,10.93,29.45,63.94,73.76,7.09,0.156,10190.4,174.6,9.5,82952.0,48.28,0.59,0,1,0,0.126,0.584,0.384
16.5,24.97,63.8,136.29,18.31,43.95,55.33,64.06,6.79,0.032,12181.5,140.4,0.5,123868.0,66.12,0.65,0,0,0,0.024,0.499,0.275
0.26,0.38,5.86,6.78,5.79,7.02,29.26,36.77,5.79,-0.24,9861.5,79.2,4.05,170361.0,75.0,1.73,0,0,0,0.0,0.005,0.001
76.77,150.35,308.62,497.49,61.5,193.96,87.44,99.5,10.67,1.019,31110.2,155.3,4.41,123436.0,0.92,0.45,1,1,1,1.0,1.0,1.0
17.26,25.44,48.56,113.74,27.43,48.15,58.7,70.33,7.07,0.08,14649.7,75.8,3.61,192488.0,54.59,1.85,0,1,1,0.057,0.833,0.844
0.09,0.11,1.08,1.97,0.89,2.92,30.21,36.53,5.42,-0.297,6767.2,161.5,1.78,95949.0,75.0,0.4,0,0,0,0.0,0.001,0.0
32.0,72.69,150.53,231.25,38.38,98.68,85.52,99.5,8.91,0.518,21598.7,51.3,2.88,195504.0,0.92,1.92,1,1,1,0.999,1.0,1.0
0.15,4.36,5.25,22.13,1.28,3.57,43.65,44.0,5.9,-0.358,10224.7,137.0,1.18,147325.0,75.0,0.71,0,0,0,0.0,0.003,0.001
1.24,1.36,1.68,6.43,1.08,3.05,32.49,39.89,5.47,-0.21,8523.3,113.4,2.6,125550.0,75.0,1.4,0,0,0,0.0,0.002,0.0
13.8,21.81,65.58,104.31,14.97,57.14,47.62,60.82,7.06,0.096,16873.8,49.0,0.83,236576.0,72.1,2.14,0,1,1,0.029,0.743,0.916
5.07,29.92,46.0,82.03,14.8,42.96,51.87,60.17,6.76,-0.035,16055.5,70.1,0.5,180989.0,73.29,1.74,0,0,0,0.002,0.392,0.435
0.88,1.15,1.46,1.85,0.59,9.5,27.24,30.04,6.09,-0.374,14973.3,36.8,1.35,226557.0,75.0,2.42,0,0,0,0.0,0.007,0.001
0.59,4.2,5.05,5.85,1.62,7.66,37.05,44.86,6.47,-0.228,11580.2,103.0,6.95,168266.0,75.0,1.28,0,0,0,0.0,0.012,0.0
80.94,183.71,320.17,475.51,93.39,195.83,83.09,99.5,9.88,0.928,33526.8,78.7,6.53,200993.0,0.92,2.09,1,1,1,1.0,1.0,1.0
2.23,4.55,12.38,22.42,2.95,4.17,29.8,38.8,5.67,-0.25,9421.6,121.8,4.47,114817.0,75.0,0.84,0,0,0,0.0,0.002,0.0
0.84,0.89,4.63,13.79,2.82,7.38,34.82,39.98,6.04,-0.445,12209.6,78.1,4.3,202638.0,75.0,1.7,0,0,0,0.0,0.005,0.002
70.1,143.51,334.78,477.3,100.16,218.51,89.44,99.5,9.74,0.821,33485.0,78.5,3.07,201489.0,0.92,1.33,1,1,1,1.0,1.0,1.0
2.04,3.61,7.77,13.19,2.72,3.75,31.95,32.55,5.9,-0.45,9833.4,142.8,6.28,94615.0,75.0,0.73,0,0,0,0.0,0.001,0.0
14.35,25.64,62.3,106.99,15.57,54.92,59.38,68.98,7.15,0.067,19634.7,42.0,1.21,253603.0,57.08,1.77,0,1,1,0.031,0.917,0.95
2.02,4.96,15.26,17.3,0.63,1.85,30.15,36.69,4.64,-0.275,5151.4,165.9,6.39,59043.0,75.0,0.73,0,0,0,0.0,0.0,0.0
8.97,22.55,58.46,101.99,15.72,47.83,54.67,63.2,6.1,0.065,10006.6,158.6,7.08,80334.0,67.72,0.84,0,0,0,0.005,0.117,0.149
7.51,21.72,38.45,116.08,16.35,56.85,54.43,65.0,7.08,-0.084,12104.1,131.8,3.24,128987.0,64.41,1.22,0,0,1,0.01,0.425,0.529
66.2,149.89,277.3,514.59,108.24,202.89,82.97,99.5,9.57,0.826,27158.2,121.0,4.07,121976.0,0.92,1.15,1,1,1,1.0,1.0,1.0
6.5,21.08,47.9,118.21,19.38,36.25,52.9,61.76,6.35,-0.105,10792.6,164.4,5.58,86697.0,70.36,0.26,0,0,0,0.002,0.148,0.119
16.97,31.31,66.37,129.74,11.13,26.23,63.52,70.97,7.61,0.222,15301.3,61.9,3.09,209369.0,53.42,1.75,0,1,1,0.184,0.831,0.682
48.52,175.91,357.37,515.85,90.74,219.7,84.1,99.5,10.29,0.658,34000.0,46.5,0.73,221453.0,0.92,2.67,1,1,1,1.0,1.0,1.0
45.02,140.77,314.83,480.98,102.55,235.37,84.07,99.5,11.19,0.744,34000.0,69.7,2.38,208811.0,0.92,2.31,1,1,1,1.0,1.0,1.0
0.01,4.83,4.91,31.18,0.81,5.01,43.45,51.89,5.54,-0.151,6007.9,150.2,9.5,96318.0,75.0,0.76,0,0,0,0.0,0.004,0.001
39.69,85.94,157.32,278.09,50.39,106.46,86.56,99.5,9.29,0.603,26300.7,40.0,2.24,235440.0,0.92,2.14,1,1,1,1.0,1.0,1.0
17.9,38.43,61.65,123.68,18.71,59.52,57.93,65.65,6.15,-0.002,14580.5,119.5,7.08,153789.0,63.21,1.57,0,0,1,0.009,0.431,0.808
9.28,20.47,36.85,116.07,17.18,38.8,52.43,64.85,6.42,-0.137,9104.4,179.3,6.36,76654.0,64.68,0.1,0,0,0,0.004,0.127,0.111
11.39,24.35,46.34,107.16,11.5,41.77,56.86,67.42,6.37,-0.0,9578.7,159.1,6.49,100899.0,59.95,0.67,0,0,0,0.009,0.181,0.164
10.04,27.09,51.7,110.22,11.64,37.92,58.96,66.11,6.35,-0.024,11664.6,110.6,5.87,130031.0,62.36,1.7,0,0,0,0.004,0.243,0.181
0.33,1.77,3.8,15.77,1.98,3.85,35.94,43.26,6.14,-0.413,13751.1,44.2,2.79,234798.0,75.0,1.99,0,0,0,0.0,0.011,0.006
7.36,25.25,69.25,108.52,11.38,34.32,55.16,60.79,6.83,-0.017,9531.1,155.5,0.5,80164.0,72.14,0.9,0,0,0,0.005,0.201,0.115
10.37,23.57,63.61,118.27,14.92,58.43,58.42,66.71,6.2,-0.009,12103.1,121.9,1.38,114557.0,61.26,1.29,0,0,1,0.005,0.229,0.611
0.16,0.49,1.61,2.57,2.79,4.1,39.75,41.59,6.21,-0.288,12157.6,51.7,3.03,216926.0,75.0,2.12,0,0,0,0.0,0.012,0.002
14.49,35.45,57.58,113.5,20.39,61.53,52.56,62.75,7.23,0.12,17273.8,48.6,1.46,208104.0,68.55,1.88,0,1,1,0.02,0.772,0.892
46.03,135.03,324.46,497.61,66.84,192.94,86.33,99.5,9.27,0.544,24708.2,166.9,3.82,91584.0,0.92,0.27,1,1,1,1.0,1.0,1.0
27.65,81.34,180.54,302.2,48.06,103.36,86.41,99.5,7.62,0.256,20681.6,132.0,1.64,133777.0,0.92,1.07,1,1,1,0.993,0.999,1.0
15.31,35.88,57.91,103.91,25.77,51.5,58.79,65.99,6.25,-0.027,8643.8,155.2,3.88,65165.0,62.57,0.23,0,0,0,0.006,0.321,0.095
61.14,153.01,277.55,465.28,100.15,219.43,85.46,99.5,9.6,0.896,24433.8,162.5,1.59,72633.0,0.92,0.59,1,1,1,1.0,1.0,1.0
10.96,21.61,41.94,74.09,10.28,39.92,45.96,50.8,5.75,-0.15,13992.8,117.9,8.56,116615.0,75.0,1.35,0,0,0,0.0,0.028,0.06
0.63,1.44,19.88,25.97,3.11,3.94,32.54,40.14,5.78,-0.358,12882.1,110.0,3.81,141025.0,75.0,1.6,0,0,0,0.0,0.004,0.001
8.21,25.87,41.0,71.87,12.84,34.54,42.39,50.03,6.58,-0.226,13000.9,97.4,3.31,169933.0,75.0,1.06,0,0,0,0.001,0.115,0.015
0.9,3.8,5.29,8.57,3.46,4.08,24.01,32.63,5.76,-0.403,11485.0,81.0,3.69,179217.0,75.0,2.11,0,0,0,0.0,0.003,0.001
36.96,109.21,173.14,260.1,64.29,119.18,83.9,99.5,8.62,0.47,20413.9,98.0,5.13,153534.0,0.92,1.98,1,1,1,0.999,1.0,1.0
56.03,155.05,285.85,564.85,62.15,178.27,82.45,99.5,9.66,0.667,27132.0,147.2,7.66,122848.0,0.92,0.89,1,1,1,1.0,1.0,1.0
12.13,28.07,58.68,138.06,27.54,51.79,53.42,61.87,6.55,0.037,12303.4,122.3,6.64,98692.0,70.16,0.81,0,0,0,0.003,0.339,0.376
12.17,20.17,47.46,85.66,24.23,45.86,57.32,64.53,6.75,0.183,9233.8,164.4,3.89,101254.0,65.26,0.42,0,1,0,0.026,0.53,0.131
14.74,28.06,70.83,123.11,26.79,60.64,60.51,69.53,7.54,-0.024,16609.7,99.3,2.94,152688.0,56.06,1.44,0,1,1,0.12,0.941,0.882
4.55,7.94,13.15,16.84,1.41,2.61,32.39,35.81,5.28,-0.382,11074.2,123.0,6.01,131195.0,75.0,1.2,0,0,0,0.0,0.001,0.0
20.48,83.91,148.06,259.84,39.96,90.94,84.81,99.5,8.46,0.306,19280.0,126.5,3.23,120242.0,0.92,1.07,1,1,1,0.995,0.999,1.0
5.87,19.62,37.07,94.08,10.39,53.59,48.01,56.89,6.5,-0.023,13250.6,120.8,4.22,158188.0,75.0,1.23,0,0,0,0.001,0.071,0.369
4.07,4.98,6.19,7.51,4.71,7.8,28.86,37.41,5.42,-0.27,6857.5,136.9,5.77,97277.0,75.0,0.89,0,0,0,0.0,0.002,0.0
35.25,106.09,210.73,357.0,57.07,145.32,79.76,99.5,9.82,0.478,27099.2,69.4,3.41,196863.0,0.92,1.96,1,1,1,1.0,1.0,1.0
2.5,3.65,18.16,32.98,0.92,2.97,33.19,43.48,6.6,-0.336,11112.2,109.3,0.5,156760.0,75.0,1.17,0,0,0,0.0,0.023,0.002
72.49,164.15,348.54,509.27,105.38,209.48,82.92,99.5,10.24,0.996,32761.6,50.1,2.4,195700.0,0.92,2.05,1,1,1,1.0,1.0,1.0
6.99,29.57,51.76,123.93,15.93,58.94,59.68,67.53,7.12,-0.047,13800.1,90.8,2.79,157297.0,59.75,1.4,0,0,1,0.014,0.355,0.842
7.85,17.03,60.13,98.41,28.88,68.6,43.77,55.11,5.94,-0.149,12560.6,105.7,5.05,150923.0,75.0,1.94,0,0,1,0.0,0.176,0.58
0.1,1.58,1.88,6.68,0.87,4.07,24.95,31.77,5.02,-0.45,7586.0,129.6,6.35,111213.0,75.0,1.46,0,0,0,0.0,0.0,0.0
4.47,4.94,6.53,17.15,0.38,4.72,30.03,36.72,5.0,-0.269,7090.1,172.8,9.5,60374.0,75.0,0.57,0,0,0,0.0,0.001,0.0
30.09,103.07,190.87,299.91,55.18,141.31,87.8,99.5,8.89,0.446,21247.3,122.1,7.25,128239.0,0.92,1.52,1,1,1,1.0,1.0,1.0
15.41,27.87,55.38,107.99,17.77,42.09,54.2,63.88,7.15,0.012,12078.3,142.8,8.46,118358.0,66.46,1.07,0,1,0,0.044,0.501,0.271
75.11,145.84,282.26,442.09,66.44,168.6,84.91,99.5,10.99,0.905,29505.0,108.4,6.61,144769.0,0.92,1.38,1,1,1,1.0,1.0,1.0
14.91,39.39,69.83,116.78,26.58,43.6,65.08,75.35,6.93,0.169,11544.0,126.9,5.11,143842.0,45.35,0.61,0,1,0,0.124,0.862,0.498
48.73,139.45,289.81,541.5,106.26,228.77,88.06,99.5,10.69,0.454,33019.5,45.3,1.61,210691.0,0.92,2.15,1,1,1,1.0,1.0,1.0
64.83,147.61,298.21,567.52,79.64,176.5,84.78,99.5,9.21,0.698,30725.5,71.9,3.65,174957.0,0.92,1.74,1,1,1,1.0,1.0,1.0
9.38,26.13,59.09,110.71,25.17,57.7,44.71,57.79,6.27,0.049,16274.8,87.5,4.21,203933.0,75.0,1.28,0,0,1,0.002,0.455,0.777
13.65,36.32,77.29,117.46,22.47,58.97,66.33,77.66,6.77,0.002,14787.8,103.5,3.05,145917.0,41.11,0.95,0,1,1,0.039,0.842,0.921
23.65,92.36,153.19,297.13,35.65,116.45,88.18,99.5,8.32,0.321,23543.2,41.6,1.76,210393.0,0.92,2.42,1,1,1,0.997,1.0,1.0
0.19,1.38,2.0,5.79,8.34,8.73,35.29,39.63,6.38,-0.251,13111.5,55.3,1.9,187505.0,75.0,2.18,0,0,0,0.0,0.012,0.002
30.16,92.24,147.91,236.64,35.01,110.49,84.07,98.28,9.25,0.441,21942.2,75.1,1.47,205961.0,3.17,1.45,1,1,1,0.999,1.0,1.0
16.82,38.86,83.35,142.26,29.23,53.38,64.03,74.29,6.53,0.109,11236.0,175.9,9.5,63834.0,47.3,0.14,0,1,0,0.124,0.66,0.443
30.54,81.38,134.22,280.6,30.87,111.01,79.98,99.5,8.13,0.578,20693.6,83.0,2.99,176540.0,0.92,2.03,1,1,1,0.998,1.0,1.0
0.63,0.64,2.01,7.11,6.69,10.47,25.95,36.34,5.43,-0.42,7694.2,104.9,7.54,151737.0,75.0,1.11,0,0,0,0.0,0.001,0.0
33.59,73.67,147.14,230.0,56.66,105.61,86.81,99.5,8.4,0.439,22668.9,63.4,0.5,219073.0,0.92,2.02,1,1,1,0.999,1.0,1.0
1.08,4.09,5.91,17.93,2.89,3.6,39.14,42.27,5.54,-0.259,10003.6,123.6,3.09,129031.0,75.0,1.05,0,0,0,0.0,0.004,0.001
35.02,99.38,170.8,263.8,40.01,131.33,83.0,99.5,8.81,0.509,23978.4,75.7,2.69,224322.0,0.92,1.94,1,1,1,1.0,1.0,1.0
9.65,19.48,36.96,75.98,12.55,42.4,51.2,59.66,6.82,-0.007,13963.6,65.0,3.61,203990.0,74.22,1.69,0,0,0,0.005,0.294,0.213
0.51,5.12,13.63,21.33,4.39,6.48,40.62,45.97,5.36,-0.347,11358.7,109.9,4.64,164043.0,75.0,1.33,0,0,0,0.0,0.003,0.002
70.68,150.43,265.16,427.57,72.59,212.67,88.73,99.5,9.15,0.869,31159.3,35.8,1.45,249121.0,0.92,2.41,1,1,1,1.0,1.0,1.0
24.34,64.56,170.22,305.32,46.57,91.79,84.38,99.5,8.67,0.383,24788.5,36.1,0.53,236120.0,0.92,2.42,1,1,1,0.998,1.0,1.0
79.07,155.57,320.56,554.04,80.01,232.9,86.42,99.5,10.33,0.905,32186.9,66.8,0.95,191077.0,0.92,1.94,1,1,1,1.0,1.0,1.0
5.66,27.57,59.18,119.74,29.74,62.22,61.71,66.73,7.16,-0.173,19761.6,40.3,1.65,236590.0,61.21,2.4,0,1,1,0.007,0.867,0.984
15.36,25.97,65.25,133.3,29.36,72.43,57.73,68.74,7.94,0.009,16460.4,50.7,0.53,226855.0,57.52,2.81,0,1,1,0.196,0.961,0.972
7.78,23.69,66.03,128.07,19.27,37.54,59.42,69.71,7.53,-0.068,16248.0,84.1,2.14,170449.0,55.73,2.44,0,1,1,0.038,0.823,0.76
9.57,28.88,67.19,119.55,11.12,45.11,59.3,73.02,6.79,0.121,11368.7,151.4,6.66,100845.0,49.64,0.52,0,0,1,0.031,0.48,0.528
3.05,4.77,15.32,20.56,4.35,9.75,34.91,44.18,6.39,-0.239,11713.6,117.9,2.04,157007.0,75.0,0.49,0,0,0,0.0,0.017,0.001
3.92,7.83,9.38,37.08,2.22,2.83,39.1,43.43,6.37,-0.247,12779.0,109.3,6.99,179845.0,75.0,1.49,0,0,0,0.0,0.014,0.003
46.84,138.79,319.61,546.16,86.36,166.65,87.56,99.5,10.59,0.6,34000.0,77.6,4.42,199748.0,0.92,1.82,1,1,1,1.0,1.0,1.0
10.66,21.34,49.98,129.57,27.59,51.91,61.99,69.5,6.98,-0.069,11565.0,170.1,1.14,103816.0,56.11,0.76,0,1,1,0.017,0.682,0.687
68.74,168.87,290.57,569.14,81.26,201.71,81.99,99.5,10.02,0.851,28853.7,92.6,1.69,159479.0,0.92,1.63,1,1,1,1.0,1.0,1.0
1.25,1.78,2.79,5.36,0.97,1.75,29.47,35.28,6.38,-0.263,14151.0,47.6,0.5,233374.0,75.0,2.21,0,0,0,0.0,0.016,0.001
82.06,194.91,385.72,644.51,95.16,194.58,85.77,99.5,11.16,0.898,34000.0,124.5,2.6,150708.0,0.92,1.43,1,1,1,1.0,1.0,1.0
13.0,24.17,43.14,104.77,22.49,42.19,45.98,60.79,6.96,-0.01,15555.1,51.5,2.51,204747.0,72.15,2.52,0,1,1,0.015,0.551,0.802
28.81,66.46,159.41,318.41,55.9,142.33,85.72,99.5,8.07,0.398,19755.5,85.1,2.34,170647.0,0.92,1.24,1,1,1,0.997,1.0,1.0
11.19,20.82,57.62,100.44,17.77,53.86,58.5,63.29,6.22,-0.044,14488.1,108.6,4.7,175779.0,67.55,1.08,0,0,1,0.004,0.306,0.576
81.19,180.37,376.91,589.7,66.13,187.6,87.42,99.5,9.55,0.945,30333.8,161.8,1.23,71259.0,0.92,0.53,1,1,1,1.0,1.0,1.0
16.19,33.33,70.77,128.17,20.92,44.46,52.51,68.87,7.42,0.088,14636.1,106.6,5.26,132006.0,57.28,1.38,0,1,1,0.1,0.902,0.743
7.62,20.36,48.58,119.06,26.58,46.48,56.33,65.11,6.33,-0.077,11165.4,136.8,3.42,138727.0,64.2,0.85,0,0,0,0.004,0.364,0.276
0.97,2.31,5.7,18.21,0.66,9.46,40.46,46.97,5.53,-0.323,6643.6,179.0,6.3,83201.0,75.0,0.45,0,0,0,0.0,0.002,0.0
17.16,26.95,63.04,94.7,10.93,54.67,53.7,62.38,7.31,-0.118,17695.4,54.1,1.8,221603.0,69.22,2.4,0,0,1,0.021,0.487,0.768
37.37,85.35,175.55,323.21,60.48,101.61,84.84,99.5,8.25,0.537,22917.8,74.8,0.91,189511.0,0.92,2.32,1,1,1,1.0,1.0,1.0
2.05,6.84,10.46,18.31,0.24,1.19,40.66,48.79,5.97,-0.207,11385.0,92.2,1.31,162766.0,75.0,1.73,0,0,0,0.0,0.006,0.002
32.26,101.87,200.05,319.73,57.5,139.61,78.76,99.5,8.57,0.473,24059.4,96.2,5.04,168831.0,0.92,1.24,1,1,1,0.999,1.0,1.0
1.04,1.66,3.37,5.52,0.01,0.31,26.66,30.46,5.73,-0.425,12351.6,94.6,3.99,190179.0,75.0,1.48,0,0,0,0.0,0.001,0.001
75.39,147.39,293.38,571.39,99.76,239.81,86.14,99.5,8.67,1.019,24861.3,166.6,8.98,83654.0,0.92,0.47,1,1,1,1.0,1.0,1.0
55.99,164.49,319.38,546.71,81.79,204.27,83.19,99.5,10.22,0.835,31542.1,138.5,5.66,146263.0,0.92,1.05,1,1,1,1.0,1.0,1.0
17.85,31.45,52.94,105.37,20.49,38.06,56.66,62.96,6.66,0.106,11340.7,123.1,4.63,118755.0,68.16,1.23,0,0,0,0.016,0.235,0.156
1.97,3.34,5.47,18.38,2.97,17.89,27.77,37.49,5.98,-0.324,11922.5,79.9,0.5,183874.0,75.0,2.35,0,0,0,0.0,0.008,0.004
7.26,21.13,41.18,115.22,20.97,61.54,46.2,59.42,5.03,-0.108,8378.7,154.4,4.65,89065.0,74.66,0.53,0,0,0,0.0,0.016,0.225
5.06,7.06,7.56,12.94,0.07,6.7,36.41,42.58,4.65,-0.362,6131.1,173.5,5.99,55542.0,75.0,0.51,0,0,0,0.0,0.0,0.0
5.23,23.3,41.48,71.86,15.12,46.68,43.86,53.6,6.26,-0.337,10256.0,154.1,9.5,92815.0,75.0,1.38,0,0,0,0.0,0.033,0.06
0.09,2.48,6.94,48.9,4.6,7.52,45.6,50.79,6.34,-0.149,14880.5,35.2,1.67,243988.0,75.0,2.19,0,0,0,0.0,0.07,0.038
15.31,29.5,62.07,112.23,16.74,53.57,52.02,62.46,6.18,-0.001,12404.0,127.3,7.97,135130.0,69.08,1.1,0,0,1,0.002,0.108,0.593
0.42,1.62,3.45,27.97,0.37,2.06,45.12,49.09,6.93,0.001,16788.5,42.4,1.94,261659.0,75.0,1.98,0,0,0,0.002,0.19,0.022
2.63,2.66,14.48,41.98,1.08,4.79,31.31,38.96,5.98,-0.379,13981.4,72.4,1.61,200143.0,75.0,1.86,0,0,0,0.0,0.008,0.007
5.66,7.69,8.09,31.15,0.29,1.33,36.46,42.47,5.63,-0.239,14787.8,43.6,1.62,244895.0,75.0,2.01,0,0,0,0.0,0.006,0.011
16.36,28.71,66.06,118.44,25.19,47.17,49.74,64.35,6.29,0.098,13366.4,122.6,4.81,133931.0,65.6,1.43,0,0,1,0.009,0.481,0.555
10.45,23.86,46.33,92.06,16.46,60.12,51.2,60.39,6.2,-0.128,11832.2,134.6,2.43,143704.0,72.88,0.99,0,0,0,0.002,0.205,0.345
0.91,2.46,5.26,71.92,2.12,6.38,39.86,46.68,6.29,-0.307,14450.7,51.6,1.45,254056.0,75.0,1.85,0,0,0,0.0,0.024,0.022
9.08,25.09,45.62,109.87,16.89,54.34,50.0,55.26,7.19,-0.148,16074.9,90.7,2.84,179178.0,75.0,1.83,0,0,1,0.004,0.39,0.782
25.33,76.47,154.74,248.06,32.44,89.87,80.8,99.5,8.23,0.367,19335.3,101.2,6.46,143725.0,0.92,1.48,1,1,1,0.995,0.999,1.0
0.94,3.59,5.8,14.13,1.57,4.08,37.61,45.08,6.48,-0.266,14419.7,88.5,0.5,165553.0,75.0,1.89,0,0,0,0.0,0.057,0.002
22.26,73.46,135.72,258.42,56.53,128.4,88.21,99.5,8.87,0.373,20751.4,52.5,2.98,221171.0,0.92,1.78,1,1,1,0.999,1.0,1.0
7.88,19.42,35.53,86.84,18.66,40.75,54.76,59.76,6.02,-0.269,13776.0,95.7,1.74,171951.0,74.04,1.61,0,0,0,0.001,0.104,0.168
1.73,2.96,7.38,19.64,1.86,10.21,31.98,40.08,6.23,-0.323,9247.3,143.9,1.48,117771.0,75.0,1.05,0,0,0,0.0,0.007,0.0
5.21,14.36,51.03,98.7,29.73,51.22,49.65,60.43,7.83,-0.098,17212.5,45.3,2.55,232548.0,72.81,2.1,0,1,1,0.016,0.918,0.804
7.38,25.38,48.77,95.79,28.42,44.21,54.84,69.52,6.91,-0.033,14719.9,46.6,2.25,224153.0,56.09,1.83,0,1,1,0.015,0.653,0.744
33.28,81.68,152.44,252.26,34.72,76.62,79.27,99.5,7.99,0.61,19043.5,86.4,4.98,166727.0,0.92,1.62,1,1,1,0.999,0.999,1.0
5.28,7.98,13.98,14.79,0.03,3.24,33.54,40.61,5.95,-0.264,7884.2,171.6,8.48,80157.0,75.0,0.79,0,0,0,0.0,0.002,0.0
73.95,167.65,312.54,506.37,67.64,207.95,82.96,99.5,9.54,0.887,29062.8,131.9,9.5,149493.0,0.92,1.32,1,1,1,1.0,1.0,1.0
7.8,21.31,56.45,86.46,25.33,67.3,61.88,66.74,7.01,0.024,14429.9,133.4,6.01,135210.0,61.21,0.84,0,1,1,0.038,0.623,0.714
5.67,23.73,50.98,84.91,23.64,57.01,46.25,53.39,6.76,-0.0,14587.3,87.5,2.82,183046.0,75.0,1.24,0,0,0,0.002,0.471,0.236
1.23,5.43,6.79,20.35,2.72,3.37,41.21,49.1,6.19,-0.273,10753.9,121.1,4.99,150147.0,75.0,1.01,0,0,0,0.0,0.006,0.002
3.78,4.82,9.82,26.65,1.4,1.88,42.36,47.91,6.08,-0.162,14354.4,36.5,2.09,230671.0,75.0,2.21,0,0,0,0.0,0.032,0.005
8.58,20.57,51.13,94.19,20.94,44.58,56.05,62.92,6.58,0.074,11827.1,127.2,2.67,119695.0,68.23,1.19,0,0,0,0.011,0.434,0.166
5.01,19.19,52.39,121.08,10.57,33.32,62.14,69.54,6.11,-0.072,11397.8,167.4,3.9,67871.0,56.05,0.45,0,0,0,0.003,0.098,0.155
44.64,90.11,186.74,307.49,34.28,109.66,85.22,99.5,8.42,0.498,22484.2,123.8,3.65,129533.0,0.92,0.88,1,1,1,1.0,1.0,1.0
44.16,114.63,206.05,327.02,41.18,100.81,84.52,99.5,8.71,0.622,20295.2,161.7,0.5,79646.0,0.92,0.89,1,1,1,1.0,1.0,1.0
0.51,6.89,7.84,13.54,1.13,2.97,34.85,40.53,5.59,-0.233,10393.3,140.0,5.25,130153.0,75.0,0.91,0,0,0,0.0,0.001,0.0
5.05,17.66,47.62,115.64,21.39,47.94,52.27,61.67,6.95,-0.142,17297.9,52.5,0.5,209893.0,70.53,2.25,0,1,1,0.002,0.642,0.729
1.31,4.05,5.19,6.51,3.25,5.89,35.33,43.12,5.23,-0.223,5837.0,165.9,5.96,68932.0,75.0,0.1,0,0,0,0.0,0.001,0.0
7.29,19.75,57.74,120.41,28.9,57.85,60.86,68.54,7.79,-0.108,16814.3,44.6,2.26,255577.0,57.89,1.51,0,1,1,0.054,0.949,0.903
21.3,84.32,149.62,255.52,36.88,93.87,84.09,99.5,9.23,0.339,19843.6,112.4,2.97,138319.0,0.92,0.83,1,1,1,0.998,1.0,1.0
15.78,33.59,51.86,111.19,22.67,64.22,49.72,61.48,7.75,-0.021,17926.2,55.6,3.63,215571.0,70.88,1.93,0,1,1,0.068,0.86,0.959
41.49,79.01,181.01,265.08,35.39,81.53,84.63,99.5,9.35,0.55,24035.4,36.7,0.5,242733.0,0.92,2.52,1,1,1,1.0,1.0,1.0
52.27,170.46,342.21,578.39,106.11,217.45,86.37,99.5,9.99,0.6,31400.4,96.2,5.43,147516.0,0.92,0.79,1,1,1,1.0,1.0,1.0
5.04,23.92,64.96,143.77,17.28,56.94,57.0,71.34,8.28,-0.065,16508.5,77.8,3.67,205195.0,52.73,2.24,0,1,1,0.141,0.948,0.962
2.27,2.66,6.65,8.94,1.18,8.58,27.71,33.39,5.66,-0.45,9859.8,105.5,0.5,162993.0,75.0,1.42,0,0,0,0.0,0.001,0.0
15.26,32.96,72.22,109.86,13.9,35.16,54.72,66.74,6.94,0.081,15031.4,118.7,9.5,160943.0,61.2,1.58,0,1,0,0.098,0.624,0.448
1.8,7.34,10.65,48.68,2.6,5.51,41.01,41.82,6.3,-0.314,12631.8,41.3,1.4,220201.0,75.0,2.02,0,0,0,0.0,0.017,0.009
12.95,35.39,53.1,91.5,15.33,57.17,53.28,62.42,7.17,0.058,16245.7,52.8,1.01,218084.0,69.15,2.27,0,1,1,0.017,0.742,0.866
43.62,92.87,198.3,322.05,46.56,132.37,88.46,99.5,8.26,0.575,23326.9,116.0,1.12,141387.0,0.92,1.24,1,1,1,0.999,1.0,1.0
12.1,27.83,43.3,73.95,22.55,39.75,46.95,54.52,5.98,-0.252,11836.3,84.8,2.63,182247.0,75.0,1.91,0,0,0,0.0,0.038,0.162
38.42,98.32,175.78,312.57,64.76,118.31,85.41,99.5,8.04,0.556,17332.0,140.7,4.6,89305.0,0.92,0.79,1,1,1,0.999,1.0,1.0
33.93,102.64,153.65,249.93,48.23,118.61,84.42,99.5,8.06,0.432,20555.9,129.6,4.77,126164.0,0.92,1.16,1,1,1,0.998,1.0,1.0
22.16,73.46,154.64,268.48,54.52,136.95,84.02,99.5,7.85,0.453,15304.4,157.6,4.67,69468.0,0.92,0.95,1,1,1,0.994,0.999,1.0
0.74,2.13,7.01,16.74,4.09,6.38,32.95,38.98,5.13,-0.368,6072.1,135.4,6.28,122881.0,75.0,0.74,0,0,0,0.0,0.0,0.0
34.36,74.51,174.67,288.45,55.17,118.79,82.93,99.5,8.77,0.651,20684.6,97.3,2.73,131262.0,0.92,1.55,1,1,1,0.999,1.0,1.0
5.01,19.82,39.25,89.18,16.43,37.5,48.37,56.94,5.95,-0.23,9807.3,132.6,0.5,93130.0,75.0,0.41,0,0,0,0.0,0.036,0.026
0.16,3.42,9.04,12.74,1.37,3.55,27.76,37.44,6.35,-0.35,13209.1,74.9,2.42,202362.0,75.0,2.01,0,0,0,0.0,0.011,0.002
59.21,145.87,272.61,534.82,101.67,215.04,85.01,99.5,8.92,0.786,29025.2,79.4,0.5,176499.0,0.92,2.32,1,1,1,1.0,1.0,1.0
73.85,173.75,291.43,546.57,70.96,207.51,81.56,99.5,8.77,0.858,27479.2,149.4,6.18,85899.0,0.92,0.36,1,1,1,1.0,1.0,1.0
11.86,31.6,60.73,125.86,10.66,26.88,58.79,68.88,6.59,-0.097,14475.2,99.7,1.73,179386.0,57.26,1.42,0,0,0,0.01,0.247,0.332
42.41,107.4,207.1,323.63,46.09,115.46,85.38,99.5,8.6,0.554,21202.4,150.8,5.72,103996.0,0.92,0.98,1,1,1,1.0,1.0,1.0
0.34,3.64,10.72,39.25,1.46,3.33,44.89,48.65,5.3,-0.42,8216.4,154.3,9.05,107980.0,75.0,0.68,0,0,0,0.0,0.001,0.001
15.8,36.6,77.62,140.4,27.67,45.34,60.49,70.23,6.99,0.004,12883.5,159.3,2.86,86291.0,54.78,0.64,0,1,1,0.053,0.698,0.64
1.37,1.6,7.13,19.01,0.03,3.23,30.39,36.54,5.8,-0.379,9935.6,167.9,9.08,118700.0,75.0,0.36,0,0,0,0.0,0.002,0.0
6.9,17.32,36.84,91.03,12.31,31.08,50.73,61.53,6.38,-0.021,13025.2,97.5,2.65,153941.0,70.78,1.35,0,0,0,0.003,0.131,0.153
8.33,16.34,39.62,100.54,22.03,66.12,52.87,60.09,7.36,-0.077,17898.4,81.2,5.41,208685.0,73.43,1.68,0,1,1,0.007,0.751,0.878
0.15,5.17,7.15,13.03,0.86,1.32,32.88,38.98,5.59,-0.389,10465.3,119.4,3.39,135777.0,75.0,1.18,0,0,0,0.0,0.002,0.0
11.22,32.61,73.87,152.01,25.71,59.4,63.29,76.67,7.44,0.031,16242.1,88.8,1.76,148598.0,42.92,1.25,0,1,1,0.201,0.941,0.939
0.83,6.02,11.4,13.51,2.29,4.27,30.58,35.53,5.32,-0.423,9242.7,122.2,5.79,140656.0,75.0,1.11,0,0,0,0.0,0.001,0.0
1.09,6.8,11.03,44.54,4.03,4.51,35.92,47.72,5.79,-0.201,8476.8,137.3,3.73,119949.0,75.0,1.38,0,0,0,0.0,0.004,0.001
5.15,19.69,60.65,102.15,23.83,53.11,55.66,65.24,7.33,-0.207,14099.3,134.8,2.68,102448.0,63.95,0.82,0,1,0,0.008,0.58,0.402
14.7,25.5,47.68,89.8,20.97,44.66,45.59,55.92,5.8,-0.138,11894.0,89.3,2.36,158995.0,75.0,1.22,0,0,0,0.001,0.085,0.111
2.0,3.07,7.39,42.99,1.87,2.84,36.78,44.23,6.14,-0.414,14136.5,59.2,2.02,208596.0,75.0,1.98,0,0,0,0.0,0.009,0.009
2.13,2.16,3.35,9.23,0.44,3.68,36.37,36.92,5.8,-0.308,12617.2,97.4,5.76,168334.0,75.0,1.27,0,0,0,0.0,0.005,0.0
0.98,2.28,3.68,10.51,0.69,1.56,33.35,40.66,6.29,-0.214,12869.1,55.7,0.5,176129.0,75.0,1.67,0,0,0,0.0,0.015,0.0
0.52,2.82,7.01,11.24,5.89,6.95,38.49,42.95,5.53,-0.274,6157.2,164.1,5.81,98920.0,75.0,0.57,0,0,0,0.0,0.001,0.0
14.26,23.64,58.59,111.59,21.38,41.9,58.63,65.89,6.14,0.06,14339.3,85.2,3.94,170400.0,62.76,1.44,0,1,1,0.007,0.515,0.602
62.34,178.32,357.36,530.61,77.63,157.94,86.71,99.5,10.32,0.727,34000.0,57.4,2.21,191148.0,0.92,1.86,1,1,1,1.0,1.0,1.0
0.11,0.45,1.84,18.92,1.43,6.93,36.69,42.07,6.6,-0.293,15569.0,38.7,2.27,247688.0,75.0,2.36,0,0,0,0.0,0.024,0.008
14.81,32.8,62.79,139.36,21.39,50.87,66.11,81.03,7.25,0.08,12916.7,128.6,4.33,125273.0,34.9,0.57,0,1,1,0.469,0.928,0.836
2.44,2.63,6.89,8.33,3.43,8.93,32.81,40.52,5.28,-0.367,9399.1,127.4,4.03,145421.0,75.0,0.53,0,0,0,0.0,0.001,0.001
11.55,30.78,68.96,123.13,28.12,56.23,55.4,68.61,7.4,0.001,15802.0,84.4,3.85,185304.0,57.76,1.87,0,1,1,0.058,0.897,0.859
2.67,4.86,7.08,7.13,0.7,7.79,32.29,39.02,6.31,-0.328,13241.5,45.4,1.67,225499.0,75.0,1.64,0,0,0,0.0,0.01,0.004
62.15,157.44,311.48,491.57,84.58,194.64,83.72,99.5,10.41,0.911,29428.7,94.4,2.64,164434.0,0.92,1.23,1,1,1,1.0,1.0,1.0
16.82,34.41,74.43,138.78,14.25,55.28,60.72,74.12,8.17,0.172,16396.8,80.1,3.55,191089.0,47.61,1.19,1,1,1,0.714,0.975,0.93
6.13,21.76,43.94,100.81,16.0,52.69,58.32,67.0,7.03,-0.054,13394.0,133.2,3.1,113978.0,60.72,0.82,0,1,0,0.009,0.522,0.37
17.18,37.23,62.89,122.9,27.77,50.87,53.43,64.31,6.41,0.161,12344.4,122.8,2.95,119806.0,65.66,1.25,0,1,1,0.01,0.524,0.547
0.15,0.5,3.23,19.04,2.14,4.26,31.19,37.76,5.87,-0.175,9967.9,87.9,2.24,183709.0,75.0,1.65,0,0,0,0.0,0.006,0.0
74.17,182.21,348.75,517.08,75.63,183.18,80.65,99.5,10.62,0.889,34000.0,66.6,3.95,197919.0,0.92,2.64,1,1,1,1.0,1.0,1.0
1.98,5.71,6.88,7.56,2.92,4.77,34.41,40.28,5.73,-0.297,8628.0,178.3,0.5,66585.0,75.0,0.65,0,0,0,0.0,0.003,0.0
0.3,0.61,0.66,7.36,0.83,5.0,29.02,34.42,5.68,-0.45,9314.2,100.8,4.25,175344.0,75.0,1.15,0,0,0,0.0,0.001,0.0
4.51,5.09,6.2,11.14,1.25,5.44,29.38,36.32,5.69,-0.322,8840.2,134.8,4.8,116532.0,75.0,0.59,0,0,0,0.0,0.003,0.0
0.52,0.8,6.04,25.03,0.57,1.08,33.53,38.32,6.75,-0.413,14253.7,55.4,0.5,213769.0,75.0,2.89,0,0,0,0.0,0.025,0.002
0.9,1.48,3.36,21.39,0.5,6.24,31.66,36.9,6.33,-0.45,8593.1,105.4,4.28,144513.0,75.0,1.68,0,0,0,0.0,0.005,0.001
13.76,25.5,56.29,116.99,14.01,33.35,59.96,68.82,6.73,0.107,18072.4,39.0,1.7,239670.0,57.38,2.49,0,1,1,0.026,0.66,0.808
0.91,3.87,6.37,7.24,5.19,9.34,33.2,37.2,6.12,-0.356,9565.4,108.3,4.94,155298.0,75.0,1.35,0,0,0,0.0,0.006,0.0
13.08,32.02,58.98,138.2,12.65,49.83,66.96,76.68,6.33,0.017,9271.9,174.8,0.5,83773.0,42.91,0.46,0,0,1,0.034,0.271,0.581
0.66,5.98,11.03,20.95,5.55,14.08,35.14,36.44,5.65,-0.45,12045.8,90.7,5.41,162461.0,75.0,1.13,0,0,0,0.0,0.003,0.001
47.09,128.65,299.49,568.55,81.52,164.58,84.9,99.5,9.85,0.568,34000.0,40.7,0.88,224347.0,0.92,2.34,1,1,1,1.0,1.0,1.0
1.24,1.78,4.99,10.82,1.63,11.06,32.36,40.85,6.5,-0.384,14269.9,39.5,1.87,244496.0,75.0,2.33,0,0,0,0.0,0.011,0.004
11.32,19.9,52.33,98.62,25.56,54.66,53.14,63.78,6.95,-0.048,15231.1,91.3,4.41,174273.0,66.64,1.3,0,1,1,0.007,0.612,0.601
38.53,109.89,181.62,340.77,35.24,110.66,83.57,99.5,8.54,0.392,24558.9,58.2,1.12,196562.0,0.92,1.88,1,1,1,0.999,1.0,1.0
0.04,0.64,4.66,5.23,0.21,1.42,32.82,41.31,6.53,-0.304,15343.3,38.4,1.8,253535.0,75.0,2.78,0,0,0,0.0,0.013,0.006
1.03,1.07,3.7,15.5,1.03,1.28,26.94,39.09,5.55,-0.296,6191.5,144.7,4.06,80942.0,75.0,0.77,0,0,0,0.0,0.0,0.0
1.13,3.46,6.28,20.46,0.47,4.44,41.16,47.74,6.5,-0.378,10124.8,101.5,0.5,169981.0,75.0,2.04,0,0,0,0.0,0.01,0.002
0.21,1.46,1.74,22.26,1.55,13.94,33.5,39.31,5.76,-0.45,10028.7,76.9,4.31,168693.0,75.0,1.25,0,0,0,0.0,0.003,0.002
3.42,19.78,20.21,31.4,1.05,3.71,46.29,48.83,5.81,-0.161,9217.2,165.5,3.48,109672.0,75.0,0.35,0,0,0,0.0,0.006,0.001
9.01,17.83,54.06,132.35,20.65,45.54,62.59,68.19,7.24,-0.037,15093.4,51.8,1.02,194623.0,58.53,1.67,0,1,1,0.02,0.671,0.744
17.2,31.4,73.83,146.62,20.57,55.88,64.83,74.27,6.89,0.159,10571.4,173.6,4.82,88954.0,47.34,0.1,0,1,1,0.079,0.734,0.658
14.1,33.0,52.83,117.46,10.06,46.37,59.51,68.35,7.01,0.036,14687.6,80.5,3.21,182145.0,58.23,1.47,0,0,1,0.031,0.409,0.777
0.97,1.72,8.24,14.47,1.33,1.43,25.37,32.29,5.18,-0.412,6408.8,163.8,5.56,77919.0,75.0,0.63,0,0,0,0.0,0.0,0.0
30.03,71.73,138.3,238.47,31.61,96.94,81.02,94.76,7.9,0.489,18998.1,122.4,5.49,135869.0,9.64,1.2,1,1,1,0.994,0.997,1.0
0.89,3.0,5.48,29.92,0.08,3.41,33.05,39.22,5.3,-0.28,7723.5,154.9,1.69,103631.0,75.0,0.46,0,0,0,0.0,0.002,0.0
16.26,24.96,54.85,114.3,13.82,36.39,52.04,60.79,5.85,0.017,10060.9,177.7,3.84,53216.0,72.15,0.1,0,0,0,0.002,0.061,0.099
1.85,3.94,5.46,22.83,2.75,4.23,24.8,31.43,5.43,-0.367,11824.4,76.8,2.53,175581.0,75.0,2.22,0,0,0,0.0,0.002,0.001
0.8,3.54,5.22,17.12,0.58,1.79,36.93,42.21,4.75,-0.358,6500.1,174.4,9.5,80506.0,75.0,0.29,0,0,0,0.0,0.001,0.0
9.04,32.95,72.96,131.22,21.28,37.96,55.01,68.75,6.54,0.024,14295.4,91.5,3.01,144620.0,57.51,1.23,0,0,1,0.006,0.356,0.637
13.44,27.02,60.39,132.4,10.91,44.12,66.33,69.1,6.52,0.151,14330.6,90.9,4.96,162157.0,56.85,1.66,0,0,1,0.024,0.443,0.694
12.33,23.85,58.24,115.98,25.35,43.66,60.86,67.35,7.45,0.083,17456.4,84.4,3.01,224383.0,60.08,1.73,0,1,1,0.086,0.933,0.881
10.77,35.73,71.41,135.63,16.36,34.17,66.76,74.63,7.14,-0.103,14107.7,113.5,2.98,129275.0,46.67,1.15,0,1,0,0.058,0.57,0.459
82.98,159.31,358.65,516.26,68.55,173.21,81.39,99.5,10.22,1.012,34000.0,57.4,1.75,228396.0,0.92,2.1,1,1,1,1.0,1.0,1.0
11.66,33.1,77.23,125.17,10.41,43.91,57.18,72.03,6.55,0.076,13933.9,115.3,3.69,132865.0,51.46,0.88,0,0,1,0.032,0.478,0.592
14.24,29.0,49.5,94.8,23.12,52.94,54.34,63.12,7.51,0.076,13419.2,113.5,5.21,151379.0,67.87,1.48,0,1,1,0.051,0.655,0.512
1.63,2.25,9.63,11.66,0.8,3.93,30.43,36.7,4.8,-0.262,5455.3,145.5,8.69,115244.0,75.0,0.49,0,0,0,0.0,0.0,0.0
1.6,2.38,14.21,28.91,0.49,5.02,38.65,40.03,5.44,-0.294,9715.0,155.9,6.46,109879.0,75.0,0.46,0,0,0,0.0,0.002,0.0
14.05,34.85,77.32,142.91,17.04,55.75,57.37,65.64,6.19,-0.095,14271.7,98.9,5.57,158359.0,63.21,1.65,0,0,1,0.003,0.334,0.888
1.43,3.56,5.31,35.78,1.44,4.9,38.72,45.67,6.49,-0.297,13042.2,78.8,1.39,215227.0,75.0,2.11,0,0,0,0.0,0.029,0.004
10.4,31.67,56.9,127.44,12.16,48.43,60.01,66.24,7.59,-0.091,14474.3,72.6,2.0,184036.0,62.11,2.31,0,1,1,0.047,0.738,0.798
0.78,3.78,6.81,8.54,1.3,12.99,39.22,45.61,6.35,-0.389,14031.1,63.2,1.39,207649.0,75.0,2.29,0,0,0,0.0,0.012,0.005
38.87,85.88,192.53,334.84,42.76,115.95,85.15,99.5,9.29,0.646,27554.1,43.4,1.76,231648.0,0.92,2.15,1,1,1,1.0,1.0,1.0
62.07,137.87,320.41,487.16,82.9,219.11,87.18,99.5,10.09,0.729,31232.6,84.7,2.42,161585.0,0.92,1.2,1,1,1,1.0,1.0,1.0
3.23,3.39,5.39,16.83,3.02,11.9,34.03,42.03,6.17,-0.142,11943.2,74.2,3.57,186689.0,75.0,2.23,0,0,0,0.0,0.009,0.002
20.01,80.12,130.54,273.52,35.24,124.44,87.12,99.5,6.51,0.315,14810.8,175.1,3.19,72266.0,0.92,0.78,1,1,1,0.9,0.989,1.0
23.88,89.45,156.81,281.39,51.3,102.67,85.99,99.5,8.47,0.327,19449.3,115.9,4.15,134477.0,0.92,1.01,1,1,1,0.997,1.0,1.0
56.95,133.4,243.87,417.4,85.8,222.89,82.27,99.5,10.55,0.763,30048.5,85.4,4.04,214188.0,0.92,1.93,1,1,1,1.0,1.0,1.0
1.89,2.07,3.35,20.99,1.31,2.02,39.32,40.49,6.15,-0.333,12636.2,119.2,0.5,124419.0,75.0,1.07,0,0,0,0.0,0.011,0.001
29.81,75.61,128.65,269.74,40.21,132.19,83.43,99.5,8.54,0.466,21957.6,55.2,4.04,231471.0,0.92,2.53,1,1,1,0.999,1.0,1.0
2.63,5.78,7.36,11.3,1.29,2.82,24.48,33.61,6.26,-0.42,12261.1,99.4,2.97,173583.0,75.0,1.3,0,0,0,0.0,0.004,0.001
16.72,26.81,63.55,124.09,26.13,57.4,58.3,70.87,6.86,0.031,12126.5,125.8,0.5,128827.0,53.6,1.67,0,1,1,0.024,0.62,0.684
35.74,109.25,164.77,253.16,43.78,109.78,81.99,99.5,8.26,0.464,19334.6,105.9,4.01,139954.0,0.92,1.59,1,1,1,0.999,1.0,1.0
25.0,63.3,114.63,255.8,46.98,133.36,85.06,99.5,8.08,0.312,16533.4,93.3,3.32,156567.0,0.92,2.08,1,1,1,0.992,1.0,1.0
0.54,3.58,6.26,17.62,0.92,1.22,38.13,40.09,5.7,-0.267,7688.1,179.1,6.0,57301.0,75.0,0.17,0,0,0,0.0,0.002,0.0
43.68,112.13,180.84,337.54,40.52,104.88,85.2,99.5,7.57,0.599,18307.5,162.6,8.59,58039.0,0.92,0.67,1,1,1,0.998,0.999,1.0
14.82,28.07,52.81,103.31,19.37,38.08,56.35,61.62,5.85,-0.009,11312.7,125.4,6.08,114475.0,70.61,0.79,0,0,0,0.002,0.075,0.125
0.02,6.31,8.05,9.34,2.85,4.07,30.8,33.09,4.96,-0.354,9224.5,117.6,4.74,116691.0,75.0,1.45,0,0,0,0.0,0.0,0.0
7.36,31.73,74.34,109.63,27.99,69.71,46.87,62.98,6.39,-0.056,15758.6,125.0,5.39,150193.0,68.11,1.36,0,1,1,0.003,0.637,0.85
35.86,92.05,155.1,244.81,51.22,136.43,86.82,99.5,9.28,0.686,24421.3,64.2,2.13,212249.0,0.92,2.67,1,1,1,1.0,1.0,1.0
72.55,153.39,289.5,505.99,91.25,177.03,83.12,99.5,10.23,0.905,30755.7,92.3,6.18,181036.0,0.92,1.7,1,1,1,1.0,1.0,1.0
35.35,99.8,160.69,260.38,39.06,130.75,85.86,99.5,9.18,0.335,24753.3,40.7,0.5,239967.0,0.92,2.51,1,1,1,1.0,1.0,1.0
0.63,2.52,7.67,13.24,0.22,3.94,35.41,41.83,6.78,-0.368,12443.6,104.0,3.9,157760.0,75.0,1.25,0,0,0,0.0,0.029,0.001
1.32,2.08,2.22,15.35,2.43,2.52,36.7,34.98,5.44,-0.45,9539.8,113.7,4.11,165424.0,75.0,1.41,0,0,0,0.0,0.001,0.0
1.42,8.41,9.19,18.04,2.39,3.3,28.48,32.22,5.32,-0.363,10121.3,68.0,3.38,189210.0,75.0,1.79,0,0,0,0.0,0.001,0.0
1.67,6.74,13.47,17.07,3.26,5.13,32.52,36.54,5.52,-0.395,8736.7,174.8,3.46,71859.0,75.0,0.41,0,0,0,0.0,0.001,0.0
8.46,19.32,61.59,112.93,27.31,47.1,56.89,63.76,6.71,-0.027,10709.0,166.9,0.6,90961.0,66.68,0.54,0,0,0,0.005,0.481,0.412
1.75,2.04,2.11,65.81,0.15,2.32,39.73,51.12,5.54,-0.295,9059.6,139.7,5.28,92529.0,75.0,0.77,0,0,0,0.0,0.004,0.003
2.53,6.81,9.36,20.68,1.99,2.39,39.24,42.98,7.28,-0.284,14854.7,112.3,4.5,191640.0,75.0,1.29,0,0,0,0.001,0.121,0.001
27.12,74.16,146.85,248.76,38.8,98.32,84.04,99.5,8.09,0.375,18832.4,161.1,9.5,87054.0,0.92,0.46,1,1,1,0.993,1.0,1.0
9.93,26.21,46.42,115.84,27.21,49.66,56.19,68.14,6.81,-0.043,12547.8,53.9,0.65,217396.0,58.61,1.99,0,1,1,0.011,0.534,0.687
23.08,86.97,192.43,275.24,30.51,80.59,86.63,99.5,8.66,0.395,22036.7,149.6,8.35,119304.0,0.92,1.06,1,1,1,0.997,1.0,1.0
13.9,38.3,75.82,134.47,24.01,45.93,57.89,72.49,7.35,0.096,18050.9,53.1,4.12,230006.0,50.62,2.17,0,1,1,0.099,0.931,0.942
13.95,27.42,49.09,90.92,23.36,61.37,52.88,59.45,6.45,0.066,10092.2,150.2,4.23,100379.0,74.62,0.83,0,0,0,0.009,0.197,0.155
1.05,1.21,1.37,4.3,0.68,2.49,27.41,32.71,4.57,-0.31,12493.7,75.0,0.88,191968.0,75.0,1.36,0,0,0,0.0,0.0,0.001
5.99,26.32,62.66,109.99,21.26,39.29,57.05,67.41,5.97,0.014,9252.8,162.2,4.49,62824.0,59.96,0.68,0,0,0,0.004,0.155,0.096
10.4,32.98,67.8,102.99,26.95,62.37,53.82,69.92,6.78,0.038,11357.3,171.9,6.06,65390.0,55.34,0.58,0,1,0,0.024,0.683,0.247
10.89,30.66,50.84,108.36,22.36,65.19,55.15,62.23,6.76,-0.095,18150.7,56.6,2.55,219868.0,69.5,1.94,0,1,1,0.006,0.664,0.905
21.67,71.66,177.87,275.25,58.46,98.55,85.19,99.5,8.31,0.412,21979.8,102.1,2.49,164153.0,0.92,2.04,1,1,1,0.995,1.0,1.0
46.04,135.69,314.86,469.44,79.14,169.66,83.41,99.5,9.28,0.702,27892.4,177.2,9.5,85626.0,0.92,0.1,1,1,1,1.0,1.0,1.0
7.91,24.46,49.03,89.63,17.87,53.9,44.86,55.5,6.28,-0.046,12734.5,105.1,1.57,152080.0,75.0,1.61,0,0,0,0.002,0.105,0.34
0.15,1.79,3.07,8.78,3.45,12.74,34.05,37.76,4.97,-0.366,6884.7,160.2,0.59,66933.0,75.0,0.8,0,0,0,0.0,0.0,0.0
54.72,162.52,333.42,591.37,104.95,222.39,85.45,99.5,9.9,0.666,33438.7,120.4,6.61,151412.0,0.92,1.31,1,1,1,1.0,1.0,1.0
44.56,118.4,198.79,322.15,53.37,113.93,84.59,99.5,9.08,0.655,25477.3,89.4,0.5,194234.0,0.92,1.65,1,1,1,1.0,1.0,1.0
13.61,30.35,46.41,119.05,28.81,44.6,59.75,73.2,7.43,-0.132,15288.8,76.4,2.39,201747.0,49.3,1.94,0,1,1,0.101,0.917,0.84
39.73,90.16,175.3,295.3,49.3,116.53,85.33,99.5,9.24,0.671,25309.2,64.5,5.87,200185.0,0.92,2.21,1,1,1,1.0,1.0,1.0
2.3,5.18,7.31,21.31,6.71,7.0,31.14,35.92,5.85,-0.263,8638.7,145.5,5.06,121113.0,75.0,0.58,0,0,0,0.0,0.005,0.0
0.59,5.7,11.07,43.86,0.08,7.03,44.17,48.09,6.33,-0.299,13629.3,91.0,1.35,222176.0,75.0,1.66,0,0,0,0.0,0.014,0.008
1.88,6.1,9.74,10.38,1.55,3.38,28.53,37.09,6.15,-0.382,9871.8,109.1,3.71,150765.0,75.0,1.26,0,0,0,0.0,0.003,0.0
0.9,4.27,7.89,12.05,1.83,2.13,29.86,37.23,4.83,-0.198,7821.5,106.4,3.63,132659.0,75.0,1.02,0,0,0,0.0,0.001,0.0
5.07,19.9,57.61,128.74,21.0,62.04,63.22,68.66,7.02,-0.143,11721.4,118.7,4.5,128759.0,57.67,1.39,0,0,1,0.008,0.454,0.793
0.16,8.48,18.67,29.64,0.12,2.24,36.59,42.49,6.02,-0.349,8795.7,160.5,7.53,96772.0,75.0,0.41,0,0,0,0.0,0.005,0.0
24.48,84.62,146.02,264.56,37.2,87.2,85.21,99.5,6.88,0.531,14785.8,177.2,2.89,43279.0,0.92,0.1,1,1,1,0.988,0.997,1.0
8.22,16.72,53.2,98.54,23.96,58.57,62.74,70.97,6.95,-0.096,13212.6,94.1,6.15,169621.0,53.42,1.37,0,1,1,0.054,0.632,0.697
5.86,19.16,51.17,127.09,18.03,48.17,61.2,66.68,6.2,-0.056,10367.2,155.0,6.11,99717.0,61.32,0.42,0,0,0,0.002,0.195,0.402
1.66,5.73,16.0,24.25,0.43,5.49,33.23,42.51,5.38,-0.332,7742.4,145.9,7.01,127999.0,75.0,1.1,0,0,0,0.0,0.002,0.001
6.63,21.74,55.59,120.18,24.66,45.47,63.46,68.24,7.25,0.117,16604.7,118.2,2.8,157859.0,58.43,1.23,0,1,1,0.073,0.907,0.802
4.8,5.29,5.69,18.78,4.82,7.68,31.85,37.6,5.29,-0.365,9078.9,173.6,9.5,84617.0,75.0,0.81,0,0,0,0.0,0.003,0.0
34.89,91.43,143.99,278.5,42.54,134.0,85.23,99.5,8.59,0.386,19465.4,64.1,1.95,170677.0,0.92,1.76,1,1,1,0.999,1.0,1.0
24.67,71.75,152.05,270.23,44.01,101.3,84.73,99.5,8.88,0.412,23912.2,50.8,2.03,232804.0,0.92,2.41,1,1,1,0.999,1.0,1.0
6.91,28.87,57.33,115.98,20.93,53.2,58.68,64.63,5.76,-0.119,10337.4,158.8,2.89,99993.0,65.09,1.45,0,0,0,0.001,0.067,0.401
1.46,3.95,5.23,14.91,0.56,3.67,32.34,35.23,5.96,-0.327,12288.9,98.7,1.68,165427.0,75.0,1.57,0,0,0,0.0,0.005,0.0
30.8,67.38,161.41,263.39,62.21,117.64,84.21,99.5,7.69,0.489,17281.7,157.8,7.48,64674.0,0.92,0.88,1,1,1,0.997,1.0,1.0
6.83,8.38,8.49,9.44,0.17,0.37,25.46,33.27,5.14,-0.431,5285.8,164.5,4.44,70951.0,75.0,0.73,0,0,0,0.0,0.0,0.0
0.37,1.36,1.83,8.74,0.91,4.45,33.89,40.59,5.46,-0.194,11732.5,44.1,0.86,209630.0,75.0,1.82,0,0,0,0.0,0.004,0.001
7.55,31.08,61.56,122.75,10.79,42.56,54.31,67.83,6.94,-0.091,9440.5,163.1,3.82,54052.0,59.19,0.72,0,0,0,0.01,0.19,0.168
59.72,185.17,374.88,604.15,98.39,229.96,86.8,99.5,10.44,0.703,34000.0,100.0,4.76,159949.0,0.92,1.53,1,1,1,1.0,1.0,1.0
0.02,3.06,3.84,17.61,0.02,1.32,30.31,37.65,5.06,-0.323,9197.9,109.0,2.58,137217.0,75.0,1.24,0,0,0,0.0,0.002,0.0
65.68,155.67,328.13,541.31,107.98,216.61,84.32,99.5,10.27,0.933,33753.7,125.9,4.14,168352.0,0.92,0.81,1,1,1,1.0,1.0,1.0
1.54,6.05,7.22,24.06,1.0,1.48,32.2,34.43,5.02,-0.45,7308.8,169.3,5.97,74278.0,75.0,0.66,0,0,0,0.0,0.0,0.0
0.0,3.41,4.23,4.86,1.38,2.87,34.56,38.28,5.99,-0.401,14133.1,37.8,0.5,254080.0,75.0,2.04,0,0,0,0.0,0.004,0.002
13.99,23.82,42.8,93.0,20.41,60.13,53.05,61.28,6.49,0.044,11416.5,104.1,0.89,131493.0,71.24,2.02,0,0,0,0.005,0.249,0.488
1.06,6.88,7.86,18.74,2.13,6.66,30.77,38.54,6.5,-0.397,9421.2,134.7,5.53,110385.0,75.0,0.98,0,0,0,0.0,0.004,0.0
5.37,6.95,8.8,31.74,0.39,0.52,39.16,44.64,6.53,-0.245,9887.0,139.8,3.04,113702.0,75.0,0.51,0,0,0,0.001,0.009,0.0
0.7,1.41,3.43,54.73,0.86,5.17,38.48,47.61,5.82,-0.313,9188.9,135.4,7.32,103877.0,75.0,0.78,0,0,0,0.0,0.004,0.001
0.35,1.25,2.36,12.55,0.51,4.95,37.86,43.09,5.93,-0.281,13130.1,54.5,2.86,208275.0,75.0,2.01,0,0,0,0.0,0.006,0.002
1.37,2.74,2.84,3.11,1.52,7.92,23.69,31.71,6.02,-0.45,12242.5,78.4,3.76,182636.0,75.0,2.47,0,0,0,0.0,0.003,0.0
34.97,87.4,190.32,286.08,42.58,113.67,87.59,99.5,9.5,0.521,26109.2,87.0,5.9,172075.0,0.92,1.36,1,1,1,1.0,1.0,1.0
27.29,102.2,179.34,263.48,36.16,105.45,85.07,99.5,8.89,0.458,23418.8,151.6,5.08,125855.0,0.92,0.67,1,1,1,0.999,1.0,1.0
67.0,196.05,360.05,593.38,70.69,159.24,84.54,99.5,10.69,0.87,34000.0,75.4,3.52,195169.0,0.92,1.63,1,1,1,1.0,1.0,1.0
35.05,104.65,189.89,305.31,50.24,116.02,85.55,99.5,8.91,0.454,22952.5,65.6,1.6,208530.0,0.92,2.08,1,1,1,0.999,1.0,1.0
6.84,27.44,58.44,108.4,21.19,43.43,49.5,58.57,6.27,-0.011,10663.5,173.8,9.5,79499.0,75.0,0.23,0,0,0,0.002,0.095,0.053
10.56,29.15,50.93,118.38,20.42,61.27,56.54,66.32,6.89,-0.193,17913.2,36.3,2.57,245647.0,61.98,2.01,0,1,1,0.008,0.787,0.976
41.18,95.96,157.69,296.62,44.65,117.36,87.8,99.5,7.44,0.505,14681.2,179.7,6.33,63136.0,0.92,0.25,1,1,1,0.998,0.999,1.0
0.14,2.63,4.5,9.38,7.82,9.8,33.09,35.82,6.23,-0.188,8828.6,133.1,5.59,115422.0,75.0,0.88,0,0,0,0.0,0.009,0.0
1.36,3.83,4.27,20.81,0.78,6.4,37.89,42.48,5.44,-0.313,6520.1,155.1,9.23,96349.0,75.0,0.48,0,0,0,0.0,0.001,0.0
35.19,82.87,154.25,292.77,49.25,126.01,85.2,99.5,9.21,0.588,23002.6,77.7,2.51,204088.0,0.92,1.6,1,1,1,1.0,1.0,1.0
0.21,4.07,5.62,17.22,0.24,1.6,34.6,41.63,7.43,-0.319,15857.9,37.1,0.86,252403.0,75.0,2.7,0,0,0,0.0,0.117,0.006
70.95,157.41,346.64,579.21,103.51,215.15,87.26,99.5,9.49,0.994,31110.5,142.0,7.2,106005.0,0.92,0.75,1,1,1,1.0,1.0,1.0
5.44,23.24,48.41,100.82,23.62,59.64,53.92,66.12,7.56,-0.093,12204.7,156.0,5.68,104376.0,62.35,0.3,0,1,1,0.026,0.66,0.569
0.03,3.7,6.42,16.18,0.71,2.62,40.88,42.84,6.0,-0.308,8938.4,142.4,5.45,106238.0,75.0,0.7,0,0,0,0.0,0.005,0.0
37.76,103.83,177.05,312.34,39.03,124.79,86.35,99.5,9.57,0.593,25425.3,55.7,1.11,213652.0,0.92,2.09,1,1,1,1.0,1.0,1.0
1.13,4.86,7.45,10.58,1.12,2.8,34.9,37.58,5.36,-0.236,9692.2,144.2,0.59,99801.0,75.0,0.41,0,0,0,0.0,0.002,0.0
58.31,141.04,319.36,471.45,104.38,198.38,85.74,99.5,9.78,0.581,27964.2,146.5,5.75,101483.0,0.92,1.27,1,1,1,1.0,1.0,1.0
84.19,213.5,359.36,637.65,103.45,190.05,84.27,99.5,9.9,1.029,32883.8,130.5,6.69,143534.0,0.92,1.27,1,1,1,1.0,1.0,1.0
17.32,26.04,46.5,105.73,11.61,31.47,58.03,65.48,6.32,-0.033,10546.3,146.1,4.52,106082.0,63.52,1.21,0,0,0,0.013,0.125,0.13
3.68,16.78,23.18,31.87,4.61,5.03,28.46,37.62,5.5,-0.337,7944.6,157.7,9.5,92839.0,75.0,0.74,0,0,0,0.0,0.001,0.0
3.44,4.52,12.43,25.67,6.45,13.45,38.28,46.76,5.53,-0.302,8560.8,124.0,2.77,109525.0,75.0,0.47,0,0,0,0.0,0.002,0.001
16.54,35.28,75.28,143.13,13.23,47.69,57.21,67.87,8.04,-0.132,19065.7,47.8,0.77,217944.0,59.11,2.65,0,1,1,0.109,0.892,0.938
23.7,93.48,147.44,306.4,44.02,93.41,81.12,99.5,8.15,0.468,20434.4,105.7,3.57,149533.0,0.92,1.1,1,1,1,0.997,1.0,1.0
3.29,3.41,5.95,23.6,0.76,3.4,36.84,41.46,5.13,-0.41,11249.3,46.3,1.55,212052.0,75.0,1.98,0,0,0,0.0,0.001,0.003
1.45,9.04,9.47,11.52,1.42,3.32,35.92,38.53,6.12,-0.353,13486.7,94.1,4.6,167412.0,75.0,1.57,0,0,0,0.0,0.005,0.001
0.63,1.52,4.81,30.58,0.35,1.2,36.23,47.65,6.63,-0.288,11829.4,94.0,1.98,160726.0,75.0,1.94,0,0,0,0.0,0.023,0.002
13.72,22.68,57.89,103.61,17.16,44.32,49.53,59.5,8.2,-0.114,17662.6,44.6,2.66,227714.0,74.52,2.55,0,1,1,0.045,0.94,0.863
28.74,97.39,204.15,327.99,50.37,94.24,84.15,99.5,9.26,0.484,22971.8,85.6,6.03,179128.0,0.92,1.92,1,1,1,1.0,1.0,1.0
1.5,3.69,3.9,6.55,0.45,1.11,25.46,29.0,6.15,-0.45,11367.4,51.1,1.75,204350.0,75.0,2.05,0,0,0,0.0,0.002,0.001
1.29,7.88,13.64,21.43,1.04,2.74,37.65,41.78,5.59,-0.379,9955.0,152.2,8.75,91387.0,75.0,0.6,0,0,0,0.0,0.003,0.0
12.82,26.92,48.71,108.85,17.81,33.24,53.03,63.21,7.18,-0.145,10836.9,172.4,2.76,74263.0,67.7,0.51,0,0,0,0.018,0.345,0.073
20.56,66.52,147.27,255.61,30.84,83.12,86.93,99.5,9.36,0.277,25275.2,45.5,2.47,243181.0,0.92,2.18,1,1,1,0.999,1.0,1.0
22.41,95.36,164.13,245.31,53.12,105.9,84.8,99.5,8.14,0.404,17039.9,173.5,9.34,75661.0,0.92,0.66,1,1,1,0.992,1.0,1.0
34.17,75.2,184.24,341.86,52.96,131.86,83.07,99.5,8.98,0.328,22943.5,110.8,5.6,137143.0,0.92,1.54,1,1,1,0.999,1.0,1.0
0.67,8.85,11.06,14.34,0.25,1.06,34.35,39.73,5.41,-0.211,11028.7,78.4,2.72,191861.0,75.0,1.93,0,0,0,0.0,0.005,0.001
12.44,24.61,59.23,108.34,27.74,59.49,56.25,69.89,7.47,0.011,17047.9,46.1,0.5,250239.0,55.4,1.45,0,1,1,0.071,0.932,0.935
69.9,173.3,363.0,511.88,63.37,199.51,83.94,99.5,9.81,0.775,34000.0,107.6,2.52,164642.0,0.92,1.37,1,1,1,1.0,1.0,1.0
75.72,171.73,313.44,492.35,71.72,224.68,84.14,99.5,9.72,0.951,27311.0,150.2,3.56,107967.0,0.92,0.69,1,1,1,1.0,1.0,1.0
8.84,27.85,66.47,97.57,10.68,35.67,55.88,67.52,6.82,-0.066,13145.5,137.5,2.39,125851.0,59.75,0.96,0,0,0,0.014,0.27,0.184
37.4,82.83,132.92,235.97,33.15,85.22,89.06,97.33,8.18,0.573,21216.7,42.3,1.57,250860.0,4.92,2.04,1,1,1,0.998,0.999,1.0
58.33,136.01,309.58,485.41,93.05,220.98,87.83,99.5,10.39,0.644,30977.4,45.6,1.25,241449.0,0.92,1.82,1,1,1,1.0,1.0,1.0
16.67,26.17,47.61,120.87,26.44,47.21,57.5,67.06,6.53,-0.037,13100.7,93.4,1.88,176401.0,60.61,1.68,0,1,1,0.031,0.649,0.675
0.14,4.99,5.77,30.36,6.49,7.37,33.34,37.96,5.91,-0.318,12377.5,77.8,1.24,202649.0,75.0,1.65,0,0,0,0.0,0.004,0.002
15.93,31.13,69.79,120.16,11.41,47.79,55.77,64.09,7.1,0.106,14889.3,68.7,1.52,181340.0,66.08,2.06,0,1,1,0.037,0.52,0.672
51.03,176.65,324.25,475.73,71.42,220.43,86.14,99.5,10.17,0.672,32593.9,75.7,4.18,166571.0,0.92,1.59,1,1,1,1.0,1.0,1.0
9.17,31.73,51.9,105.31,27.57,44.02,57.12,62.61,6.56,-0.051,12279.0,151.5,3.5,100550.0,68.8,1.13,0,0,0,0.003,0.5,0.368
27.61,99.0,184.79,322.09,59.47,128.27,86.89,99.5,8.61,0.355,19353.0,169.7,4.37,77345.0,0.92,0.75,1,1,1,0.999,1.0,1.0
15.99,34.85,70.42,108.06,28.78,67.66,53.76,69.09,6.49,0.011,13625.8,93.7,2.51,159353.0,56.87,1.62,0,1,1,0.022,0.682,0.823
0.35,2.52,4.41,17.37,10.15,10.31,38.57,42.93,5.18,-0.375,8243.5,166.4,6.84,92724.0,75.0,0.43,0,0,0,0.0,0.001,0.0
3.66,3.84,6.32,14.21,0.63,3.55,26.89,34.1,5.39,-0.259,9128.7,81.6,3.53,154117.0,75.0,1.96,0,0,0,0.0,0.002,0.0
78.36,166.0,282.33,510.85,97.59,253.95,83.19,99.5,9.83,1.041,30451.2,104.1,0.5,147078.0,0.92,1.5,1,1,1,1.0,1.0,1.0
7.07,30.4,59.86,101.65,29.25,51.41,62.05,70.11,7.4,0.013,15881.4,67.8,3.62,191397.0,55.0,1.97,0,1,1,0.071,0.927,0.747
1.59,5.43,7.68,21.73,1.7,2.45,26.69,36.88,6.03,-0.199,7232.8,127.9,7.78,102013.0,75.0,1.36,0,0,0,0.0,0.003,0.0
75.4,201.08,355.05,634.26,81.4,199.78,88.86,99.5,9.83,0.949,30345.6,177.0,2.85,90078.0,0.92,0.77,1,1,1,1.0,1.0,1.0
13.76,24.92,66.98,137.04,27.45,60.74,62.41,71.02,6.71,0.141,12810.2,122.5,2.14,112604.0,53.32,0.75,0,1,1,0.059,0.783,0.848
42.09,104.29,184.99,339.53,45.39,112.92,85.41,99.5,8.58,0.549,23662.5,86.9,2.34,166915.0,0.92,1.32,1,1,1,1.0,1.0,1.0
7.2,31.31,52.95,93.02,12.02,40.62,49.47,55.75,5.79,-0.159,10657.8,128.9,2.76,138899.0,75.0,0.8,0,0,0,0.001,0.022,0.067
0.38,3.76,5.23,20.54,0.44,1.35,32.21,34.52,6.35,-0.404,13065.3,52.8,2.06,226302.0,75.0,1.67,0,0,0,0.0,0.004,0.002
15.48,29.79,48.14,126.21,13.55,33.05,55.76,64.94,6.16,-0.062,9822.2,163.9,0.5,66751.0,64.51,0.51,0,0,0,0.003,0.102,0.166
59.34,135.07,259.08,517.58,68.58,157.49,86.51,99.5,10.03,0.704,28274.0,107.9,1.61,160701.0,0.92,1.51,1,1,1,1.0,1.0,1.0
2.54,4.01,4.69,15.15,0.08,2.04,38.46,48.13,7.06,-0.231,14890.5,100.2,6.28,164160.0,75.0,1.43,0,0,0,0.0,0.098,0.003
34.76,108.04,177.63,318.83,34.64,98.49,86.6,99.5,9.27,0.445,24182.6,120.0,2.19,171055.0,0.92,1.0,1,1,1,1.0,1.0,1.0
0.3,2.0,4.16,50.97,4.99,8.04,40.3,45.62,5.05,-0.256,8760.1,125.6,7.21,135347.0,75.0,1.42,0,0,0,0.0,0.002,0.002
7.29,24.76,63.53,95.43,18.68,34.96,56.14,61.81,7.84,-0.155,19683.2,45.4,1.88,223392.0,70.27,2.26,0,1,1,0.012,0.907,0.707
8.17,17.74,61.55,100.0,13.0,57.16,51.42,59.98,6.1,-0.165,12661.2,134.0,0.5,106377.0,73.63,1.06,0,0,0,0.002,0.041,0.488
32.9,98.22,167.86,290.49,30.24,92.72,85.34,99.5,8.16,0.476,24171.7,70.1,3.25,184740.0,0.92,2.22,1,1,1,0.998,0.999,1.0
12.22,28.96,56.14,125.53,20.03,54.12,53.44,65.58,6.56,-0.178,11940.3,138.5,4.55,101386.0,63.33,0.86,0,0,1,0.004,0.281,0.666
7.4,30.05,55.93,110.04,17.04,58.8,54.66,64.3,7.26,0.013,13747.4,154.3,4.13,115445.0,65.68,1.29,0,1,1,0.024,0.622,0.609
42.52,86.49,181.65,269.88,31.04,117.06,86.1,99.5,8.68,0.628,20698.0,151.6,5.97,98381.0,0.92,0.57,1,1,1,1.0,1.0,1.0
0.17,0.59,4.32,24.68,0.42,0.84,37.89,42.49,5.56,-0.262,10959.6,115.1,5.01,150344.0,75.0,1.83,0,0,0,0.0,0.002,0.001
0.1,0.16,0.65,34.97,0.2,3.39,38.19,39.89,6.91,-0.29,10459.4,110.4,5.27,170204.0,75.0,1.0,0,0,0,0.0,0.028,0.001
3.05,5.52,5.65,16.54,4.67,6.03,34.13,38.8,6.19,-0.339,11133.0,55.7,3.13,177763.0,75.0,2.23,0,0,0,0.0,0.007,0.001
9.08,21.31,51.47,93.37,24.48,58.82,49.81,58.87,5.86,-0.082,10911.9,147.4,6.24,122273.0,75.0,0.57,0,0,0,0.001,0.116,0.186
10.21,30.49,48.45,115.92,22.06,55.96,54.21,62.14,6.05,-0.032,15001.5,74.4,0.76,191606.0,69.66,2.15,0,0,1,0.002,0.261,0.835
21.62,81.34,160.99,279.86,41.26,81.68,83.18,99.5,8.53,0.246,22171.0,107.0,2.83,158101.0,0.92,1.2,1,1,1,0.997,1.0,1.0
10.49,25.31,52.99,113.59,16.0,39.08,54.07,59.71,6.09,-0.065,15360.3,76.2,6.71,176110.0,74.13,1.87,0,0,0,0.002,0.184,0.481
0.83,3.07,6.42,32.03,2.93,3.12,35.61,43.94,5.68,-0.339,11978.6,54.4,2.61,203387.0,75.0,1.9,0,0,0,0.0,0.009,0.002
34.09,85.8,157.46,314.09,45.99,125.56,83.56,99.5,7.72,0.634,20733.7,126.3,9.5,135790.0,0.92,1.35,1,1,1,0.999,1.0,1.0
4.1,4.51,4.73,9.25,0.09,0.53,25.36,33.0,5.93,-0.383,14230.9,42.9,2.58,264315.0,75.0,2.06,0,0,0,0.0,0.003,0.002
84.67,212.28,384.5,629.91,67.02,194.64,84.78,99.5,10.18,0.982,34000.0,143.6,5.65,122785.0,0.92,1.33,1,1,1,1.0,1.0,1.0
0.2,1.39,3.08,14.51,0.17,0.55,30.04,33.44,5.9,-0.45,14288.0,81.1,3.28,201723.0,75.0,1.41,0,0,0,0.0,0.007,0.001
1.13,3.66,5.32,7.22,4.34,4.53,33.68,34.76,6.98,-0.414,12905.6,35.0,1.2,235097.0,75.0,1.97,0,0,0,0.0,0.012,0.001
14.33,24.71,58.83,122.01,26.09,52.94,61.58,72.62,6.77,-0.104,13564.6,109.1,0.5,140060.0,50.38,1.6,0,1,1,0.036,0.607,0.857
0.03,4.19,6.54,29.08,2.99,5.41,32.73,39.17,6.65,-0.208,12766.4,41.8,1.48,218136.0,75.0,2.1,0,0,0,0.0,0.013,0.009
8.9,10.45,15.22,28.52,1.46,4.54,31.72,45.17,6.71,-0.171,14465.8,75.0,4.26,182622.0,75.0,1.8,0,0,0,0.001,0.037,0.004
15.38,33.1,61.6,124.71,10.71,28.99,64.55,75.29,6.82,0.069,13632.9,137.5,3.33,84194.0,45.47,0.81,0,0,1,0.084,0.471,0.503
0.16,1.55,9.76,22.13,7.2,7.34,35.4,41.56,6.22,-0.295,14391.2,44.1,1.87,216218.0,75.0,1.85,0,0,0,0.0,0.02,0.003
1.54,2.48,2.57,23.55,0.36,1.2,31.63,37.16,5.93,-0.435,8120.1,156.7,7.89,83550.0,75.0,0.61,0,0,0,0.0,0.001,0.0
0.5,4.38,8.3,11.99,0.37,0.78,36.26,38.23,6.19,-0.374,16132.1,35.6,0.66,234705.0,75.0,2.74,0,0,0,0.0,0.016,0.003
6.95,29.71,72.39,150.78,26.69,68.32,65.72,75.71,7.28,-0.072,17817.7,70.8,1.9,197029.0,44.69,2.16,0,1,1,0.042,0.945,0.989
15.61,39.9,80.27,133.37,16.47,48.99,67.16,80.24,6.57,0.019,12573.5,142.4,2.38,114519.0,36.36,0.91,0,1,1,0.091,0.542,0.763
1.12,3.26,8.17,22.58,0.18,1.36,26.5,33.84,5.87,-0.329,11525.3,80.9,1.63,182745.0,75.0,2.05,0,0,0,0.0,0.002,0.0
16.57,34.6,59.45,131.98,14.98,42.26,60.63,74.73,6.91,0.097,16194.5,49.8,0.59,211549.0,46.5,1.84,0,1,1,0.201,0.78,0.812
26.91,96.76,190.46,307.28,62.63,153.64,83.46,99.5,8.68,0.277,20107.5,87.2,1.64,145869.0,0.92,1.53,1,1,1,0.999,1.0,1.0
14.25,37.41,74.0,135.41,18.42,41.62,65.67,76.16,7.92,0.028,17491.5,74.2,4.49,182322.0,43.86,1.93,0,1,1,0.384,0.935,0.949
5.78,27.4,46.06,96.58,14.69,43.33,45.31,59.51,5.5,-0.025,8075.1,157.2,2.91,76781.0,74.5,0.59,0,0,0,0.0,0.022,0.053
0.45,4.88,20.18,54.25,1.95,15.52,47.46,56.23,6.85,-0.268,14194.5,80.4,3.0,190468.0,75.0,1.65,0,0,0,0.001,0.077,0.043
10.21,27.09,49.8,124.7,13.59,46.91,61.64,70.16,6.03,0.053,10701.6,149.4,3.88,114365.0,54.9,0.38,0,0,0,0.006,0.223,0.27
39.99,98.8,153.53,282.44,56.85,107.18,81.99,99.5,7.95,0.487,17234.3,164.3,9.24,96893.0,0.92,0.1,1,1,1,0.999,1.0,1.0
14.58,37.52,82.11,132.61,10.5,38.08,58.76,69.65,7.79,0.062,17120.8,97.9,5.74,173870.0,55.84,1.72,0,1,1,0.128,0.739,0.843
1.3,6.84,17.97,46.81,2.15,6.16,43.69,54.31,5.96,-0.176,9625.8,166.9,8.44,77667.0,75.0,0.56,0,0,0,0.0,0.034,0.001
0.0,1.13,10.63,24.67,1.26,1.65,38.1,52.79,6.27,-0.296,12411.6,89.7,3.63,164517.0,75.0,1.86,0,0,0,0.0,0.019,0.006
54.85,158.15,348.92,502.34,67.69,200.09,82.57,99.5,10.45,0.684,28293.9,174.8,5.39,59044.0,0.92,0.24,1,1,1,1.0,1.0,1.0
27.35,69.14,129.85,249.26,50.43,140.17,81.92,99.5,8.54,0.444,20725.5,47.9,0.65,199851.0,0.92,1.97,1,1,1,0.999,1.0,1.0
0.91,3.84,4.64,19.64,2.09,2.94,35.03,38.93,5.08,-0.395,8111.6,134.6,9.42,133336.0,75.0,0.95,0,0,0,0.0,0.001,0.001
1.33,1.92,5.52,18.79,2.36,10.76,30.84,34.87,5.42,-0.396,11097.7,106.6,2.27,149456.0,75.0,1.6,0,0,0,0.0,0.002,0.001
43.7,111.1,213.83,295.38,42.69,84.88,81.97,99.5,9.79,0.507,23886.9,91.2,4.28,151854.0,0.92,1.5,1,1,1,1.0,1.0,1.0
0.31,1.51,9.59,18.2,2.09,3.67,38.24,41.18,5.13,-0.329,7897.7,126.7,6.85,115511.0,75.0,1.3,0,0,0,0.0,0.001,0.0
12.84,34.7,58.74,135.35,14.27,56.85,64.53,73.79,6.43,0.146,12536.4,137.1,3.43,102524.0,48.23,0.61,0,0,1,0.06,0.379,0.648
20.71,77.42,186.53,315.31,49.42,126.96,83.93,99.5,9.49,0.26,27928.8,35.6,1.91,237886.0,0.92,2.31,1,1,1,0.997,1.0,1.0
8.76,17.68,40.21,79.02,28.47,69.04,43.19,49.85,7.07,-0.237,15897.8,59.2,2.89,224962.0,75.0,2.0,0,1,1,0.001,0.654,0.526
0.46,4.98,5.93,8.6,2.92,4.3,29.45,37.43,4.85,-0.45,7783.7,138.4,9.15,108710.0,75.0,1.26,0,0,0,0.0,0.0,0.0
0.08,3.26,21.53,31.54,0.61,2.25,33.35,46.47,5.4,-0.254,7824.3,131.6,3.49,88261.0,75.0,1.05,0,0,0,0.0,0.003,0.001
70.95,183.03,372.8,640.04,103.06,234.94,84.8,99.5,9.38,0.727,30843.8,175.1,2.08,67070.0,0.92,0.89,1,1,1,1.0,1.0,1.0
10.85,30.4,65.39,106.29,20.15,41.4,53.92,67.45,6.25,0.027,10637.4,145.4,3.76,103237.0,59.89,0.39,0,0,0,0.01,0.148,0.183
42.48,90.41,188.73,298.91,56.73,108.88,84.01,99.5,8.41,0.616,18587.3,172.9,6.7,69192.0,0.92,0.44,1,1,1,1.0,1.0,1.0
14.93,25.98,55.71,91.39,20.56,60.18,52.37,60.4,6.15,0.042,11096.4,136.9,4.93,106346.0,72.85,0.97,0,0,0,0.002,0.272,0.276
75.22,148.26,302.56,561.87,92.51,177.24,79.72,99.5,10.9,0.928,32111.7,78.2,2.18,189401.0,0.92,1.94,1,1,1,1.0,1.0,1.0
58.03,161.42,286.96,522.43,91.74,187.94,85.09,99.5,9.85,0.605,32648.0,50.3,0.5,220659.0,0.92,1.91,1,1,1,1.0,1.0,1.0
12.16,33.95,60.2,102.55,24.02,41.15,60.8,69.1,6.38,0.003,10306.6,148.4,6.45,101590.0,56.86,1.26,0,0,0,0.025,0.462,0.255
2.15,9.33,22.71,29.51,1.95,8.77,33.56,45.6,6.56,-0.266,11442.6,128.4,9.05,132108.0,75.0,1.04,0,0,0,0.0,0.02,0.002
7.9,16.38,42.91,117.13,20.1,51.01,59.48,67.9,7.64,0.004,16753.1,42.0,1.82,223168.0,59.07,1.95,0,1,1,0.067,0.956,0.915
13.99,31.76,48.39,106.43,22.96,57.21,58.98,63.8,7.77,0.034,13759.1,87.2,4.01,168052.0,66.6,1.62,0,1,1,0.052,0.804,0.725
14.47,31.31,73.31,126.52,20.36,58.77,59.94,71.27,6.65,0.021,11552.0,173.7,7.87,92219.0,52.87,0.3,0,0,0,0.048,0.345,0.492
40.83,101.77,159.35,265.9,30.71,86.96,86.43,99.5,7.98,0.545,20282.9,107.6,4.53,159321.0,0.92,2.17,1,1,1,0.999,0.999,1.0
1.01,5.1,8.63,9.12,0.6,3.62,27.78,35.64,5.9,-0.384,11527.2,97.7,5.06,175109.0,75.0,1.79,0,0,0,0.0,0.003,0.001
1.48,6.51,20.24,46.92,1.26,6.07,42.17,46.9,5.73,-0.379,11446.4,101.4,4.27,176752.0,75.0,1.44,0,0,0,0.0,0.004,0.003
8.13,17.21,33.86,75.93,10.75,51.26,43.57,49.76,6.57,-0.265,14158.6,65.3,1.92,209544.0,75.0,1.91,0,0,0,0.001,0.058,0.316
0.81,4.97,16.22,77.43,5.53,9.95,48.4,56.31,6.97,-0.212,13062.0,88.5,1.83,187771.0,75.0,1.89,0,0,0,0.002,0.141,0.068
10.75,28.91,68.41,143.28,29.13,66.05,66.77,78.08,7.25,0.008,13758.8,88.6,2.7,149962.0,40.33,1.91,0,1,1,0.15,0.925,0.957
66.6,194.7,390.98,597.83,92.43,237.17,85.56,99.5,10.35,0.695,34000.0,42.6,1.73,231953.0,0.92,1.39,1,1,1,1.0,1.0,1.0
10.63,32.73,51.07,105.13,19.65,55.19,53.09,62.65,5.99,-0.176,10908.3,146.3,4.29,101702.0,68.72,0.97,0,0,0,0.001,0.099,0.25
49.66,125.85,316.9,499.43,76.35,218.5,82.14,99.5,10.21,0.698,31927.8,95.4,3.88,190693.0,0.92,1.52,1,1,1,1.0,1.0,1.0
30.37,98.69,172.78,313.63,48.39,139.86,84.21,99.5,8.46,0.478,19708.3,154.2,6.62,108855.0,0.92,0.27,1,1,1,0.999,1.0,1.0
28.18,77.69,185.89,324.89,57.04,113.32,84.46,99.5,7.54,0.44,18356.4,158.3,7.91,80583.0,0.92,0.87,1,1,1,0.993,1.0,1.0
11.92,25.25,48.04,104.8,29.76,51.19,54.24,67.26,6.53,-0.03,14833.4,65.7,3.82,206705.0,60.24,2.61,0,1,1,0.016,0.536,0.807
0.33,1.03,7.3,15.88,0.97,7.47,28.22,33.52,5.33,-0.447,8955.6,130.3,4.74,126136.0,75.0,1.18,0,0,0,0.0,0.0,0.0
8.87,23.54,40.74,76.69,12.73,38.14,44.73,52.81,5.54,-0.316,10787.2,103.5,1.19,162638.0,75.0,1.72,0,0,0,0.0,0.015,0.039
0.89,0.89,1.74,4.05,0.58,1.22,30.84,37.81,4.06,-0.312,3994.4,162.6,4.68,69570.0,75.0,1.09,0,0,0,0.0,0.0,0.0
52.81,181.84,345.36,592.14,100.97,234.38,85.46,99.5,9.97,0.641,33951.1,66.3,2.37,205861.0,0.92,1.68,1,1,1,1.0,1.0,1.0
1.46,3.96,8.15,39.8,0.41,1.54,42.28,48.01,5.65,-0.219,7540.7,133.3,0.5,116638.0,75.0,0.41,0,0,0,0.0,0.003,0.001
0.12,4.66,7.04,35.56,1.06,3.11,34.21,42.2,5.89,-0.405,10607.1,123.1,7.39,136488.0,75.0,1.31,0,0,0,0.0,0.002,0.001
10.83,29.24,67.22,114.79,22.6,43.72,60.36,70.57,7.15,0.145,17083.2,77.8,2.92,175752.0,54.15,1.69,0,1,1,0.101,0.86,0.78
12.2,29.49,71.16,145.95,19.74,35.48,65.9,74.86,7.11,0.077,17602.8,54.8,2.29,205455.0,46.26,1.68,0,1,1,0.075,0.914,0.918
2.23,2.24,4.84,5.08,0.87,4.41,28.33,36.3,5.45,-0.368,7675.5,129.5,7.71,142222.0,75.0,1.0,0,0,0,0.0,0.001,0.0
0.56,7.1,11.19,23.67,0.94,1.08,27.33,37.05,5.25,-0.45,6408.9,142.1,3.36,93711.0,75.0,1.06,0,0,0,0.0,0.0,0.0
38.45,102.1,183.91,297.21,48.84,129.92,82.22,99.5,9.27,0.544,23233.8,80.8,3.66,168415.0,0.92,1.67,1,1,1,1.0,1.0,1.0
14.27,33.45,75.57,136.06,10.29,43.83,63.2,72.8,5.84,0.115,13540.4,128.5,4.24,125025.0,50.05,0.8,0,0,1,0.027,0.407,0.555
1.14,1.32,3.55,16.19,2.44,10.26,31.36,38.23,4.74,-0.45,8360.8,92.3,2.92,157669.0,75.0,1.49,0,0,0,0.0,0.0,0.0
15.94,25.92,59.18,119.01,16.07,36.6,56.78,70.44,6.72,0.052,10514.0,138.4,2.92,100627.0,54.39,0.89,0,0,0,0.045,0.287,0.256
0.27,0.76,7.32,9.25,0.61,1.47,33.2,35.32,6.09,-0.396,11748.7,63.9,4.15,204913.0,75.0,1.38,0,0,0,0.0,0.005,0.0
1.5,1.93,2.03,7.65,0.73,2.5,28.28,36.74,5.69,-0.326,7704.7,164.1,4.63,60527.0,75.0,0.48,0,0,0,0.0,0.001,0.0
75.15,145.89,259.29,435.08,104.46,197.99,84.15,99.5,9.25,0.763,28767.4,76.7,3.65,172871.0,0.92,1.37,1,1,1,1.0,1.0,1.0
17.96,39.66,68.34,135.74,20.38,52.36,66.03,75.52,7.2,0.19,16655.4,88.3,0.5,204817.0,45.05,1.81,0,1,1,0.351,0.9,0.91
1.04,3.66,3.91,15.41,2.52,3.83,34.94,39.13,5.87,-0.288,14485.2,43.4,2.44,234784.0,75.0,1.78,0,0,0,0.0,0.01,0.002
84.14,162.81,354.75,589.45,93.22,243.3,85.62,99.5,9.46,1.049,34000.0,51.2,2.76,207398.0,0.92,2.44,1,1,1,1.0,1.0,1.0
40.79,89.61,181.93,265.98,46.24,137.82,82.91,99.5,8.67,0.501,22131.3,109.8,4.04,154513.0,0.92,1.18,1,1,1,1.0,1.0,1.0
0.38,0.51,4.01,9.27,0.96,4.01,35.4,40.01,7.0,-0.256,14783.6,73.8,2.28,199949.0,75.0,1.65,0,0,0,0.0,0.048,0.003
13.08,28.52,58.74,138.4,29.14,65.36,63.33,74.46,6.8,0.003,13527.4,156.1,6.59,107543.0,46.99,0.73,0,1,1,0.055,0.667,0.909
24.04,73.44,176.42,290.31,63.44,130.29,85.59,99.5,9.08,0.217,27195.6,37.1,2.83,233536.0,0.92,2.08,1,1,1,0.997,1.0,1.0
16.2,24.8,52.83,117.84,27.27,60.56,62.29,69.25,6.63,0.081,15542.8,90.0,0.5,186685.0,56.57,1.67,0,1,1,0.022,0.841,0.968
7.25,30.31,62.56,97.96,19.28,55.25,49.19,61.38,7.09,-0.104,13601.2,83.9,4.12,148725.0,71.05,1.45,0,0,0,0.005,0.297,0.446
10.86,33.67,61.38,120.55,14.22,44.6,57.52,66.53,7.09,0.077,15711.0,37.8,0.7,218792.0,61.58,2.16,0,0,1,0.034,0.422,0.728
7.9,19.73,43.12,75.33,13.27,41.0,51.28,59.91,6.85,-0.188,14820.1,53.0,1.84,218818.0,73.77,2.24,0,0,0,0.002,0.315,0.292
6.7,16.97,61.01,112.36,18.07,41.11,61.3,69.34,6.59,-0.066,16161.2,95.0,2.9,170971.0,56.42,1.17,0,1,1,0.009,0.502,0.67
11.66,29.79,57.34,107.03,24.01,67.5,59.2,64.42,6.04,-0.065,11664.4,106.5,2.91,138565.0,65.46,0.97,0,0,1,0.002,0.19,0.678
2.52,2.84,7.06,7.15,2.01,4.19,38.52,40.18,6.2,-0.259,11249.2,93.6,3.26,171545.0,75.0,1.61,0,0,0,0.0,0.014,0.001
32.28,90.8,185.36,323.71,31.56,112.06,86.66,99.5,8.04,0.382,19744.8,112.0,1.63,136259.0,0.92,1.26,1,1,1,0.997,0.999,1.0
2.13,2.3,3.86,22.71,1.36,5.51,30.0,37.06,5.29,-0.251,9214.5,121.3,6.49,130293.0,75.0,1.19,0,0,0,0.0,0.002,0.0
11.53,36.16,79.25,123.3,17.72,45.66,63.67,76.15,8.67,0.008,18620.8,36.4,0.5,251645.0,43.89,2.45,1,1,1,0.569,0.983,0.975
6.35,21.22,59.47,131.81,27.72,43.16,66.01,75.54,7.23,-0.026,15636.8,102.3,4.57,170882.0,45.01,1.43,0,1,1,0.083,0.915,0.807
39.72,94.83,157.19,277.09,59.55,123.43,81.36,99.5,7.55,0.546,15510.0,174.7,5.09,55395.0,0.92,0.56,1,1,1,0.999,0.999,1.0
17.88,36.36,66.05,110.8,10.22,43.54,54.35,64.62,6.48,-0.047,12474.7,110.3,1.54,131830.0,65.09,1.33,0,0,1,0.011,0.152,0.569
34.44,90.11,172.37,319.85,41.09,111.35,82.73,99.5,7.78,0.522,18373.8,133.2,5.15,113940.0,0.92,0.37,1,1,1,0.997,0.999,1.0
1.37,1.96,12.31,28.34,0.11,7.12,30.84,39.74,6.06,-0.317,12516.1,80.2,0.56,183334.0,75.0,1.2,0,0,0,0.0,0.008,0.003
17.09,38.58,66.37,146.09,12.49,43.59,66.34,77.31,7.43,0.082,11736.1,147.2,5.26,93457.0,41.74,1.35,0,1,1,0.179,0.827,0.687
24.26,76.83,182.48,326.02,57.37,116.83,86.55,99.5,8.42,0.411,19757.4,147.1,1.38,119121.0,0.92,0.77,1,1,1,0.999,1.0,1.0
43.36,93.09,145.49,276.51,42.69,91.15,86.08,99.5,7.53,0.604,19191.7,110.6,4.79,152505.0,0.92,1.58,1,1,1,0.996,1.0,1.0
17.15,35.98,79.2,138.35,11.28,27.18,66.71,78.13,6.38,0.185,11022.2,176.5,3.24,74265.0,40.24,0.25,0,0,0,0.181,0.4,0.317
2.77,2.87,6.69,10.93,2.33,3.5,28.26,34.28,5.66,-0.282,10020.7,53.2,1.43,197156.0,75.0,2.09,0,0,0,0.0,0.002,0.0
0.05,3.33,4.82,14.42,2.97,7.22,29.52,36.28,5.81,-0.347,15052.4,37.5,1.51,252560.0,75.0,2.2,0,0,0,0.0,0.007,0.003
0.51,3.96,14.36,25.65,2.43,9.46,39.35,43.73,4.84,-0.275,4945.0,146.7,3.09,61690.0,75.0,1.52,0,0,0,0.0,0.001,0.0
15.97,29.94,74.7,106.12,29.73,52.11,49.51,59.75,5.98,-0.114,11926.7,152.0,5.16,110066.0,74.06,0.78,0,0,0,0.001,0.144,0.242
0.7,6.08,7.2,10.25,2.06,6.34,31.27,38.37,6.23,-0.45,14637.4,52.4,0.5,231099.0,75.0,1.96,0,0,0,0.0,0.008,0.002
45.3,142.33,296.35,474.4,87.31,179.67,85.6,99.5,9.91,0.555,30622.4,73.5,3.41,185303.0,0.92,1.33,1,1,1,1.0,1.0,1.0
28.09,91.62,194.05,321.2,32.62,109.95,82.12,99.5,9.97,0.453,29301.9,37.5,2.51,254040.0,0.92,2.93,1,1,1,1.0,1.0,1.0
2.73,4.49,7.21,64.3,2.02,7.76,41.93,49.08,5.6,-0.214,11192.8,77.5,6.61,186018.0,75.0,1.71,0,0,0,0.0,0.007,0.014
13.4,25.16,48.68,111.97,19.12,46.25,53.73,64.77,6.21,-0.212,10543.4,147.1,5.39,104410.0,64.83,0.99,0,0,0,0.004,0.237,0.439
20.56,90.94,194.01,310.88,54.53,104.31,82.9,99.5,8.6,0.362,22943.6,110.1,5.42,152968.0,0.92,1.56,1,1,1,0.996,1.0,1.0
0.84,2.29,6.56,14.17,1.38,2.61,37.02,44.29,6.29,-0.216,13892.6,85.5,0.5,225230.0,75.0,1.51,0,0,0,0.0,0.023,0.002
5.63,29.22,44.59,88.65,18.95,43.52,51.98,58.93,6.66,0.045,16184.5,88.9,5.52,193484.0,75.0,1.8,0,0,0,0.003,0.467,0.473
12.17,28.02,50.69,85.09,12.75,42.34,48.78,56.86,7.3,0.028,18649.2,35.2,1.72,248281.0,75.0,2.19,0,1,1,0.012,0.688,0.689
2.24,2.51,7.03,25.88,0.65,4.51,38.75,44.73,6.48,-0.33,13156.3,78.5,2.06,172143.0,75.0,1.45,0,0,0,0.0,0.018,0.004
13.93,33.96,75.68,125.61,14.87,46.19,66.18,75.63,6.1,0.04,11938.5,128.7,7.37,127670.0,44.84,1.38,0,0,1,0.013,0.285,0.735
47.5,137.54,327.03,541.52,81.83,183.09,86.13,99.5,10.16,0.66,27827.3,176.3,5.36,56293.0,0.92,0.31,1,1,1,1.0,1.0,1.0
8.25,20.28,60.15,139.41,20.7,38.09,62.65,74.23,6.79,0.083,10536.4,157.8,4.22,102943.0,47.41,0.77,0,0,0,0.06,0.477,0.422
14.76,37.67,80.61,142.05,20.14,53.75,64.08,73.75,7.17,0.169,19786.6,38.4,1.67,236001.0,48.3,2.45,0,1,1,0.303,0.897,0.985
0.02,2.68,7.63,22.99,1.66,5.87,28.56,34.1,5.63,-0.351,6226.3,165.3,2.62,64783.0,75.0,0.7,0,0,0,0.0,0.001,0.0
35.97,75.59,179.49,309.31,55.47,114.33,85.67,99.5,8.69,0.408,18644.5,148.6,7.93,102940.0,0.92,0.28,1,1,1,0.999,1.0,1.0
42.98,98.09,188.83,345.0,62.06,137.53,87.18,99.5,8.22,0.464,20857.9,148.2,2.37,89473.0,0.92,0.58,1,1,1,0.999,1.0,1.0
0.22,7.74,24.31,25.62,1.2,3.98,35.71,40.48,5.82,-0.227,10060.8,101.4,1.63,160577.0,75.0,1.33,0,0,0,0.0,0.004,0.001
22.3,64.89,147.15,304.2,30.97,121.16,81.46,99.5,8.63,0.356,22013.8,92.7,1.73,155861.0,0.92,1.3,1,1,1,0.997,0.999,1.0
2.75,7.61,9.51,17.61,1.03,11.35,31.94,39.03,5.61,-0.408,13041.7,78.9,3.84,185705.0,75.0,1.87,0,0,0,0.0,0.004,0.003
0.88,1.09,2.38,9.81,6.14,9.08,33.59,37.61,6.76,-0.45,14455.9,44.5,1.06,237826.0,75.0,2.59,0,0,0,0.0,0.011,0.003
14.05,23.55,64.87,121.82,28.42,56.79,51.8,67.28,6.4,-0.026,16254.7,68.1,0.73,197491.0,60.2,2.3,0,1,1,0.023,0.509,0.88
13.88,29.88,49.16,92.76,11.35,39.55,54.81,63.54,6.95,0.112,14581.4,70.8,1.71,189228.0,67.09,1.76,0,0,0,0.016,0.479,0.31
13.44,25.58,55.3,108.24,20.67,41.21,51.89,60.26,7.38,-0.066,14474.7,105.2,3.62,156820.0,73.12,1.46,0,1,0,0.01,0.637,0.426
11.94,26.13,49.71,109.01,12.96,54.98,60.06,62.63,5.46,0.016,10084.4,143.4,1.97,118402.0,68.75,0.96,0,0,0,0.001,0.046,0.385
3.28,5.98,7.42,19.23,1.84,3.58,38.03,43.47,5.11,-0.26,6279.0,103.7,1.48,138949.0,75.0,1.58,0,0,0,0.0,0.001,0.0
0.41,0.87,1.85,14.55,4.34,6.04,25.54,30.37,6.61,-0.431,14042.4,43.4,3.17,231845.0,75.0,1.99,0,0,0,0.0,0.007,0.001
6.58,14.8,41.98,83.61,16.45,38.7,53.19,59.15,6.09,-0.283,9085.3,173.9,3.39,91108.0,75.0,0.93,0,0,0,0.0,0.114,0.071
1.31,3.85,13.59,28.03,0.36,5.23,33.5,40.43,5.56,-0.266,6637.3,171.7,5.01,82571.0,75.0,0.7,0,0,0,0.0,0.001,0.0
0.24,2.28,2.61,3.19,1.25,1.64,36.2,42.47,4.9,-0.386,6050.0,148.9,4.23,102243.0,75.0,1.03,0,0,0,0.0,0.0,0.0
0.44,1.47,7.34,12.2,1.36,6.55,34.07,39.82,5.1,-0.45,8427.2,178.7,4.9,75105.0,75.0,0.68,0,0,0,0.0,0.001,0.0
25.12,92.32,192.23,351.33,45.54,105.93,86.08,99.5,8.91,0.249,24681.6,113.9,5.26,150048.0,0.92,1.4,1,1,1,0.999,1.0,1.0
73.08,146.57,260.15,447.05,96.48,185.79,82.27,99.5,8.95,0.924,23664.0,174.6,9.09,81782.0,0.92,0.1,1,1,1,1.0,1.0,1.0
1.21,2.0,6.21,13.54,0.24,1.24,35.0,38.72,6.28,-0.284,12293.2,46.0,1.36,194486.0,75.0,2.17,0,0,0,0.0,0.008,0.001
0.3,0.75,3.27,40.4,2.15,8.47,36.37,44.33,6.09,-0.45,10770.5,88.0,1.12,151070.0,75.0,1.12,0,0,0,0.0,0.005,0.002
17.75,34.94,57.09,133.48,23.98,67.75,67.89,73.81,7.79,0.068,17126.7,67.7,3.92,213856.0,48.19,2.03,0,1,1,0.288,0.97,0.972
71.04,187.55,377.71,624.0,88.13,205.89,80.79,99.5,10.44,0.885,34000.0,63.4,2.11,181346.0,0.92,1.92,1,1,1,1.0,1.0,1.0
2.08,5.78,7.6,15.88,2.02,2.12,36.43,45.09,6.17,-0.274,15194.1,55.4,3.67,219523.0,75.0,2.07,0,0,0,0.0,0.03,0.007
26.19,71.2,174.19,280.71,49.08,134.82,79.5,99.5,7.97,0.367,21487.5,125.2,0.5,124419.0,0.92,1.44,1,1,1,0.997,1.0,1.0
8.38,18.48,61.93,127.16,13.54,53.13,64.39,67.03,6.81,-0.048,11982.0,148.3,5.71,87107.0,60.66,0.62,0,0,1,0.016,0.311,0.569
76.49,196.74,331.6,534.4,94.68,205.94,81.51,99.5,10.69,0.986,33343.2,118.9,8.26,142621.0,0.92,1.1,1,1,1,1.0,1.0,1.0
0.09,0.45,4.09,9.73,0.01,5.11,29.56,32.54,7.01,-0.376,14249.1,56.3,1.61,215444.0,75.0,2.07,0,0,0,0.0,0.019,0.003
61.67,150.49,324.71,528.43,94.74,175.8,86.39,99.5,10.66,0.814,29316.4,152.6,4.72,128520.0,0.92,0.14,1,1,1,1.0,1.0,1.0
5.12,22.64,67.11,110.73,23.66,43.83,53.98,66.17,7.02,-0.116,12962.2,127.2,5.13,117972.0,62.24,0.97,0,1,0,0.004,0.605,0.324
57.46,132.15,321.42,504.88,71.52,209.97,86.51,99.5,10.54,0.619,33982.9,91.3,2.28,192061.0,0.92,0.82,1,1,1,1.0,1.0,1.0
7.59,19.68,37.79,115.93,14.95,59.82,45.99,57.25,5.87,-0.111,10073.7,132.7,3.9,125988.0,75.0,0.8,0,0,0,0.0,0.025,0.494
7.29,15.64,57.51,116.51,17.03,47.43,52.97,64.71,6.56,-0.007,14944.4,72.7,2.1,182861.0,64.94,2.09,0,0,1,0.013,0.286,0.693
26.52,86.91,173.9,260.31,61.87,127.2,80.67,99.5,8.51,0.357,21266.6,85.1,2.02,189925.0,0.92,1.79,1,1,1,0.998,1.0,1.0
24.88,72.17,174.15,284.8,49.67,141.79,86.25,99.5,8.37,0.413,20786.1,168.0,9.5,86844.0,0.92,0.29,1,1,1,0.997,1.0,1.0
13.47,32.96,55.42,118.83,17.88,60.21,50.01,64.6,7.8,-0.011,15863.6,77.1,3.34,187990.0,65.14,1.78,0,1,1,0.059,0.611,0.815
6.68,19.54,36.52,85.57,12.97,53.32,51.54,59.47,6.84,-0.254,13566.2,103.1,4.08,160216.0,74.57,1.08,0,0,0,0.001,0.18,0.308
43.13,104.9,161.1,268.43,63.76,111.25,84.27,99.5,7.47,0.564,15122.3,164.1,8.13,74161.0,0.92,0.53,1,1,1,0.998,1.0,1.0
67.26,158.44,358.36,538.31,62.39,198.56,88.93,99.5,9.8,0.832,32409.7,137.6,4.16,102470.0,0.92,1.78,1,1,1,1.0,1.0,1.0
0.47,3.15,3.6,12.48,0.94,3.63,32.61,38.27,6.61,-0.397,14740.2,44.0,0.93,238568.0,75.0,2.8,0,0,0,0.0,0.014,0.004
16.1,40.63,78.23,146.57,20.58,38.5,69.66,79.45,7.34,0.227,15680.4,56.4,1.36,209010.0,37.8,2.08,0,1,1,0.484,0.911,0.947
36.68,77.59,142.33,278.93,52.99,110.28,85.85,99.5,8.68,0.413,23786.3,36.1,1.27,235434.0,0.92,2.4,1,1,1,0.999,1.0,1.0
15.04,39.0,70.36,134.25,15.44,59.56,64.24,75.88,6.48,0.271,12579.6,126.5,2.02,132417.0,44.38,0.77,0,1,1,0.14,0.554,0.763
26.84,97.34,203.01,340.58,58.41,123.59,87.36,99.5,9.1,0.414,23920.8,99.9,2.6,164084.0,0.92,1.2,1,1,1,0.999,1.0,1.0
42.99,107.69,177.3,260.09,48.93,135.16,85.52,99.5,8.79,0.56,24443.6,54.5,1.4,193196.0,0.92,2.2,1,1,1,1.0,1.0,1.0
41.52,109.92,172.81,286.9,51.48,128.2,86.82,99.5,7.97,0.634,18694.9,173.9,9.5,90613.0,0.92,0.23,1,1,1,1.0,1.0,1.0
28.36,91.07,176.52,301.87,53.21,126.39,82.26,99.5,7.97,0.31,19151.8,111.8,0.5,147657.0,0.92,1.55,1,1,1,0.99,1.0,1.0
51.67,174.14,305.79,550.02,68.82,201.7,85.9,99.5,11.25,0.845,32194.5,70.1,2.23,192871.0,0.92,2.34,1,1,1,1.0,1.0,1.0
42.39,77.78,186.56,268.94,30.4,117.56,86.58,99.5,8.88,0.515,23492.5,107.6,7.11,157358.0,0.92,1.43,1,1,1,1.0,1.0,1.0
37.72,76.95,183.19,316.95,33.89,121.22,81.85,99.5,8.02,0.594,20421.0,133.5,4.97,123294.0,0.92,0.99,1,1,1,0.999,1.0,1.0
0.79,1.6,8.57,24.67,1.95,9.96,37.38,44.2,5.55,-0.307,15200.8,46.1,2.24,236240.0,75.0,1.71,0,0,0,0.0,0.015,0.007
2.37,3.01,11.45,17.07,1.13,13.69,27.59,37.58,5.57,-0.428,13636.1,74.8,2.75,198271.0,75.0,2.03,0,0,0,0.0,0.001,0.005
14.88,28.34,62.78,119.75,12.33,53.96,54.85,69.2,6.09,0.124,9711.9,152.0,3.49,108356.0,56.68,0.36,0,0,0,0.018,0.134,0.268
40.55,106.66,190.2,287.87,60.94,120.35,84.43,99.5,9.75,0.594,25183.6,101.7,0.5,178283.0,0.92,1.29,1,1,1,1.0,1.0,1.0
0.02,10.04,17.93,29.63,0.02,0.93,38.68,40.21,6.76,-0.104,10781.2,114.3,4.42,156150.0,75.0,1.53,0,0,0,0.001,0.013,0.001
0.72,3.19,8.12,26.75,1.62,5.36,40.35,41.95,5.68,-0.296,10138.3,97.8,2.06,160283.0,75.0,1.78,0,0,0,0.0,0.003,0.001
2.0,5.18,17.57,42.49,0.37,10.68,37.04,44.48,6.44,-0.343,13272.3,41.4,0.85,213518.0,75.0,2.14,0,0,0,0.0,0.016,0.005
25.1,99.75,191.83,322.04,41.35,88.67,82.2,99.5,9.41,0.248,27874.0,59.0,1.54,234177.0,0.92,1.91,1,1,1,0.999,1.0,1.0
23.15,92.82,168.76,293.55,62.61,116.66,86.89,99.5,8.93,0.318,23060.5,99.6,6.61,156910.0,0.92,1.24,1,1,1,0.998,1.0,1.0
75.56,173.79,302.93,562.35,94.0,181.59,79.57,99.5,10.04,0.922,32334.4,65.3,5.11,194505.0,0.92,1.58,1,1,1,1.0,1.0,1.0
12.04,34.52,51.53,102.34,26.1,66.86,55.54,66.53,6.76,-0.038,15257.4,42.2,1.64,203253.0,61.59,2.08,0,1,1,0.012,0.542,0.926
15.08,28.28,58.48,125.55,13.05,45.9,56.25,68.37,6.69,0.098,14785.6,157.3,4.19,96282.0,58.2,0.14,0,1,0,0.059,0.577,0.48
14.36,36.81,55.16,101.65,20.83,56.86,49.19,58.12,6.3,-0.026,9807.8,177.3,2.45,69506.0,75.0,0.54,0,0,0,0.002,0.064,0.158
14.49,26.8,42.21,106.9,28.18,67.11,62.68,69.7,6.56,-0.057,8566.5,150.0,6.52,77266.0,55.75,0.85,0,0,0,0.029,0.229,0.491
13.09,37.71,65.7,121.96,10.25,53.62,53.79,70.89,6.55,0.006,12991.6,158.8,9.5,96241.0,53.56,0.77,0,0,1,0.02,0.371,0.646
12.58,27.23,43.56,91.68,10.07,34.8,49.15,56.92,6.99,-0.152,14479.4,70.1,2.14,188423.0,75.0,1.58,0,0,0,0.006,0.354,0.259
3.63,4.05,7.2,9.68,3.06,5.95,34.81,39.94,5.96,-0.287,11166.4,174.3,0.5,111206.0,75.0,0.1,0,0,0,0.0,0.008,0.0
7.63,30.36,68.88,146.44,10.01,38.73,57.49,67.81,6.9,-0.007,15570.4,63.6,2.99,195195.0,59.22,1.98,0,0,1,0.016,0.445,0.836
10.5,14.67,21.78,33.43,2.5,8.22,42.83,49.53,5.75,-0.214,7275.4,173.0,9.12,65923.0,75.0,0.42,0,0,0,0.0,0.003,0.001
0.12,3.07,9.82,10.32,0.7,2.08,41.19,46.95,6.07,-0.422,7894.3,179.2,1.16,51780.0,75.0,0.27,0,0,0,0.0,0.004,0.0
16.11,37.38,72.07,142.3,19.07,60.32,66.17,77.38,6.74,0.348,14492.2,138.2,5.28,133328.0,41.62,0.81,0,1,1,0.348,0.729,0.929
0.32,3.37,4.48,4.96,0.67,3.05,22.63,32.61,4.83,-0.383,5814.2,177.3,7.64,61689.0,75.0,0.85,0,0,0,0.0,0.0,0.0
15.96,32.62,52.99,132.63,15.4,59.96,50.12,61.58,6.89,0.015,11311.8,117.6,3.96,128026.0,70.69,1.32,0,0,1,0.023,0.248,0.662
3.3,5.26,5.65,19.91,3.74,5.8,42.53,45.33,6.02,-0.422,11497.9,72.6,1.51,203444.0,75.0,2.43,0,0,0,0.0,0.014,0.003
8.11,29.76,61.11,100.99,28.99,72.43,51.04,63.48,6.13,-0.015,12010.3,98.4,5.24,141257.0,67.2,1.85,0,0,1,0.006,0.353,0.78
59.68,133.52,300.29,484.7,63.32,214.66,84.78,99.5,9.92,0.828,30409.7,121.1,3.36,144097.0,0.92,1.65,1,1,1,1.0,1.0,1.0
17.98,31.93,69.27,102.56,17.39,35.66,57.82,70.14,7.8,0.108,20205.8,45.6,0.5,252005.0,54.94,1.9,0,1,1,0.231,0.957,0.871
5.72,23.73,62.79,115.44,20.48,43.61,56.67,64.92,7.21,-0.074,14156.5,125.2,0.5,138211.0,64.54,1.26,0,1,0,0.011,0.587,0.445
74.46,166.12,282.19,445.37,66.42,181.29,84.07,99.5,8.81,0.901,23602.7,177.3,9.5,76844.0,0.92,0.21,1,1,1,1.0,1.0,1.0
5.85,27.56,69.8,112.22,19.71,50.28,59.14,67.65,7.32,-0.132,17359.6,62.6,2.88,217972.0,59.53,1.48,0,1,1,0.01,0.716,0.845
5.04,5.21,9.62,14.71,1.39,2.25,35.23,40.32,5.69,-0.353,9884.1,149.9,5.48,125734.0,75.0,1.18,0,0,0,0.0,0.004,0.001
0.21,0.91,1.2,5.11,2.34,6.03,35.35,42.74,5.71,-0.344,9172.5,166.6,4.51,98174.0,75.0,0.4,0,0,0,0.0,0.002,0.0
12.21,20.22,38.99,111.13,15.43,57.8,46.5,61.26,6.67,0.037,9719.0,171.8,4.38,80391.0,71.28,0.1,0,0,0,0.008,0.243,0.162
16.37,27.0,68.95,130.34,22.61,63.19,56.37,68.87,6.77,0.076,11583.0,174.2,2.72,84495.0,57.28,0.26,0,1,1,0.075,0.613,0.632
0.62,3.95,8.35,26.07,2.16,2.45,31.58,40.7,5.12,-0.397,8681.3,110.6,3.01,133977.0,75.0,1.05,0,0,0,0.0,0.001,0.0
27.32,99.91,163.32,281.1,42.49,87.24,81.54,99.5,8.17,0.367,18412.2,176.7,0.5,79593.0,0.92,0.14,1,1,1,0.997,1.0,1.0
0.24,1.08,3.57,28.48,1.45,5.14,39.61,45.12,5.52,-0.45,7151.7,144.8,3.15,91145.0,75.0,0.74,0,0,0,0.0,0.001,0.0
62.04,184.24,353.88,506.57,83.88,230.05,89.64,99.5,10.52,0.802,33847.3,58.4,1.72,204364.0,0.92,2.56,1,1,1,1.0,1.0,1.0
74.35,198.66,329.15,605.96,74.25,158.27,78.41,99.5,8.96,0.873,28410.1,104.2,4.79,108781.0,0.92,1.18,1,1,1,1.0,1.0,1.0
64.83,141.45,312.77,578.84,106.07,234.63,80.81,99.5,9.81,0.809,29704.8,139.2,4.77,119032.0,0.92,1.38,1,1,1,1.0,1.0,1.0
33.38,108.14,192.91,347.1,62.08,118.0,85.16,99.5,8.82,0.722,25045.8,70.9,3.49,185305.0,0.92,2.11,1,1,1,1.0,1.0,1.0
0.02,1.46,9.37,31.07,1.85,2.45,32.81,39.35,4.67,-0.391,7074.2,127.9,7.58,143200.0,75.0,1.16,0,0,0,0.0,0.0,0.0
22.69,95.88,171.16,303.01,61.71,149.55,85.71,99.5,8.77,0.39,19982.6,131.7,7.12,127864.0,0.92,1.22,1,1,1,0.998,1.0,1.0
1.0,2.68,7.99,13.16,1.96,2.05,26.4,31.19,5.83,-0.45,12540.9,58.6,2.55,226552.0,75.0,2.04,0,0,0,0.0,0.005,0.001
40.61,115.53,222.81,331.6,48.59,101.58,87.87,99.5,8.74,0.539,23717.3,116.9,4.12,123421.0,0.92,1.59,1,1,1,1.0,1.0,1.0
0.43,1.96,7.46,7.68,1.0,3.85,34.79,39.25,6.02,-0.43,9759.0,146.9,2.55,119313.0,75.0,0.94,0,0,0,0.0,0.003,0.0
0.29,0.5,3.6,15.78,2.05,3.59,36.98,40.93,6.22,-0.427,10474.8,107.3,5.19,182780.0,75.0,0.84,0,0,0,0.0,0.003,0.001
54.49,137.72,251.36,417.22,100.93,181.17,87.12,99.5,9.83,0.546,30893.9,36.8,2.4,247356.0,0.92,2.44,1,1,1,1.0,1.0,1.0
0.05,0.39,2.57,7.45,0.39,0.8,30.88,39.84,6.59,-0.437,15757.1,36.3,1.49,248283.0,75.0,2.59,0,0,0,0.0,0.017,0.005
3.35,9.41,15.32,18.8,0.78,4.62,35.24,39.73,5.84,-0.3,13550.5,86.8,6.03,178421.0,75.0,1.55,0,0,0,0.0,0.006,0.001
8.79,25.81,60.35,116.31,18.27,43.7,58.13,66.49,5.69,-0.066,9127.1,169.3,1.28,68972.0,61.65,0.49,0,0,0,0.002,0.069,0.161
39.44,104.0,195.78,305.75,57.15,149.82,83.72,99.5,9.83,0.523,26802.9,68.2,0.97,209628.0,0.92,1.71,1,1,1,1.0,1.0,1.0
13.96,28.89,67.79,128.25,27.55,63.95,62.88,75.0,6.76,0.045,12616.9,127.0,6.4,105029.0,46.01,0.64,0,1,1,0.089,0.638,0.852
15.01,34.36,52.12,106.37,11.13,39.56,53.55,63.94,7.26,0.012,14806.4,67.2,2.67,193092.0,66.35,1.45,0,1,1,0.02,0.555,0.628
37.91,89.76,139.86,249.4,32.37,115.3,82.38,99.5,8.11,0.532,19237.1,81.6,4.79,155464.0,0.92,1.24,1,1,1,0.999,0.999,1.0
1.84,5.94,6.07,6.46,4.68,5.14,27.84,36.82,5.54,-0.356,8082.5,158.0,5.48,79886.0,75.0,0.82,0,0,0,0.0,0.001,0.0
13.71,35.23,63.67,120.99,14.55,57.26,61.91,66.53,6.06,-0.018,13716.0,140.7,2.73,120809.0,61.59,0.11,0,0,1,0.005,0.118,0.573
27.55,71.26,152.78,248.02,54.03,122.37,87.28,99.5,9.34,0.48,24705.6,48.8,1.52,228981.0,0.92,1.97,1,1,1,1.0,1.0,1.0
6.92,16.06,35.17,72.0,16.26,56.26,47.5,55.81,6.31,-0.31,12140.5,97.2,0.72,164170.0,75.0,1.25,0,0,0,0.001,0.066,0.248
5.74,15.92,40.01,97.68,25.26,67.89,43.76,55.8,6.85,-0.222,16858.8,39.2,0.58,235480.0,75.0,2.23,0,0,1,0.001,0.354,0.891
0.64,0.92,1.88,5.94,3.08,7.15,34.03,38.43,5.75,-0.421,8716.0,104.7,5.5,126037.0,75.0,0.82,0,0,0,0.0,0.002,0.0
0.28,4.84,12.68,38.37,0.64,1.15,44.22,53.1,6.29,-0.186,9545.8,131.1,6.65,117148.0,75.0,1.12,0,0,0,0.0,0.013,0.002
0.13,1.41,3.65,27.97,0.62,4.07,37.93,45.08,5.99,-0.349,12296.6,52.2,2.17,207160.0,75.0,1.74,0,0,0,0.0,0.01,0.002
1.86,2.65,3.89,17.16,2.59,13.84,41.09,41.73,5.79,-0.395,13457.3,76.9,0.5,177848.0,75.0,2.11,0,0,0,0.0,0.004,0.003
2.28,6.59,11.31,12.82,3.31,12.9,39.67,41.08,6.71,-0.304,12009.1,92.7,2.65,177770.0,75.0,1.36,0,0,0,0.0,0.016,0.001
10.08,23.41,54.09,131.91,11.02,47.28,49.8,65.54,6.0,0.028,9386.5,168.3,2.18,65094.0,63.4,0.44,0,0,0,0.004,0.065,0.345
2.02,5.91,9.26,39.65,0.29,1.27,35.31,40.46,4.47,-0.267,6752.8,179.0,9.5,56103.0,75.0,0.32,0,0,0,0.0,0.0,0.0
27.67,63.02,135.26,228.11,55.36,118.18,84.99,99.5,8.48,0.497,22403.8,41.5,1.02,198879.0,0.92,2.35,1,1,1,0.999,1.0,1.0
37.61,84.36,142.27,232.83,37.11,83.45,85.46,99.5,8.02,0.531,17023.3,145.3,2.25,101173.0,0.92,0.81,1,1,1,0.999,0.999,1.0
7.87,25.71,48.4,95.55,11.05,52.82,45.75,55.46,6.43,-0.12,13098.1,88.9,3.16,157002.0,75.0,1.47,0,0,0,0.002,0.129,0.287
6.8,20.72,47.11,115.71,19.67,46.16,54.28,63.85,6.86,-0.104,15105.6,91.9,2.16,170900.0,66.52,1.66,0,0,1,0.004,0.393,0.516
72.83,178.66,295.69,479.47,108.93,227.6,81.84,99.5,9.44,0.848,28625.9,144.4,8.91,92491.0,0.92,0.95,1,1,1,1.0,1.0,1.0
10.51,21.06,61.24,97.9,12.1,40.27,58.49,65.77,6.38,-0.108,12407.5,168.2,3.66,79762.0,62.99,0.24,0,0,0,0.005,0.196,0.17
62.47,191.35,312.83,520.57,70.06,206.2,87.09,99.5,8.6,0.826,25437.1,172.9,1.7,70368.0,0.92,0.53,1,1,1,1.0,1.0,1.0
0.6,3.21,4.86,14.84,1.27,2.91,36.86,38.54,5.45,-0.45,11834.4,118.7,0.5,162661.0,75.0,1.53,0,0,0,0.0,0.002,0.001
33.44,83.79,182.15,301.77,61.61,113.86,82.64,99.5,8.93,0.376,23310.6,86.8,2.99,183319.0,0.92,1.84,1,1,1,1.0,1.0,1.0
6.46,20.93,41.44,91.1,14.15,55.19,46.85,54.32,6.57,-0.017,10646.4,149.2,3.71,73372.0,75.0,1.02,0,0,0,0.002,0.078,0.12
1.01,2.73,8.93,10.6,3.89,6.2,35.11,35.3,6.12,-0.388,13963.4,71.4,0.66,175352.0,75.0,1.9,0,0,0,0.0,0.006,0.001
50.46,169.62,321.09,545.74,104.68,255.94,82.89,99.5,9.98,0.662,27587.8,116.8,6.59,140679.0,0.92,0.92,1,1,1,1.0,1.0,1.0
80.71,175.73,353.19,525.85,101.56,208.9,82.05,99.5,10.76,0.856,33517.9,87.0,4.09,161660.0,0.92,1.39,1,1,1,1.0,1.0,1.0
11.03,34.18,73.36,150.98,17.27,36.8,64.28,74.74,6.43,0.089,10917.3,130.2,4.49,79221.0,46.47,1.11,0,0,1,0.023,0.37,0.591
81.42,181.01,371.05,613.54,103.74,236.12,87.49,99.5,10.65,1.07,34000.0,69.9,4.16,216414.0,0.92,2.16,1,1,1,1.0,1.0,1.0
2.01,2.33,16.13,18.53,0.05,2.7,28.05,34.96,6.27,-0.256,12996.1,62.8,2.95,215466.0,75.0,2.81,0,0,0,0.0,0.005,0.002
14.25,34.43,59.61,127.3,26.85,60.15,68.6,75.02,6.2,-0.037,10353.7,168.1,3.39,86041.0,45.97,0.76,0,0,1,0.014,0.317,0.61
0.59,2.96,10.89,38.58,0.06,0.52,36.65,45.81,5.44,-0.202,13215.5,49.8,0.81,211176.0,75.0,1.81,0,0,0,0.0,0.005,0.006
0.01,1.7,3.99,13.47,2.3,3.9,30.06,33.43,5.68,-0.404,10136.4,108.4,5.39,156378.0,75.0,1.09,0,0,0,0.0,0.003,0.0
25.21,76.01,126.55,272.9,43.43,117.68,82.88,99.5,8.21,0.196,17619.5,67.0,2.82,189006.0,0.92,2.6,1,1,1,0.993,0.999,1.0
9.22,27.67,58.89,99.31,22.51,40.8,52.89,63.6,7.11,-0.184,17915.2,40.6,1.55,234299.0,66.98,2.23,0,1,1,0.014,0.685,0.852
0.79,3.97,7.15,23.61,0.64,0.81,40.87,45.67,7.36,-0.445,14901.2,40.2,0.79,217924.0,75.0,2.31,0,0,0,0.0,0.079,0.003
5.73,18.3,45.53,102.4,25.15,65.34,54.66,64.92,7.49,-0.037,16035.1,60.4,2.78,230256.0,64.54,1.72,0,1,1,0.011,0.836,0.953
1.42,2.98,4.2,10.9,0.64,4.07,29.02,38.6,4.25,-0.362,4272.4,160.7,3.44,63628.0,75.0,1.05,0,0,0,0.0,0.0,0.0
15.64,32.45,48.82,125.81,15.89,58.32,54.4,66.34,7.01,-0.026,15963.3,76.0,2.52,207333.0,61.93,1.94,0,1,1,0.016,0.608,0.936
2.01,3.34,3.58,38.99,2.15,3.16,42.8,48.23,5.22,-0.269,7921.6,172.8,9.5,73204.0,75.0,0.17,0,0,0,0.0,0.001,0.0
33.34,93.75,157.35,244.84,39.36,81.98,85.57,99.5,8.06,0.62,19457.6,119.3,2.76,129456.0,0.92,0.87,1,1,1,0.999,0.999,1.0
0.09,0.51,1.2,4.62,5.54,8.54,27.75,30.52,5.79,-0.45,9883.9,98.3,0.66,164534.0,75.0,1.56,0,0,0,0.0,0.002,0.001
10.49,28.08,43.25,117.99,20.65,49.2,47.47,57.62,6.16,-0.072,11461.8,119.1,1.91,148065.0,75.0,1.18,0,0,0,0.001,0.143,0.29
3.41,6.69,8.33,41.35,3.82,14.64,31.12,39.73,5.83,-0.268,12256.6,109.9,5.81,168596.0,75.0,1.55,0,0,0,0.0,0.003,0.004
6.25,30.49,61.78,125.39,14.24,33.46,59.51,72.42,6.63,-0.114,11901.8,145.0,5.74,110670.0,50.74,0.96,0,0,0,0.005,0.401,0.277
0.1,1.47,2.47,3.49,6.21,10.83,27.53,34.6,6.04,-0.349,10727.0,76.0,2.48,175485.0,75.0,1.71,0,0,0,0.0,0.004,0.001
11.73,32.37,65.71,104.61,22.67,58.1,52.88,62.34,7.15,0.027,14821.5,86.2,2.23,177404.0,69.29,1.48,0,1,1,0.026,0.652,0.701
0.33,1.29,3.22,14.3,0.27,5.03,28.2,36.66,5.69,-0.295,8591.9,164.6,7.2,109679.0,75.0,0.47,0,0,0,0.0,0.002,0.0
28.65,91.32,197.29,346.88,55.82,106.45,87.24,99.5,8.89,0.421,20329.3,172.2,3.4,93532.0,0.92,0.25,1,1,1,0.999,1.0,1.0
1.58,4.11,10.03,34.4,0.75,4.36,40.39,46.0,5.52,-0.209,8212.3,164.4,6.66,96326.0,75.0,0.48,0,0,0,0.0,0.003,0.001
26.88,75.73,156.97,271.7,51.02,132.75,82.41,99.5,8.19,0.454,20302.9,95.8,2.09,176951.0,0.92,1.51,1,1,1,0.998,1.0,1.0
1.11,9.86,15.22,65.63,2.72,5.2,40.5,48.23,5.51,-0.265,8018.9,148.2,2.79,112708.0,75.0,0.49,0,0,0,0.0,0.003,0.001
0.64,3.96,8.61,21.87,2.56,9.76,31.03,39.12,5.5,-0.278,10828.7,104.1,2.45,172499.0,75.0,1.57,0,0,0,0.0,0.002,0.001
0.31,2.39,6.09,10.25,8.84,14.23,31.42,37.41,5.41,-0.229,10490.9,107.1,3.03,144579.0,75.0,1.23,0,0,0,0.0,0.007,0.001
0.47,1.57,6.64,6.78,1.25,2.72,26.57,33.71,6.29,-0.324,12587.2,64.7,2.21,182059.0,75.0,1.69,0,0,0,0.0,0.005,0.001
16.1,37.55,62.52,135.76,28.27,59.85,65.72,71.01,7.39,0.064,15178.5,120.7,4.74,136178.0,53.33,1.04,0,1,1,0.24,0.922,0.944
51.37,167.59,306.33,520.15,62.28,182.29,80.6,99.5,8.87,0.62,30930.4,62.0,0.5,193349.0,0.92,2.06,1,1,1,1.0,1.0,1.0
0.57,3.47,3.64,15.41,2.96,3.0,30.94,40.14,6.37,-0.301,11782.9,83.1,1.7,164482.0,75.0,1.71,0,0,0,0.0,0.014,0.001
14.75,24.96,60.9,113.67,21.04,46.16,57.7,68.58,5.85,0.048,8554.7,159.0,4.44,78421.0,57.81,0.73,0,0,0,0.006,0.114,0.143
8.19,17.4,58.34,118.86,29.66,70.17,61.32,71.87,7.3,0.087,18377.2,65.0,4.04,239249.0,51.76,2.21,0,1,1,0.053,0.964,0.987
2.44,4.72,5.06,34.42,0.25,2.8,37.52,43.85,5.98,-0.37,12138.1,45.3,0.71,227660.0,75.0,2.62,0,0,0,0.0,0.005,0.005
2.33,3.93,4.66,10.26,8.91,38.07,35.16,38.66,5.59,-0.255,12631.8,45.0,1.71,231421.0,75.0,2.31,0,0,0,0.0,0.008,0.017
37.77,108.29,160.94,263.02,42.91,83.57,85.68,99.5,7.77,0.412,16976.7,171.4,9.5,55968.0,0.92,0.1,1,1,1,0.995,0.998,1.0
0.57,0.81,3.73,3.78,0.63,7.67,28.37,36.09,6.28,-0.391,9125.5,108.5,1.23,122140.0,75.0,1.24,0,0,0,0.0,0.003,0.0
25.33,62.92,127.9,274.11,50.55,122.79,87.23,99.5,7.39,0.446,18142.3,94.4,3.97,154477.0,0.92,1.22,1,1,1,0.989,0.999,1.0
0.0,1.6,2.83,7.75,1.83,9.09,27.21,30.17,5.35,-0.441,7040.4,152.6,3.14,118480.0,75.0,1.2,0,0,0,0.0,0.0,0.0
7.36,28.42,44.89,91.22,14.38,56.85,53.47,58.82,6.59,-0.084,10914.4,156.2,4.05,97580.0,75.0,1.24,0,0,0,0.001,0.138,0.26
7.31,25.15,45.09,98.77,18.27,34.51,50.67,59.46,7.03,-0.004,14863.3,83.2,1.71,189178.0,74.6,1.88,0,1,0,0.004,0.748,0.387
2.1,5.88,7.19,18.61,0.9,6.03,38.65,42.26,6.42,-0.356,10326.7,135.6,2.96,128389.0,75.0,1.19,0,0,0,0.0,0.005,0.001
1.42,1.65,9.09,11.46,0.38,5.01,22.72,34.74,5.41,-0.45,5938.0,146.8,9.5,94954.0,75.0,0.85,0,0,0,0.0,0.0,0.0
0.24,0.57,2.2,24.1,0.39,1.84,42.59,51.54,6.29,-0.342,10649.9,129.9,6.52,144910.0,75.0,1.13,0,0,0,0.0,0.01,0.001
0.4,1.51,6.52,12.76,2.85,6.43,28.82,36.59,6.4,-0.381,12205.6,57.0,3.12,202130.0,75.0,1.58,0,0,0,0.0,0.013,0.0
29.03,81.32,173.53,296.31,60.39,151.72,86.33,99.5,8.63,0.536,19607.9,162.0,7.1,106690.0,0.92,0.53,1,1,1,1.0,1.0,1.0
1.52,12.84,16.47,16.96,1.41,2.32,30.83,38.44,5.71,-0.373,11034.2,113.2,0.69,150832.0,75.0,0.99,0,0,0,0.0,0.002,0.001
28.34,82.95,150.65,255.42,44.07,99.83,87.01,99.5,8.44,0.602,19331.3,76.0,3.2,162014.0,0.92,1.87,1,1,1,0.999,1.0,1.0
0.22,3.85,5.86,27.25,4.29,9.15,36.45,40.57,5.62,-0.445,10016.9,96.7,5.25,152790.0,75.0,1.47,0,0,0,0.0,0.005,0.002
29.92,93.77,153.08,285.97,44.21,120.27,83.06,99.5,7.97,0.305,21450.1,40.4,0.79,204689.0,0.92,2.88,1,1,1,0.996,1.0,1.0
14.81,32.38,66.65,107.33,21.85,50.67,50.56,58.79,7.93,-0.027,17584.8,53.5,2.8,233200.0,75.0,2.38,0,1,1,0.028,0.904,0.882
0.67,1.99,3.48,7.85,2.41,5.26,32.94,39.39,5.04,-0.394,7008.4,146.0,6.96,104424.0,75.0,0.87,0,0,0,0.0,0.0,0.0
46.2,119.11,280.42,538.9,62.2,182.78,84.87,99.5,10.42,0.548,31255.9,35.0,2.39,204573.0,0.92,2.29,1,1,1,1.0,1.0,1.0
2.29,2.3,3.59,33.88,0.17,3.44,39.16,43.87,6.03,-0.293,10188.5,95.4,2.62,171154.0,75.0,2.01,0,0,0,0.0,0.005,0.002
11.6,22.17,38.45,93.58,24.7,45.02,49.04,58.65,6.1,-0.177,12656.4,110.8,1.69,139026.0,75.0,1.28,0,0,0,0.001,0.24,0.294
13.99,31.28,57.01,120.23,13.84,42.55,52.16,66.23,7.42,0.052,20249.0,42.9,1.22,206237.0,62.14,2.36,0,1,1,0.027,0.866,0.888
12.14,27.94,54.86,121.91,23.12,57.31,61.57,70.68,6.53,0.043,10637.7,176.1,9.5,93854.0,53.95,0.37,0,1,1,0.033,0.563,0.644
80.67,210.28,371.33,560.09,98.94,190.31,87.26,99.5,10.55,0.924,34000.0,67.8,0.5,200263.0,0.92,1.78,1,1,1,1.0,1.0,1.0
32.82,88.8,197.81,357.09,57.97,123.99,80.33,99.5,9.16,0.491,26813.7,79.1,0.5,180668.0,0.92,1.75,1,1,1,1.0,1.0,1.0
33.68,81.47,181.26,320.98,57.0,104.63,84.48,99.5,8.19,0.636,23559.8,79.1,2.89,179123.0,0.92,1.15,1,1,1,0.999,1.0,1.0
60.95,163.19,284.41,476.01,64.37,221.08,82.25,99.5,10.04,0.736,29506.6,68.4,1.85,175208.0,0.92,1.43,1,1,1,1.0,1.0,1.0
14.77,33.32,54.46,101.17,12.89,43.97,57.81,64.7,5.94,-0.036,16272.3,35.2,1.24,218175.0,64.95,2.47,0,0,1,0.006,0.163,0.765
2.06,2.11,2.55,5.67,2.5,10.36,38.73,42.08,5.59,-0.258,7987.9,140.8,7.32,130368.0,75.0,1.33,0,0,0,0.0,0.001,0.0
38.83,94.82,151.13,291.52,33.7,92.82,82.55,99.5,8.05,0.481,15341.3,175.2,4.39,62661.0,0.92,0.47,1,1,1,0.999,0.998,1.0
9.0,23.11,48.0,116.46,13.43,53.81,52.24,65.33,6.11,-0.01,14484.7,67.5,0.5,199304.0,63.79,1.69,0,0,1,0.002,0.243,0.727
2.34,4.03,4.48,14.76,3.44,4.64,32.2,37.16,5.23,-0.285,6658.2,131.1,9.42,91965.0,75.0,0.57,0,0,0,0.0,0.001,0.0
15.89,35.4,80.02,151.25,14.03,42.5,58.57,72.17,6.61,0.189,13063.9,142.6,2.43,89139.0,51.21,1.07,0,0,1,0.132,0.417,0.694
49.14,123.32,296.87,564.68,108.68,210.32,86.72,99.5,9.58,0.612,28106.1,158.0,2.52,99521.0,0.92,0.44,1,1,1,1.0,1.0,1.0
0.27,2.32,3.22,7.43,3.63,9.45,25.03,29.83,6.06,-0.45,10877.8,96.3,5.28,170128.0,75.0,1.69,0,0,0,0.0,0.003,0.001
42.38,96.67,180.51,322.16,38.37,123.64,88.59,99.5,8.53,0.549,25209.9,78.9,2.22,211591.0,0.92,1.86,1,1,1,1.0,1.0,1.0
5.23,26.79,65.07,110.15,24.56,45.98,63.51,69.87,7.54,-0.035,19149.3,82.2,2.78,201543.0,55.45,1.84,0,1,1,0.066,0.959,0.906
1.03,4.05,9.06,57.91,0.4,2.7,42.32,45.22,5.41,-0.346,7738.9,138.3,6.04,110543.0,75.0,0.91,0,0,0,0.0,0.001,0.001
42.0,99.46,202.05,316.77,57.84,145.69,85.58,99.5,7.36,0.576,18977.9,153.4,8.36,102975.0,0.92,0.79,1,1,1,0.999,1.0,1.0
78.86,201.14,330.9,532.36,68.73,163.17,82.21,99.5,10.62,1.074,34000.0,61.3,1.78,201650.0,0.92,1.96,1,1,1,1.0,1.0,1.0
0.8,8.86,12.44,35.52,5.54,5.85,35.3,45.89,6.85,-0.339,12461.1,88.8,5.54,204278.0,75.0,1.41,0,0,0,0.0,0.038,0.003
0.21,1.07,4.91,5.67,3.09,3.32,31.88,35.76,5.5,-0.448,7273.4,165.8,0.5,98298.0,75.0,0.21,0,0,0,0.0,0.001,0.0
7.06,21.55,53.28,127.36,29.27,70.81,61.76,70.7,6.52,0.051,11286.0,152.0,7.4,100181.0,53.92,0.1,0,0,1,0.02,0.404,0.69
22.68,82.93,159.43,249.49,49.43,109.05,85.23,99.5,8.36,0.273,18099.7,177.8,3.54,69641.0,0.92,0.28,1,1,1,0.998,0.999,1.0
0.51,0.76,16.18,31.72,0.66,9.39,34.06,43.98,5.58,-0.311,10202.6,144.4,8.62,128434.0,75.0,1.26,0,0,0,0.0,0.003,0.001
3.55,7.71,12.01,17.68,1.14,3.26,29.92,37.54,5.26,-0.377,9557.1,92.0,3.46,178278.0,75.0,1.78,0,0,0,0.0,0.001,0.001
43.72,109.12,176.65,306.62,50.79,135.45,84.78,99.5,8.84,0.451,22313.6,120.6,2.76,158608.0,0.92,1.22,1,1,1,1.0,1.0,1.0
6.24,26.16,51.1,87.58,24.64,49.58,47.09,57.2,6.24,-0.156,10802.8,130.8,6.14,90079.0,75.0,0.78,0,0,0,0.0,0.123,0.133
1.57,2.01,19.07,38.59,0.68,5.4,34.6,42.99,6.5,-0.36,13999.7,46.4,2.37,231267.0,75.0,2.51,0,0,0,0.0,0.027,0.008
23.39,84.53,138.11,244.78,64.25,110.9,82.16,99.5,7.39,0.42,16259.0,114.0,5.3,135526.0,0.92,1.21,1,1,1,0.984,1.0,1.0
68.9,143.13,313.38,492.39,75.5,182.52,84.24,99.5,9.11,0.851,29487.4,137.9,2.27,140924.0,0.92,1.37,1,1,1,1.0,1.0,1.0
53.21,179.71,371.23,633.03,65.32,164.0,84.06,99.5,9.98,0.692,34000.0,59.3,1.56,232082.0,0.92,1.73,1,1,1,1.0,1.0,1.0
1.14,9.93,13.65,18.4,3.4,3.91,28.63,36.11,4.79,-0.447,6533.9,148.2,5.18,102663.0,75.0,0.53,0,0,0,0.0,0.0,0.0
80.27,208.75,405.84,566.52,87.48,214.27,84.6,99.5,9.57,0.903,34000.0,119.6,4.1,159458.0,0.92,0.91,1,1,1,1.0,1.0,1.0
24.87,81.74,170.54,276.85,41.05,84.36,85.2,99.5,8.06,0.415,17204.5,173.1,8.39,99060.0,0.92,0.1,1,1,1,0.997,0.999,1.0
3.77,7.84,13.54,13.8,1.96,2.66,29.82,34.05,5.96,-0.433,15749.3,41.2,0.5,231735.0,75.0,2.0,0,0,0,0.0,0.004,0.003
13.6,32.16,72.72,115.49,10.55,52.97,57.07,69.96,6.96,0.033,18228.4,73.5,3.01,228912.0,55.28,1.85,0,1,1,0.051,0.687,0.922
2.87,4.39,4.72,12.99,1.48,7.52,29.44,35.54,5.52,-0.33,9925.0,122.2,3.64,132860.0,75.0,0.91,0,0,0,0.0,0.001,0.0
37.93,75.76,168.08,258.94,33.13,95.05,84.62,99.5,8.34,0.585,22723.3,78.0,1.55,183181.0,0.92,0.6,1,1,1,0.999,1.0,1.0
21.93,90.1,167.89,294.85,50.19,143.99,84.89,99.5,7.36,0.322,17978.3,138.6,3.0,126678.0,0.92,1.21,1,1,1,0.973,0.999,1.0
42.89,111.86,184.86,276.46,50.72,114.93,81.24,99.5,7.56,0.543,19035.1,145.1,4.52,100626.0,0.92,0.29,1,1,1,0.998,0.999,1.0
0.31,0.56,2.86,15.48,1.96,7.17,25.16,30.6,6.25,-0.41,13245.7,49.9,0.5,221442.0,75.0,2.34,0,0,0,0.0,0.006,0.002
11.07,24.53,55.69,134.44,10.9,41.76,58.47,67.04,6.73,-0.073,14381.3,109.5,2.45,169731.0,60.64,1.32,0,0,1,0.02,0.412,0.681
0.48,0.76,3.04,15.34,1.5,1.61,27.63,34.25,5.13,-0.45,10760.3,108.8,2.09,149741.0,75.0,1.95,0,0,0,0.0,0.001,0.0
68.16,152.08,292.82,476.53,102.93,186.73,85.46,99.5,10.38,0.856,30064.8,88.5,3.95,148320.0,0.92,1.91,1,1,1,1.0,1.0,1.0
9.52,24.24,57.8,127.25,24.55,62.13,57.07,67.1,6.07,-0.05,10989.3,170.3,3.49,81181.0,60.54,0.29,0,0,1,0.004,0.278,0.594
0.26,6.33,8.46,8.6,2.21,5.45,30.45,37.17,5.82,-0.328,9564.1,155.0,4.82,83569.0,75.0,0.45,0,0,0,0.0,0.002,0.0
0.16,8.2,11.5,19.1,1.02,1.84,35.39,37.92,5.69,-0.411,10324.7,136.1,8.54,129665.0,75.0,1.38,0,0,0,0.0,0.002,0.001
17.39,37.32,69.35,130.91,26.81,60.88,55.25,65.89,6.62,0.047,12660.2,138.6,7.33,124150.0,62.76,0.45,0,1,1,0.022,0.649,0.778
6.49,26.34,58.29,136.61,24.67,49.99,59.11,70.15,7.28,-0.178,16717.2,101.9,5.22,179732.0,54.91,1.47,0,1,1,0.012,0.88,0.909
23.38,77.68,168.44,262.62,52.73,138.14,83.36,99.5,7.25,0.428,16748.4,168.5,4.38,91360.0,0.92,0.42,1,1,1,0.986,0.999,1.0
0.21,3.26,3.55,3.64,0.07,3.56,28.27,28.9,6.43,-0.45,10101.2,135.7,6.08,133494.0,75.0,0.83,0,0,0,0.0,0.003,0.0
17.65,38.77,61.4,94.98,22.33,37.43,59.04,65.37,6.1,0.027,11529.8,140.7,4.33,101121.0,63.73,0.97,0,0,0,0.006,0.234,0.105
1.89,2.58,4.01,9.07,2.88,3.97,30.45,32.46,5.45,-0.406,6903.1,159.9,5.03,100126.0,75.0,0.64,0,0,0,0.0,0.001,0.0
8.7,25.89,54.79,132.56,15.27,33.02,66.43,75.59,7.11,0.006,17071.3,74.7,3.17,219838.0,44.91,1.94,0,1,1,0.088,0.756,0.9
66.64,147.71,294.94,461.14,104.05,210.24,82.36,99.5,8.73,0.817,25899.5,152.0,3.69,87240.0,0.92,0.74,1,1,1,1.0,1.0,1.0
15.07,39.2,82.42,138.66,29.67,64.34,65.39,78.25,7.99,0.121,16923.3,63.3,3.92,231024.0,40.01,2.09,0,1,1,0.409,0.989,0.984
0.17,5.65,8.18,10.16,3.13,6.56,26.68,33.65,6.48,-0.384,11670.4,85.1,2.73,169670.0,75.0,1.68,0,0,0,0.0,0.005,0.0
80.28,199.92,338.73,514.62,96.69,222.56,87.15,99.5,10.21,0.848,31564.2,83.7,3.86,166824.0,0.92,1.48,1,1,1,1.0,1.0,1.0
0.09,0.59,1.24,11.94,0.18,0.99,29.83,28.23,5.32,-0.386,6596.3,176.9,9.5,72180.0,75.0,0.35,0,0,0,0.0,0.0,0.0
33.63,73.96,138.85,291.4,54.4,111.28,86.27,99.5,7.27,0.472,16525.6,159.2,8.53,99701.0,0.92,0.38,1,1,1,0.997,0.999,1.0
16.41,28.66,61.33,109.76,25.04,51.19,63.05,69.25,7.04,0.085,13554.7,136.7,1.32,129673.0,56.59,0.68,0,1,1,0.068,0.696,0.523
0.34,2.68,8.15,17.38,2.52,4.44,37.44,42.71,5.33,-0.334,5332.8,140.4,6.04,97066.0,75.0,0.76,0,0,0,0.0,0.001,0.0
1.9,4.1,4.98,31.55,3.63,15.25,34.19,39.3,5.73,-0.422,8981.2,116.5,5.86,146717.0,75.0,1.17,0,0,0,0.0,0.003,0.001
1.01,3.83,11.79,12.44,4.87,5.97,29.16,36.01,5.83,-0.171,6831.9,172.3,8.8,62923.0,75.0,0.42,0,0,0,0.0,0.003,0.0
21.43,65.93,151.11,234.94,30.03,105.19,86.11,99.5,7.73,0.37,22316.7,107.0,1.6,129317.0,0.92,1.62,1,1,1,0.989,0.999,1.0
31.33,100.11,165.56,268.02,32.71,102.33,86.86,99.5,8.41,0.333,21294.8,90.2,2.09,157859.0,0.92,1.43,1,1,1,0.998,0.999,1.0
9.76,23.53,52.26,124.75,12.1,42.81,58.68,65.93,7.55,-0.044,15126.1,58.6,3.1,198368.0,62.69,2.09,0,1,1,0.034,0.661,0.732
0.26,0.86,2.05,9.43,1.36,8.55,37.54,43.86,5.23,-0.347,9268.5,149.0,3.17,109024.0,75.0,0.78,0,0,0,0.0,0.001,0.0
42.3,100.77,167.65,313.13,57.75,141.64,85.07,99.5,8.42,0.556,19140.1,141.5,4.19,127490.0,0.92,0.67,1,1,1,1.0,1.0,1.0
5.21,26.03,66.61,126.86,25.02,63.31,64.47,76.03,6.89,-0.129,14803.2,90.7,5.75,149024.0,44.11,1.6,0,1,1,0.027,0.775,0.926
11.59,33.42,72.19,147.99,28.43,59.32,63.96,76.9,7.76,0.076,18902.9,38.7,1.32,238896.0,42.5,2.62,0,1,1,0.278,0.948,0.986
5.41,13.73,56.9,103.77,17.55,46.65,60.14,68.16,6.02,-0.131,11455.3,156.7,3.43,74364.0,58.59,0.69,0,0,0,0.003,0.175,0.332
8.46,26.49,65.03,107.9,24.86,60.02,46.3,60.04,8.41,0.02,19475.3,36.7,0.7,245450.0,73.52,2.42,0,1,1,0.075,0.956,0.936
11.83,25.37,66.55,116.69,17.49,51.73,57.15,72.16,6.1,0.028,11707.4,137.0,5.62,106215.0,51.23,0.7,0,0,0,0.015,0.297,0.426
16.96,33.6,70.28,123.13,14.38,33.09,61.4,73.85,6.02,0.159,8258.1,175.7,1.93,53405.0,48.12,0.95,0,0,0,0.028,0.284,0.133
6.77,15.13,46.72,83.28,27.31,71.8,44.26,55.82,6.33,-0.08,12866.5,98.5,3.01,173842.0,75.0,1.27,0,0,0,0.001,0.19,0.426
32.4,85.38,156.27,287.31,51.28,110.17,87.29,99.5,9.07,0.506,22300.9,69.1,2.83,188311.0,0.92,1.38,1,1,1,1.0,1.0,1.0
0.5,3.09,6.33,21.54,5.67,10.97,28.12,34.39,5.42,-0.379,8511.0,137.2,8.01,110613.0,75.0,1.17,0,0,0,0.0,0.001,0.0
8.96,29.86,58.36,127.25,27.73,50.23,59.35,67.24,5.54,0.054,9743.9,153.5,7.22,62520.0,60.28,0.64,0,0,0,0.002,0.106,0.271
0.33,1.74,1.96,15.84,2.77,4.25,39.99,43.21,5.64,-0.37,10764.3,114.2,2.53,157119.0,75.0,1.15,0,0,0,0.0,0.004,0.001
31.63,90.25,144.66,281.57,48.43,122.77,84.73,99.5,6.71,0.522,15249.4,175.2,9.5,82049.0,0.92,0.2,1,1,1,0.99,0.997,1.0
1.54,4.36,4.76,23.07,1.88,6.28,34.27,39.36,6.32,-0.373,13874.9,42.5,1.26,229092.0,75.0,2.83,0,0,0,0.0,0.01,0.006
0.36,0.99,7.99,13.93,1.71,4.52,40.95,44.57,6.43,-0.301,9445.5,108.2,1.38,127252.0,75.0,1.43,0,0,0,0.0,0.011,0.0
34.63,72.41,140.56,225.88,46.81,136.42,81.31,92.72,7.57,0.339,16530.4,139.2,4.44,131130.0,13.4,1.05,1,1,1,0.979,0.999,1.0
0.59,4.4,5.76,29.04,1.09,2.62,29.73,41.07,5.32,-0.439,6275.9,160.1,9.5,77907.0,75.0,0.63,0,0,0,0.0,0.0,0.0
14.07,30.78,55.9,88.81,13.33,51.5,50.47,60.59,7.5,-0.044,16437.2,61.0,2.32,200009.0,72.52,2.08,0,1,1,0.019,0.627,0.627
81.83,161.96,323.21,467.99,74.54,190.45,85.86,99.5,9.68,1.05,31076.4,151.0,5.32,133480.0,0.92,1.13,1,1,1,1.0,1.0,1.0
14.57,23.32,61.75,101.89,25.19,58.95,59.9,69.84,7.02,0.028,12170.8,115.1,7.42,131274.0,55.5,1.15,0,1,1,0.097,0.811,0.505
0.5,3.71,4.79,7.77,0.13,1.88,26.09,33.61,6.72,-0.263,12317.0,92.5,0.85,180133.0,75.0,1.11,0,0,0,0.0,0.013,0.001
0.12,1.48,1.52,3.54,5.39,10.94,23.23,32.35,5.29,-0.381,12792.2,54.1,0.64,223513.0,75.0,2.36,0,0,0,0.0,0.003,0.001
25.9,89.64,179.74,273.9,42.99,133.24,86.1,99.5,8.44,0.391,17982.1,160.5,0.95,93291.0,0.92,0.73,1,1,1,0.997,1.0,1.0
14.6,35.53,67.45,130.72,20.17,57.4,62.08,75.51,7.22,0.211,19703.2,57.8,2.41,214864.0,45.05,2.08,0,1,1,0.142,0.975,0.982
38.32,74.56,162.47,292.85,32.36,94.93,84.24,99.5,8.27,0.634,21917.0,79.9,3.04,189743.0,0.92,1.87,1,1,1,1.0,1.0,1.0
42.47,115.61,212.54,304.66,43.12,93.16,84.94,99.5,9.34,0.462,23987.1,77.1,4.84,191611.0,0.92,1.66,1,1,1,1.0,1.0,1.0
13.48,34.62,76.13,149.17,11.98,30.75,63.51,75.2,6.7,0.075,11417.5,161.4,6.35,85595.0,45.64,0.57,0,0,0,0.083,0.32,0.362
42.74,111.49,189.12,303.52,49.35,122.16,82.25,99.5,8.36,0.614,21675.2,132.5,3.67,143619.0,0.92,0.94,1,1,1,1.0,1.0,1.0
0.35,1.64,5.51,8.28,13.51,14.67,37.11,43.9,6.41,-0.256,8172.3,150.5,5.27,79688.0,75.0,0.54,0,0,0,0.0,0.02,0.0
12.18,29.6,58.15,100.22,21.31,39.04,46.74,56.58,6.81,-0.041,16136.6,71.3,2.65,209740.0,75.0,2.21,0,0,0,0.005,0.441,0.452
10.03,21.84,40.57,116.84,24.0,44.06,57.49,62.76,6.97,-0.073,12699.3,125.6,0.62,141607.0,68.52,0.65,0,0,0,0.004,0.424,0.359
3.58,4.19,5.26,6.98,2.6,5.56,28.25,32.61,5.7,-0.401,11570.5,117.9,9.5,148992.0,75.0,1.9,0,0,0,0.0,0.003,0.0
0.07,0.14,3.18,15.83,3.46,5.74,38.55,37.81,5.51,-0.376,7632.5,155.8,6.91,109842.0,75.0,0.91,0,0,0,0.0,0.001,0.0
13.79,34.27,67.66,115.27,12.64,47.06,54.11,67.53,6.63,-0.043,11431.3,166.4,6.45,78952.0,59.74,0.1,0,0,0,0.009,0.242,0.255
14.99,26.22,56.07,105.93,14.11,36.47,48.16,57.54,7.01,-0.163,16268.4,36.8,1.69,207850.0,75.0,2.28,0,0,0,0.003,0.31,0.489
8.09,23.21,49.93,107.63,11.86,44.3,54.85,65.43,5.93,-0.016,12098.5,132.7,6.34,119636.0,63.61,0.92,0,0,0,0.005,0.113,0.16
20.55,65.84,145.97,280.92,56.99,98.95,82.63,99.5,8.79,0.397,22601.0,42.5,1.38,214113.0,0.92,2.38,1,1,1,0.999,1.0,1.0
11.99,26.01,61.86,106.05,24.87,57.94,57.21,68.34,6.5,0.147,13333.9,114.6,2.71,131521.0,58.26,0.94,0,1,1,0.012,0.69,0.676
39.74,114.12,218.63,346.1,61.28,109.7,83.38,99.5,8.82,0.496,24769.9,76.7,3.51,169316.0,0.92,1.79,1,1,1,1.0,1.0,1.0
21.08,77.4,185.86,322.64,40.68,117.46,82.13,99.5,9.04,0.386,23392.8,79.5,3.33,177461.0,0.92,1.7,1,1,1,0.999,1.0,1.0
0.05,1.64,2.72,3.33,0.58,5.06,37.22,38.51,6.0,-0.382,10672.6,86.2,1.76,167636.0,75.0,1.42,0,0,0,0.0,0.002,0.001
12.17,20.56,47.86,115.46,29.09,70.32,50.74,59.94,6.27,-0.074,13305.6,125.1,7.57,94232.0,73.71,0.82,0,0,1,0.003,0.469,0.672
5.02,16.74,37.97,88.62,22.92,42.51,47.79,53.49,6.81,-0.238,15078.6,83.4,3.36,190379.0,75.0,1.96,0,0,0,0.001,0.375,0.342
42.89,108.98,184.14,310.86,48.96,120.99,87.05,99.5,8.55,0.579,21683.0,141.2,6.8,143815.0,0.92,0.34,1,1,1,1.0,1.0,1.0
2.36,2.92,7.52,8.88,1.23,4.76,34.77,36.7,5.52,-0.243,11329.8,93.7,5.62,176706.0,75.0,1.68,0,0,0,0.0,0.004,0.001
5.16,15.0,32.74,81.47,22.44,67.32,39.39,49.23,6.57,-0.256,16712.0,44.9,1.59,223063.0,75.0,2.47,0,0,1,0.001,0.171,0.599
0.35,0.72,2.86,4.75,0.05,2.95,33.57,35.77,4.87,-0.349,6911.7,148.6,6.05,100805.0,75.0,0.68,0,0,0,0.0,0.0,0.0
2.54,7.47,7.9,9.81,1.35,2.96,31.88,37.73,5.74,-0.391,10464.8,76.4,3.79,181963.0,75.0,1.8,0,0,0,0.0,0.005,0.001
14.14,30.55,46.16,90.39,28.03,58.38,55.55,59.36,6.25,-0.164,12025.7,97.8,2.15,164049.0,74.77,1.82,0,0,0,0.003,0.346,0.348
1.92,3.21,7.73,9.95,2.67,8.07,27.95,31.34,5.73,-0.415,10574.1,134.4,4.83,118178.0,75.0,0.74,0,0,0,0.0,0.002,0.0
6.17,17.29,46.17,108.05,22.75,57.8,51.61,64.11,6.6,0.066,15314.4,83.2,3.1,167537.0,66.03,1.5,0,1,1,0.007,0.604,0.658
73.58,173.92,335.66,476.84,68.33,188.22,87.72,99.5,10.32,0.816,34000.0,43.2,0.77,253397.0,0.92,2.11,1,1,1,1.0,1.0,1.0
74.82,193.36,368.96,577.06,74.06,189.64,87.47,99.5,10.25,0.817,33339.8,89.2,6.84,150630.0,0.92,1.95,1,1,1,1.0,1.0,1.0
0.01,2.29,2.6,4.48,1.97,2.01,23.95,31.97,5.17,-0.45,6450.1,171.9,1.66,84441.0,75.0,0.8,0,0,0,0.0,0.0,0.0
34.34,94.87,192.17,277.61,30.1,112.28,86.44,99.5,9.44,0.634,23766.5,128.1,1.49,124820.0,0.92,0.62,1,1,1,1.0,1.0,1.0
56.6,179.83,306.48,528.45,65.47,177.69,88.58,99.5,10.19,0.8,29797.2,132.4,7.76,149675.0,0.92,1.28,1,1,1,1.0,1.0,1.0
2.57,4.91,9.59,12.66,5.12,8.54,33.7,38.24,5.7,-0.288,10246.0,126.7,6.06,133096.0,75.0,1.31,0,0,0,0.0,0.003,0.0
6.38,14.64,30.12,62.68,28.23,53.98,40.24,50.2,5.82,-0.093,13668.7,63.9,1.06,197977.0,75.0,2.43,0,0,0,0.0,0.178,0.25
56.93,151.92,298.78,472.17,64.59,153.28,87.1,99.5,9.6,0.788,30065.8,95.7,4.39,161494.0,0.92,1.62,1,1,1,1.0,1.0,1.0
1.1,2.36,11.67,19.15,1.4,10.62,40.72,45.95,6.08,-0.298,9249.0,143.9,8.84,107935.0,75.0,0.8,0,0,0,0.0,0.005,0.001
65.07,165.18,307.87,547.33,79.61,206.68,84.0,99.5,10.37,0.76,34000.0,49.7,1.71,203219.0,0.92,2.51,1,1,1,1.0,1.0,1.0
10.82,27.8,67.62,118.3,14.6,46.71,55.45,66.58,6.54,0.062,15604.4,75.3,6.16,178151.0,61.48,2.01,0,0,1,0.013,0.423,0.723
3.33,6.28,7.76,47.32,0.84,15.15,38.88,43.79,5.97,-0.276,11737.6,75.1,0.5,163146.0,75.0,2.47,0,0,0,0.0,0.005,0.013
7.5,32.49,49.77,115.43,24.81,60.2,48.62,59.88,6.3,-0.183,12758.7,97.6,4.64,148984.0,73.82,1.76,0,0,1,0.002,0.293,0.697
1.8,3.4,3.62,8.94,2.06,5.69,35.14,40.75,5.74,-0.284,6670.7,177.2,9.5,68824.0,75.0,0.39,0,0,0,0.0,0.002,0.0
0.26,0.99,3.66,19.31,3.83,4.15,37.45,40.53,6.16,-0.369,14416.7,44.8,2.29,230757.0,75.0,1.88,0,0,0,0.0,0.01,0.003
17.03,40.8,56.04,111.36,21.74,53.35,52.65,57.47,6.49,0.055,11906.6,110.2,3.45,118056.0,75.0,1.12,0,0,0,0.01,0.213,0.477
13.01,29.56,53.38,88.16,14.17,51.38,49.97,60.33,7.31,-0.128,16307.9,61.0,1.82,204732.0,72.99,1.57,0,0,1,0.012,0.407,0.705
8.13,30.24,57.34,108.07,27.37,48.8,56.96,71.68,5.72,0.041,9495.4,175.7,7.56,77553.0,52.11,0.3,0,0,0,0.005,0.166,0.231
0.25,10.82,13.93,16.47,0.36,7.29,33.4,41.37,6.13,-0.323,14581.4,51.4,2.56,215842.0,75.0,2.41,0,0,0,0.0,0.008,0.002
35.0,74.6,177.81,293.32,64.63,120.12,86.62,99.5,8.42,0.51,22010.3,93.5,4.29,158267.0,0.92,1.53,1,1,1,0.999,1.0,1.0
11.87,22.82,51.01,89.84,16.14,39.24,47.59,58.17,6.17,-0.058,10479.2,142.0,7.63,103426.0,75.0,1.15,0,0,0,0.002,0.249,0.095
27.08,100.87,153.18,272.93,52.02,128.37,87.28,99.5,7.73,0.401,17822.8,137.2,2.29,107296.0,0.92,1.01,1,1,1,0.995,0.999,1.0
38.86,104.3,211.63,352.09,58.83,128.11,82.72,99.5,8.57,0.575,25553.5,96.3,2.98,154894.0,0.92,1.37,1,1,1,1.0,1.0,1.0
1.29,2.91,4.21,8.72,0.89,2.35,30.12,37.08,5.5,-0.339,11562.5,85.2,1.54,180312.0,75.0,1.68,0,0,0,0.0,0.002,0.001
0.91,1.63,4.53,34.29,1.04,1.92,34.47,41.06,6.61,-0.323,13301.2,92.7,2.6,203431.0,75.0,1.69,0,0,0,0.0,0.021,0.003
58.87,181.49,376.24,640.38,74.37,185.4,86.94,99.5,11.22,0.831,34000.0,73.3,3.91,180860.0,0.92,1.87,1,1,1,1.0,1.0,1.0
44.37,92.33,150.6,253.17,63.74,126.61,80.62,99.5,8.82,0.482,22701.4,64.8,2.39,197500.0,0.92,1.99,1,1,1,1.0,1.0,1.0
3.26,3.53,9.35,10.52,0.44,3.79,36.61,42.24,6.11,-0.252,9430.1,105.0,8.61,153176.0,75.0,1.14,0,0,0,0.0,0.008,0.001
30.86,92.53,200.93,285.15,36.71,111.92,85.23,99.5,8.92,0.472,23263.5,73.9,2.85,180965.0,0.92,1.69,1,1,1,0.999,1.0,1.0
2.72,6.72,9.22,25.64,0.47,0.52,32.56,41.22,6.36,-0.272,12242.8,76.7,2.77,204455.0,75.0,2.45,0,0,0,0.0,0.012,0.003
1.01,5.21,7.48,17.59,1.1,3.62,34.28,39.29,5.75,-0.298,8328.7,130.2,4.81,88161.0,75.0,1.38,0,0,0,0.0,0.003,0.0
16.5,32.62,47.85,117.84,22.35,59.27,54.27,64.37,6.32,0.071,9294.9,175.4,4.13,61509.0,65.56,0.1,0,0,0,0.017,0.23,0.407
2.78,3.62,6.42,17.49,0.85,7.4,32.09,41.08,5.95,-0.344,10449.1,122.5,4.16,145242.0,75.0,0.41,0,0,0,0.0,0.002,0.0
72.9,186.91,369.63,545.76,97.28,239.19,84.39,99.5,10.45,0.823,34000.0,46.2,2.55,220194.0,0.92,2.23,1,1,1,1.0,1.0,1.0
41.06,95.6,175.85,263.71,59.82,129.17,81.97,99.5,8.54,0.594,22759.1,46.0,1.7,212536.0,0.92,2.48,1,1,1,1.0,1.0,1.0
12.73,22.79,55.85,87.95,28.46,69.37,47.27,57.49,6.18,0.041,9599.2,173.0,3.58,79064.0,75.0,0.24,0,0,0,0.006,0.112,0.254
0.26,2.51,6.2,25.72,2.83,20.32,34.29,37.75,6.25,-0.383,12983.8,78.1,1.43,199867.0,75.0,2.06,0,0,0,0.0,0.009,0.005
0.52,0.85,4.26,21.59,0.67,1.62,35.24,42.38,5.94,-0.406,13578.8,48.3,1.3,225140.0,75.0,2.2,0,0,0,0.0,0.009,0.002
15.43,36.25,57.35,130.81,12.69,30.97,62.75,71.3,7.15,0.128,12623.5,121.9,4.43,121748.0,52.81,1.08,0,1,0,0.092,0.675,0.433
9.56,32.64,68.5,118.23,13.15,49.55,56.48,66.9,6.89,-0.097,11945.8,125.4,7.08,136328.0,60.9,1.31,0,0,1,0.008,0.388,0.636
1.1,12.09,17.89,19.18,2.61,3.65,37.43,46.87,5.88,-0.257,9706.5,129.0,1.4,119129.0,75.0,0.87,0,0,0,0.0,0.007,0.001
17.5,25.83,47.98,102.93,11.58,36.9,51.72,59.44,7.0,-0.093,13071.3,73.8,2.16,202650.0,74.64,1.73,0,0,0,0.009,0.343,0.271
11.46,27.06,55.88,129.83,20.11,63.34,61.83,71.09,7.63,0.001,17089.7,37.2,1.4,257620.0,53.19,2.54,0,1,1,0.107,0.858,0.983
50.91,137.72,306.81,486.45,77.36,229.45,81.5,99.5,8.6,0.654,23224.0,174.9,0.5,31004.0,0.92,0.36,1,1,1,1.0,1.0,1.0
66.54,156.62,336.53,486.42,88.18,176.16,87.41,99.5,9.34,0.788,31810.1,71.4,1.43,196011.0,0.92,2.42,1,1,1,1.0,1.0,1.0
7.3,16.36,58.41,90.82,20.33,42.08,60.47,66.67,5.5,-0.036,10237.2,133.0,3.03,94335.0,61.33,1.18,0,0,0,0.001,0.121,0.19
9.99,26.38,54.88,122.28,28.24,52.25,64.6,74.16,7.44,0.06,13977.6,137.5,2.84,151673.0,47.55,1.1,0,1,1,0.135,0.864,0.691
0.03,5.64,21.05,27.87,1.22,1.76,33.32,38.98,5.93,-0.399,11593.4,123.5,4.75,124837.0,75.0,1.09,0,0,0,0.0,0.006,0.001
0.77,1.68,22.4,24.86,0.95,4.31,33.96,34.04,5.9,-0.436,12902.0,80.4,2.58,194750.0,75.0,1.99,0,0,0,0.0,0.004,0.001
58.8,157.27,354.88,566.01,105.52,188.96,85.92,99.5,10.13,0.835,34000.0,74.3,1.86,190299.0,0.92,1.71,1,1,1,1.0,1.0,1.0
6.56,30.61,49.48,116.3,18.92,46.12,52.99,61.76,6.4,-0.122,11763.1,121.7,5.2,121959.0,70.37,1.22,0,0,0,0.002,0.17,0.237
1.29,4.54,15.29,18.86,2.4,3.86,37.57,39.2,5.64,-0.32,7101.0,160.6,9.5,73469.0,75.0,0.3,0,0,0,0.0,0.001,0.0
14.33,24.74,53.47,92.65,16.73,53.2,62.32,68.6,5.88,-0.078,9789.3,172.3,9.5,97054.0,57.78,0.72,0,0,0,0.004,0.137,0.246
54.33,165.43,320.06,472.95,79.33,228.87,80.98,99.5,10.43,0.833,34000.0,50.4,0.5,233911.0,0.92,2.24,1,1,1,1.0,1.0,1.0
5.44,6.59,6.82,8.49,3.1,6.84,27.53,33.88,7.32,-0.31,14300.1,57.5,2.61,240214.0,75.0,2.65,0,0,0,0.001,0.034,0.002
0.4,1.64,8.31,14.71,2.82,4.04,35.51,40.05,5.88,-0.45,6223.6,172.0,5.47,74448.0,75.0,1.13,0,0,0,0.0,0.002,0.0
73.99,171.98,331.06,554.88,82.53,199.82,87.64,99.5,8.77,0.805,29163.8,141.8,5.36,114162.0,0.92,1.07,1,1,1,1.0,1.0,1.0
8.45,33.21,75.39,131.76,10.69,30.75,59.75,73.73,6.27,-0.042,14471.4,163.0,4.54,80351.0,48.34,0.56,0,0,0,0.013,0.235,0.246
16.1,39.92,59.76,126.49,22.46,46.56,56.4,63.69,7.93,0.145,17074.7,64.4,2.39,198436.0,66.81,1.67,0,1,1,0.17,0.954,0.818
0.69,3.51,3.94,6.46,0.07,8.2,34.52,41.81,5.88,-0.126,8455.0,120.2,4.53,120132.0,75.0,1.43,0,0,0,0.0,0.002,0.001
34.35,90.28,182.66,341.73,36.03,83.35,86.37,99.5,7.92,0.532,17421.5,136.7,3.36,117262.0,0.92,0.98,1,1,1,0.999,0.999,1.0
27.37,98.53,173.22,316.69,37.1,104.25,83.16,99.5,8.09,0.507,17245.8,133.6,2.52,107822.0,0.92,1.12,1,1,1,0.998,1.0,1.0
6.66,21.68,44.54,102.02,25.61,68.76,51.11,66.99,6.69,0.041,14101.0,94.2,2.54,173610.0,60.73,2.04,0,1,1,0.014,0.671,0.849
0.4,3.8,12.47,14.07,1.76,5.08,24.31,33.81,6.03,-0.45,14562.4,37.2,1.46,237871.0,75.0,2.09,0,0,0,0.0,0.008,0.002
8.54,16.92,39.62,98.86,13.93,37.55,43.08,53.99,6.38,-0.154,10767.8,119.5,5.47,140886.0,75.0,0.89,0,0,0,0.001,0.048,0.039
1.48,2.75,3.02,9.13,16.75,17.8,31.12,38.35,6.14,-0.356,13261.9,71.7,3.61,219087.0,75.0,1.78,0,0,0,0.0,0.012,0.003
0.37,0.84,2.1,12.36,6.68,9.96,33.61,39.57,6.01,-0.239,9667.3,100.3,2.62,159090.0,75.0,1.69,0,0,0,0.0,0.006,0.001
10.33,24.95,40.68,70.81,25.94,55.65,44.98,54.44,5.57,0.041,8735.5,173.8,6.97,82732.0,75.0,0.55,0,0,0,0.001,0.066,0.109
0.04,0.88,2.65,21.0,1.14,6.59,37.39,44.13,6.42,-0.138,12266.6,92.9,4.86,199340.0,75.0,1.28,0,0,0,0.0,0.011,0.002
70.35,142.34,339.52,504.92,73.78,218.52,83.33,99.5,9.77,0.889,29051.5,156.8,8.78,111474.0,0.92,0.86,1,1,1,1.0,1.0,1.0
0.25,1.53,9.54,21.71,0.72,4.33,38.74,45.59,5.64,-0.27,12340.5,62.3,2.12,222491.0,75.0,1.62,0,0,0,0.0,0.004,0.003
15.56,30.43,62.58,141.98,29.29,59.56,66.85,75.91,7.09,0.069,10874.1,132.5,4.11,116392.0,44.33,0.73,0,1,1,0.077,0.802,0.753
0.12,3.14,4.39,17.67,0.87,5.31,39.66,46.7,4.7,-0.288,6133.3,176.7,6.79,71445.0,75.0,0.31,0,0,0,0.0,0.001,0.0
9.78,33.78,52.88,86.3,25.62,52.66,46.26,52.83,7.07,-0.06,13893.7,49.8,0.71,200496.0,75.0,1.99,0,0,0,0.004,0.422,0.405
0.75,7.54,11.11,24.06,0.04,3.93,35.38,39.52,7.05,-0.27,17738.5,36.2,1.14,244036.0,75.0,2.62,0,0,0,0.0,0.103,0.01
10.05,25.87,65.11,121.3,29.74,68.64,55.01,65.18,7.35,0.004,16130.7,97.9,4.74,166673.0,64.06,1.56,0,1,1,0.016,0.859,0.933
38.21,96.76,171.51,255.74,30.65,73.22,80.1,99.5,8.9,0.46,25382.6,48.4,2.25,222234.0,0.92,2.71,1,1,1,0.999,1.0,1.0
83.35,172.75,345.8,569.01,88.58,214.92,85.21,99.5,9.67,1.134,30163.7,143.5,4.32,123189.0,0.92,0.75,1,1,1,1.0,1.0,1.0
8.93,32.0,74.58,136.8,27.28,44.08,59.34,71.79,6.24,0.042,9664.7,167.6,6.52,60752.0,51.9,0.44,0,0,0,0.015,0.451,0.286
0.13,2.17,9.67,14.22,1.59,1.62,37.54,41.63,5.33,-0.319,10656.0,97.9,1.97,187003.0,75.0,1.84,0,0,0,0.0,0.002,0.001
5.18,8.82,10.61,59.52,0.19,2.38,49.75,54.52,7.04,-0.105,15533.1,72.5,3.46,206511.0,75.0,1.81,0,0,0,0.001,0.275,0.027
21.47,69.87,133.03,238.36,63.16,126.65,83.93,99.5,8.27,0.31,20789.0,98.0,3.29,161354.0,0.92,1.92,1,1,1,0.995,1.0,1.0
0.47,3.03,7.63,57.08,1.58,6.47,43.46,50.65,4.98,-0.315,9431.0,139.9,4.2,109889.0,75.0,1.04,0,0,0,0.0,0.003,0.002
9.97,20.88,48.77,99.71,18.41,54.27,47.76,54.22,7.84,-0.161,17394.4,36.3,1.03,243634.0,75.0,1.65,0,1,1,0.007,0.571,0.854
61.24,188.49,386.93,600.21,87.92,200.53,82.54,99.5,10.5,0.677,34000.0,120.5,4.08,158248.0,0.92,1.5,1,1,1,1.0,1.0,1.0
28.89,103.3,155.74,268.55,35.3,115.24,84.6,99.5,8.41,0.444,19928.2,123.9,3.34,132811.0,0.92,1.37,1,1,1,0.998,1.0,1.0
24.86,95.25,167.72,321.09,64.53,146.94,80.71,99.5,8.29,0.232,21848.3,127.5,5.97,129203.0,0.92,1.34,1,1,1,0.997,1.0,1.0
35.58,76.58,182.56,324.71,40.08,105.85,87.19,99.5,9.14,0.463,24791.8,70.1,1.95,196160.0,0.92,1.3,1,1,1,1.0,1.0,1.0
5.88,25.08,43.84,106.42,23.43,48.17,59.28,64.79,6.62,-0.242,11070.1,138.5,8.82,140485.0,64.79,0.69,0,0,0,0.003,0.188,0.49
43.72,109.88,189.68,343.16,59.95,138.03,84.82,99.5,8.39,0.562,24515.8,48.3,2.96,216565.0,0.92,2.01,1,1,1,1.0,1.0,1.0
6.99,23.44,64.37,124.82,20.91,64.57,48.64,59.43,7.39,-0.135,17213.7,63.9,1.21,202884.0,74.65,1.71,0,1,1,0.004,0.733,0.904
45.66,116.38,306.74,452.13,76.63,230.55,85.23,99.5,8.9,0.696,26907.6,162.2,5.88,107272.0,0.92,1.08,1,1,1,1.0,1.0,1.0
1.41,4.02,8.3,12.89,1.51,4.99,32.3,41.75,4.96,-0.298,8185.6,142.1,3.31,111667.0,75.0,0.84,0,0,0,0.0,0.001,0.0
8.97,30.5,55.15,88.72,14.03,41.28,45.45,54.75,7.16,-0.199,20188.2,37.0,1.08,252664.0,75.0,2.33,0,0,1,0.003,0.426,0.715
2.86,4.21,4.58,7.21,1.57,2.26,31.75,38.58,6.74,-0.364,11373.0,71.0,5.05,181113.0,75.0,2.02,0,0,0,0.0,0.018,0.001
0.08,3.22,9.35,32.17,3.71,5.38,36.41,44.37,6.25,-0.198,10939.2,66.1,1.95,197614.0,75.0,2.1,0,0,0,0.0,0.007,0.003
14.55,32.47,48.17,98.25,11.06,28.56,52.6,61.24,7.53,-0.115,19540.7,74.3,3.08,213146.0,71.32,0.81,0,1,0,0.01,0.759,0.365
5.73,30.06,70.39,122.35,14.96,32.13,58.33,67.34,8.02,0.106,17503.6,70.9,3.17,184780.0,60.09,1.66,0,1,1,0.237,0.886,0.598
10.61,28.81,67.72,100.3,18.36,62.66,54.89,64.53,6.97,-0.006,17818.8,44.1,0.75,224851.0,65.26,1.82,0,1,1,0.01,0.728,0.924
6.57,21.37,44.63,81.33,26.78,62.69,54.31,61.24,6.21,-0.211,13451.7,101.5,1.99,161995.0,71.31,1.54,0,0,0,0.0,0.246,0.474
10.35,24.62,64.46,99.0,12.94,55.13,58.25,67.38,5.71,-0.101,9102.3,141.2,1.88,95667.0,60.01,0.77,0,0,0,0.001,0.097,0.238
2.04,5.77,9.68,13.83,5.46,7.83,32.08,39.19,6.31,-0.27,9048.0,123.0,2.34,126222.0,75.0,1.12,0,0,0,0.0,0.012,0.0
8.65,22.86,38.37,81.13,13.76,32.83,48.89,57.84,6.44,-0.056,10322.7,132.6,0.5,122610.0,75.0,0.35,0,0,0,0.002,0.093,0.03
20.8,64.88,121.09,204.7,34.81,85.94,78.88,93.04,8.07,0.334,21468.5,46.8,2.1,224580.0,12.81,2.11,1,1,1,0.981,0.999,1.0
0.65,2.84,4.39,6.22,5.64,8.17,27.08,32.98,5.24,-0.393,9515.5,173.0,9.5,91646.0,75.0,0.74,0,0,0,0.0,0.0,0.0
14.64,34.45,58.0,115.99,22.04,47.6,57.82,66.53,6.71,0.009,12675.1,156.6,5.9,115224.0,61.58,1.06,0,0,0,0.025,0.474,0.445
13.72,35.16,61.09,91.83,16.99,35.49,45.02,59.23,6.12,-0.115,13377.1,151.7,1.44,85073.0,75.0,0.92,0,0,0,0.002,0.127,0.161
23.89,73.53,135.99,290.78,52.85,121.36,84.66,99.5,7.42,0.416,14665.6,154.3,3.62,96470.0,0.92,0.27,1,1,1,0.984,0.997,1.0
5.13,14.89,53.54,103.03,10.91,50.68,46.51,53.8,5.37,-0.054,8634.6,170.2,4.55,85822.0,75.0,0.82,0,0,0,0.0,0.01,0.07
0.43,1.65,16.31,16.5,2.56,12.96,34.61,38.96,6.17,-0.357,13299.3,113.9,1.9,166045.0,75.0,1.46,0,0,0,0.0,0.014,0.002
21.6,91.24,166.21,316.45,40.79,134.84,87.35,99.5,9.2,0.383,23912.1,64.0,3.23,213928.0,0.92,1.92,1,1,1,0.999,1.0,1.0
36.18,96.26,194.61,309.54,39.05,93.51,84.22,99.5,9.37,0.59,22512.7,124.4,6.17,135043.0,0.92,0.49,1,1,1,1.0,1.0,1.0
28.27,87.96,188.26,308.23,44.12,127.78,86.65,99.5,7.78,0.387,20745.8,142.7,2.03,118737.0,0.92,1.12,1,1,1,0.993,0.999,1.0
8.77,28.48,46.65,82.32,22.88,40.36,46.65,53.09,6.47,-0.12,11853.1,142.0,6.82,119709.0,75.0,0.67,0,0,0,0.001,0.114,0.029
23.88,83.85,160.14,285.05,64.19,138.95,85.24,99.5,8.63,0.449,20457.9,110.6,6.91,133352.0,0.92,1.4,1,1,1,0.998,1.0,1.0
12.68,27.14,61.07,91.72,21.15,38.21,45.42,57.52,7.14,-0.136,17958.6,44.9,3.11,228980.0,75.0,2.25,0,1,1,0.008,0.665,0.662
25.5,83.03,173.11,283.89,44.66,112.06,87.3,99.5,8.46,0.297,22681.0,88.8,7.69,195314.0,0.92,2.06,1,1,1,0.998,1.0,1.0
38.98,74.68,151.51,232.65,41.17,109.76,84.82,99.5,7.92,0.517,19129.0,168.5,3.16,74676.0,0.92,0.43,1,1,1,0.999,0.999,1.0
22.0,76.41,181.88,316.71,57.38,129.3,83.94,99.5,7.76,0.434,21387.0,119.7,9.5,138248.0,0.92,1.16,1,1,1,0.995,1.0,1.0
16.65,27.15,55.64,115.49,27.47,51.71,56.64,70.03,7.01,-0.051,12943.1,113.1,3.24,140692.0,55.14,1.73,0,1,0,0.046,0.664,0.406
20.03,94.0,145.56,237.75,44.77,112.07,78.46,99.5,7.89,0.365,19350.9,74.0,1.8,156512.0,0.92,1.62,1,1,1,0.994,0.999,1.0
2.16,3.64,6.81,9.49,1.68,3.18,40.59,42.16,5.39,-0.325,11981.3,88.4,3.62,174199.0,75.0,1.85,0,0,0,0.0,0.002,0.001
0.12,7.44,7.78,21.38,4.78,5.47,31.34,35.97,5.37,-0.4,7262.6,164.8,4.04,86737.0,75.0,0.46,0,0,0,0.0,0.001,0.0
8.08,23.34,47.17,115.12,16.76,61.34,52.9,65.49,6.15,-0.033,8967.5,131.6,5.55,114348.0,63.49,0.69,0,0,1,0.003,0.137,0.571
16.16,39.39,56.3,95.11,13.39,48.55,51.45,64.24,6.53,-0.122,10259.0,149.2,1.68,83675.0,65.8,0.74,0,0,0,0.006,0.142,0.17
0.01,4.12,7.29,17.31,1.54,4.22,24.03,29.09,6.1,-0.346,8974.8,100.9,3.1,145735.0,75.0,1.64,0,0,0,0.0,0.002,0.0
7.57,20.39,50.02,113.91,15.44,54.62,55.17,62.53,6.61,-0.158,13096.0,126.4,7.35,139800.0,68.94,1.47,0,0,1,0.003,0.209,0.69
2.0,2.8,6.08,11.23,0.42,6.16,31.91,35.68,6.1,-0.337,13829.8,71.0,2.41,224369.0,75.0,2.3,0,0,0,0.0,0.006,0.004
17.89,35.51,77.92,140.03,21.31,50.72,65.13,74.62,6.73,0.174,13614.6,137.3,5.16,135986.0,46.7,0.82,0,1,1,0.166,0.575,0.844
25.89,64.26,140.8,265.71,47.83,126.09,82.36,99.5,8.17,0.522,19975.0,97.0,4.22,143432.0,0.92,1.19,1,1,1,0.998,1.0,1.0
24.8,73.97,148.9,243.83,61.73,139.21,84.13,99.5,8.1,0.391,20705.5,99.2,5.56,173816.0,0.92,1.36,1,1,1,0.996,1.0,1.0
6.19,26.31,57.75,113.94,29.8,63.34,55.88,65.36,6.25,-0.194,11671.1,129.2,0.67,115070.0,63.73,0.67,0,0,1,0.002,0.314,0.596
80.87,205.68,324.81,465.98,81.76,223.31,84.43,99.5,9.02,0.827,26774.6,170.8,7.77,66353.0,0.92,0.37,1,1,1,1.0,1.0,1.0
15.71,37.1,65.52,133.02,24.38,48.79,69.14,79.73,7.08,0.24,17061.0,44.3,1.34,219933.0,37.29,2.14,0,1,1,0.392,0.973,0.977
24.22,84.07,174.7,300.14,37.46,92.68,88.51,99.5,8.97,0.343,19867.7,154.6,5.87,105086.0,0.92,0.88,1,1,1,0.999,1.0,1.0
14.21,38.57,81.92,137.9,27.73,43.61,63.92,74.59,7.92,0.05,16793.5,77.4,4.19,201514.0,46.76,1.1,0,1,1,0.227,0.981,0.858
79.45,178.02,358.35,499.13,103.43,231.03,83.11,99.5,9.62,0.85,33810.7,99.4,1.34,159288.0,0.92,1.23,1,1,1,1.0,1.0,1.0
26.01,74.91,136.95,250.9,41.55,110.95,80.94,99.5,8.74,0.375,22168.6,38.2,0.64,232971.0,0.92,2.11,1,1,1,0.999,1.0,1.0
15.59,40.29,62.83,98.16,17.91,37.22,55.55,64.83,6.94,0.152,15299.7,78.7,0.5,192582.0,64.71,2.1,0,1,0,0.027,0.559,0.409
15.85,32.36,65.96,103.49,24.99,69.2,52.51,63.71,7.0,0.009,15277.6,107.9,2.71,159062.0,66.77,1.0,0,1,1,0.031,0.724,0.777
11.27,35.63,51.67,83.46,29.2,65.21,47.96,55.16,6.42,-0.176,16710.6,43.1,2.54,245869.0,75.0,2.32,0,1,1,0.002,0.532,0.812
7.45,21.64,51.87,117.0,26.84,44.32,53.68,62.09,5.86,-0.008,13216.5,106.2,3.49,133284.0,69.76,1.32,0,0,0,0.001,0.173,0.415
13.54,29.64,62.57,117.99,19.01,40.18,53.12,57.9,6.17,-0.265,11031.1,169.4,1.84,76983.0,75.0,0.76,0,0,0,0.0,0.048,0.151
0.77,1.29,1.48,7.09,0.05,2.94,32.27,37.33,6.15,-0.365,14191.9,50.3,1.32,203641.0,75.0,2.33,0,0,0,0.0,0.01,0.001
5.94,21.38,65.78,96.28,17.34,52.53,56.08,64.64,5.95,-0.114,10028.9,145.8,1.2,104223.0,65.06,0.82,0,0,0,0.001,0.096,0.139
7.07,24.6,47.34,88.48,27.9,49.0,45.82,55.83,6.66,-0.169,14922.0,94.4,1.39,163325.0,75.0,1.36,0,0,0,0.002,0.486,0.266
29.41,71.2,138.23,241.68,41.44,116.7,80.99,99.5,8.14,0.325,17375.9,130.0,5.46,123299.0,0.92,0.46,1,1,1,0.998,0.999,1.0
38.56,93.99,180.62,325.68,64.98,130.09,87.26,99.5,8.8,0.52,21028.9,72.7,1.01,180723.0,0.92,1.91,1,1,1,1.0,1.0,1.0
3.31,4.99,11.09,21.3,4.31,6.39,39.58,43.02,5.64,-0.324,11700.2,58.1,3.2,187939.0,75.0,2.2,0,0,0,0.0,0.006,0.002
1.43,3.0,10.78,72.93,0.56,2.81,41.62,49.94,5.94,-0.329,12652.5,58.3,1.96,178663.0,75.0,1.57,0,0,0,0.0,0.012,0.01
0.1,0.48,11.07,20.48,1.01,4.9,32.4,43.8,6.46,-0.35,14058.9,45.2,1.65,223767.0,75.0,1.86,0,0,0,0.0,0.024,0.003
0.99,1.84,2.87,13.57,0.42,0.94,34.77,36.9,6.77,-0.45,14101.1,61.9,1.86,199232.0,75.0,2.06,0,0,0,0.0,0.008,0.001
0.46,5.4,5.55,27.05,1.94,2.08,34.75,37.39,5.32,-0.193,8194.8,131.3,6.42,112287.0,75.0,1.1,0,0,0,0.0,0.001,0.0
35.05,87.09,187.56,340.14,40.03,123.16,84.28,99.5,8.35,0.222,20024.3,162.8,8.0,104424.0,0.92,0.25,1,1,1,0.998,0.999,1.0
57.39,145.13,272.47,507.46,73.08,190.27,87.25,99.5,8.4,0.708,24382.9,153.0,6.28,83451.0,0.92,0.51,1,1,1,1.0,1.0,1.0
15.56,37.02,77.68,115.74,21.74,64.18,65.96,77.72,6.02,0.107,13358.8,134.3,6.07,140039.0,41.0,0.4,0,1,1,0.111,0.604,0.801
5.55,27.05,49.44,112.92,24.35,67.12,50.65,58.96,8.12,-0.182,17525.8,51.0,1.59,243143.0,75.0,2.56,0,1,1,0.018,0.907,0.955
32.72,101.65,154.37,268.01,45.38,114.99,80.51,99.5,8.43,0.454,20163.7,76.9,3.44,158418.0,0.92,1.38,1,1,1,0.999,1.0,1.0
64.25,192.33,309.4,486.5,108.43,224.06,87.63,99.5,9.66,0.839,31871.8,79.9,2.31,185479.0,0.92,1.89,1,1,1,1.0,1.0,1.0
67.85,142.71,278.27,423.82,66.88,197.54,80.19,99.5,8.93,0.724,29956.1,71.2,2.5,188512.0,0.92,1.84,1,1,1,1.0,1.0,1.0
1.73,6.83,7.99,12.85,1.69,1.99,37.93,39.56,6.05,-0.45,8408.0,109.7,3.3,104712.0,75.0,1.69,0,0,0,0.0,0.001,0.0
1.97,3.62,17.09,18.59,0.29,1.79,41.18,43.09,5.39,-0.347,9973.4,112.7,3.02,123144.0,75.0,1.02,0,0,0,0.0,0.002,0.0
0.28,3.26,15.0,16.13,0.55,1.51,25.43,37.43,5.9,-0.45,14045.3,86.7,1.96,187526.0,75.0,1.65,0,0,0,0.0,0.005,0.001
11.62,27.3,64.11,130.74,21.46,54.19,66.0,73.07,6.87,-0.028,15641.1,86.3,3.75,206729.0,49.55,1.13,0,1,1,0.053,0.759,0.97
41.06,91.94,142.68,239.72,31.24,92.88,83.98,99.5,7.81,0.513,16416.0,155.1,9.09,107371.0,0.92,0.1,1,1,1,0.998,0.999,1.0
0.53,0.79,6.42,16.08,0.51,5.49,36.84,42.1,6.02,-0.32,10041.5,149.4,8.38,105518.0,75.0,0.92,0,0,0,0.0,0.005,0.0
36.7,79.36,188.34,282.53,57.01,150.27,81.05,99.5,8.97,0.616,25359.0,79.6,0.99,184124.0,0.92,1.2,1,1,1,1.0,1.0,1.0
14.43,33.75,75.85,119.31,15.54,49.78,57.03,68.05,6.27,0.052,13105.6,167.5,9.5,104241.0,58.79,0.41,0,0,1,0.008,0.248,0.58
80.29,187.33,385.26,556.47,101.29,255.48,81.62,99.5,11.31,0.976,34000.0,173.2,5.07,104434.0,0.92,0.7,1,1,1,1.0,1.0,1.0
0.67,8.84,9.75,46.39,4.66,4.9,42.32,52.12,6.08,-0.3,12262.7,82.4,3.77,172344.0,75.0,1.92,0,0,0,0.0,0.031,0.003
0.88,2.77,3.0,3.48,0.01,2.61,29.44,31.04,5.9,-0.45,12272.4,86.4,1.61,146330.0,75.0,1.44,0,0,0,0.0,0.002,0.0
0.75,7.8,9.48,22.36,0.02,3.83,38.29,42.11,5.29,-0.372,10899.9,108.3,4.07,118547.0,75.0,0.85,0,0,0,0.0,0.002,0.001
2.94,4.03,5.54,17.34,0.8,2.6,37.98,42.27,5.95,-0.312,9703.2,171.5,6.97,94073.0,75.0,0.57,0,0,0,0.0,0.002,0.0
26.83,75.62,166.39,320.18,50.41,90.96,83.23,99.5,8.19,0.379,16395.0,162.1,1.34,84815.0,0.92,0.96,1,1,1,0.998,0.999,1.0
0.37,7.97,17.62,19.09,4.78,16.47,36.85,45.38,6.28,-0.276,15349.1,49.9,2.29,222902.0,75.0,1.96,0,0,0,0.0,0.017,0.011
28.11,91.15,174.75,281.72,35.37,95.55,80.45,99.5,7.69,0.477,20923.3,91.9,5.45,142805.0,0.92,1.32,1,1,1,0.995,0.998,1.0
3.15,7.32,8.93,18.45,1.04,3.24,37.96,42.67,5.32,-0.194,8060.5,115.2,3.67,130416.0,75.0,1.07,0,0,0,0.0,0.001,0.0
1.72,3.68,4.48,8.24,1.68,5.81,38.47,39.57,6.73,-0.314,11708.6,108.0,6.42,146023.0,75.0,1.5,0,0,0,0.0,0.013,0.0
32.7,92.51,189.87,313.51,64.2,117.16,88.21,99.5,9.0,0.499,26453.0,63.1,1.99,207385.0,0.92,2.34,1,1,1,1.0,1.0,1.0
81.79,166.65,324.5,528.32,78.64,235.66,84.65,99.5,10.47,1.056,27771.9,159.5,8.02,82587.0,0.92,0.22,1,1,1,1.0,1.0,1.0
8.54,28.01,67.13,106.99,29.46,60.86,55.23,63.52,6.15,-0.011,11506.3,133.2,0.5,104652.0,67.12,0.52,0,0,0,0.003,0.322,0.335
81.58,191.41,359.86,548.24,98.53,180.91,85.19,99.5,9.09,0.933,30214.2,156.5,9.5,80435.0,0.92,1.34,1,1,1,1.0,1.0,1.0
12.23,20.77,44.98,79.79,28.23,62.08,50.35,56.56,5.62,-0.173,8725.5,159.5,9.5,106700.0,75.0,0.54,0,0,0,0.001,0.052,0.135
13.69,36.16,73.15,109.36,22.35,66.7,62.7,68.64,5.69,-0.013,11339.5,143.5,4.29,111458.0,57.7,0.9,0,0,1,0.007,0.166,0.619
25.35,85.14,168.96,280.29,63.41,123.01,83.15,99.5,8.24,0.333,21591.6,98.7,0.5,170760.0,0.92,1.25,1,1,1,0.996,1.0,1.0
0.12,8.33,13.56,18.59,0.66,9.87,32.05,39.27,5.88,-0.345,10139.6,123.5,4.96,118282.0,75.0,1.25,0,0,0,0.0,0.001,0.001
0.38,2.31,3.28,67.38,2.94,5.87,42.35,50.67,5.84,-0.218,10727.4,58.3,0.52,165789.0,75.0,2.33,0,0,0,0.0,0.013,0.008
14.7,38.27,82.17,151.47,26.98,53.92,58.45,68.86,7.12,0.005,12944.4,132.7,5.71,112939.0,57.29,1.07,0,1,1,0.027,0.809,0.714
10.09,31.83,69.62,144.67,12.66,48.38,68.16,78.05,7.03,0.039,15576.6,61.0,2.59,193811.0,40.39,2.52,0,1,1,0.105,0.758,0.974
1.25,5.26,5.36,26.36,0.79,4.86,35.55,42.03,5.46,-0.45,11990.5,135.6,2.45,122488.0,75.0,0.84,0,0,0,0.0,0.002,0.001
1.15,2.6,8.08,47.08,0.78,5.61,37.59,46.74,6.47,-0.328,13779.0,68.3,3.77,247336.0,75.0,1.82,0,0,0,0.0,0.013,0.019
27.86,96.69,172.93,288.87,57.02,124.31,82.47,99.5,8.63,0.675,22685.5,52.0,2.58,227974.0,0.92,2.2,1,1,1,1.0,1.0,1.0
8.47,33.39,67.0,129.25,22.93,64.43,60.35,74.46,7.58,0.112,18343.7,59.0,3.1,250280.0,46.99,2.17,0,1,1,0.163,0.963,0.978
7.39,16.4,43.0,101.24,15.71,51.39,54.25,64.13,6.83,0.032,17904.9,35.3,1.24,246185.0,65.99,2.44,0,1,1,0.008,0.546,0.897
21.85,88.48,181.56,278.68,40.45,124.83,87.16,99.5,8.36,0.403,19760.9,139.2,1.33,103491.0,0.92,0.5,1,1,1,0.997,1.0,1.0
15.05,36.89,61.55,140.03,24.31,41.26,62.4,72.18,7.08,0.143,11503.0,141.2,7.43,115781.0,51.2,0.95,0,1,1,0.066,0.87,0.573
31.94,93.53,153.64,305.79,56.39,100.87,85.98,99.5,7.97,0.438,21389.5,109.7,3.3,175111.0,0.92,1.19,1,1,1,0.995,1.0,1.0
81.53,175.79,326.51,576.15,92.2,207.2,81.86,99.5,9.63,0.896,34000.0,58.4,0.58,237366.0,0.92,1.86,1,1,1,1.0,1.0,1.0
26.49,82.17,166.92,297.39,51.18,125.13,81.64,99.5,8.29,0.53,24120.0,47.1,2.8,214831.0,0.92,2.21,1,1,1,0.998,1.0,1.0
11.18,28.74,52.4,90.31,22.14,38.55,53.38,62.27,7.27,-0.14,17718.9,37.8,2.75,238469.0,69.42,2.04,0,1,1,0.016,0.77,0.625
5.85,18.05,38.88,87.59,17.43,35.93,53.17,58.89,6.09,-0.095,14476.3,59.0,2.02,187721.0,75.0,1.69,0,0,0,0.001,0.128,0.175
8.2,16.28,41.81,111.63,15.32,49.62,51.69,58.32,6.07,0.027,9272.9,164.2,9.5,95361.0,75.0,0.1,0,0,0,0.001,0.069,0.074
6.28,14.49,44.44,97.51,13.83,37.43,41.24,50.5,7.05,-0.122,16660.5,70.0,2.57,219273.0,75.0,2.4,0,0,0,0.001,0.186,0.381
0.04,4.03,5.47,8.44,3.27,3.41,37.77,37.7,6.26,-0.389,12863.5,86.4,2.43,176954.0,75.0,1.8,0,0,0,0.0,0.006,0.001
8.7,21.17,44.05,74.63,28.69,69.62,36.57,49.0,8.01,-0.086,17270.3,50.3,1.19,209659.0,75.0,2.12,0,1,1,0.009,0.874,0.852
0.64,2.12,5.09,12.9,3.02,5.37,33.75,39.62,5.48,-0.329,13399.5,67.2,4.33,204711.0,75.0,1.71,0,0,0,0.0,0.003,0.003
0.25,0.56,10.58,11.17,4.56,8.66,39.8,46.52,5.29,-0.304,10888.1,110.3,2.31,153917.0,75.0,0.43,0,0,0,0.0,0.002,0.001
10.26,21.44,45.76,102.25,23.14,58.88,53.54,63.61,7.32,0.009,14454.8,123.1,5.94,133468.0,66.96,0.89,0,1,1,0.018,0.794,0.589
31.18,81.14,177.24,331.27,62.01,132.35,85.89,99.5,9.09,0.387,23904.5,70.6,1.76,197989.0,0.92,2.08,1,1,1,1.0,1.0,1.0
0.1,0.29,2.35,18.19,1.38,4.83,29.16,34.9,6.55,-0.45,13088.1,43.4,1.16,225347.0,75.0,2.53,0,0,0,0.0,0.01,0.002
2.22,2.33,12.63,17.45,0.1,6.41,28.55,37.99,5.11,-0.363,11622.4,91.7,4.91,184900.0,75.0,1.75,0,0,0,0.0,0.003,0.001
17.14,38.21,77.35,150.91,20.45,55.86,64.74,76.43,6.85,0.073,16783.3,69.0,1.94,208292.0,43.38,1.93,0,1,1,0.189,0.771,0.976
8.72,20.97,54.24,120.97,17.94,44.95,61.26,71.58,7.36,-0.116,14557.2,66.8,1.85,185051.0,52.29,2.31,0,1,1,0.03,0.76,0.799
3.7,5.53,22.68,46.52,2.04,2.07,43.27,48.22,5.71,-0.242,9391.5,174.2,9.5,55825.0,75.0,0.28,0,0,0,0.0,0.008,0.0
0.42,1.77,6.0,12.05,3.52,7.32,35.1,37.13,5.95,-0.413,8406.5,124.4,7.93,126948.0,75.0,1.42,0,0,0,0.0,0.002,0.0
9.51,30.85,54.94,88.08,13.45,28.53,51.63,63.26,6.8,-0.137,15503.9,115.7,5.39,152156.0,67.6,1.1,0,0,0,0.005,0.288,0.171
40.81,100.89,185.13,318.09,52.88,123.98,88.76,99.5,8.6,0.553,22621.0,95.3,2.21,167876.0,0.92,1.25,1,1,1,1.0,1.0,1.0
2.22,3.67,10.21,28.74,0.45,2.56,35.96,43.57,7.01,-0.374,12087.2,97.2,2.51,153716.0,75.0,1.18,0,0,0,0.0,0.027,0.002
2.16,6.6,6.7,9.73,1.1,1.27,31.6,38.67,5.14,-0.247,9038.8,113.4,4.13,147805.0,75.0,0.93,0,0,0,0.0,0.001,0.0
8.39,20.78,42.22,92.05,26.26,48.58,44.07,53.06,6.39,-0.015,10942.8,136.0,5.54,111859.0,75.0,1.13,0,0,0,0.002,0.193,0.183
1.05,3.09,9.9,15.91,0.51,8.28,24.16,34.17,4.65,-0.332,7725.7,136.8,2.36,129034.0,75.0,0.69,0,0,0,0.0,0.0,0.0
2.15,4.58,4.97,5.16,0.4,1.17,25.1,30.77,5.7,-0.44,13295.1,59.9,2.88,213121.0,75.0,1.71,0,0,0,0.0,0.002,0.001
6.77,19.23,44.36,112.09,24.19,42.32,57.14,63.37,6.98,-0.055,13652.9,107.5,3.93,146251.0,67.4,1.55,0,1,0,0.006,0.644,0.387
84.08,199.21,323.92,481.35,64.38,202.92,85.77,99.5,9.7,0.933,33138.5,94.7,0.5,169792.0,0.92,1.62,1,1,1,1.0,1.0,1.0
0.32,0.51,2.7,17.51,0.73,3.03,32.02,37.0,5.74,-0.318,8128.8,161.2,2.95,106254.0,75.0,0.86,0,0,0,0.0,0.001,0.0
7.5,22.8,48.57,100.26,19.31,37.08,50.91,58.86,6.17,-0.06,11307.7,126.6,3.28,119589.0,75.0,1.22,0,0,0,0.001,0.072,0.146
6.21,18.64,37.12,79.76,10.49,36.01,48.58,53.44,5.96,-0.113,12581.8,112.2,3.78,151384.0,75.0,1.04,0,0,0,0.0,0.047,0.154
25.34,96.02,197.51,301.54,46.64,139.21,82.38,99.5,9.04,0.37,25272.1,51.7,3.57,216864.0,0.92,2.16,1,1,1,0.999,1.0,1.0
0.89,5.61,12.61,46.63,0.73,0.89,42.4,47.22,5.56,-0.224,9619.4,122.8,4.83,139024.0,75.0,1.15,0,0,0,0.0,0.008,0.001
6.35,24.06,54.97,99.89,14.97,51.26,56.12,65.82,6.77,-0.032,15780.1,52.0,1.03,207788.0,62.89,1.85,0,1,1,0.009,0.64,0.767
28.51,87.67,180.41,294.85,36.77,124.11,82.62,99.5,8.61,0.452,23445.8,83.9,3.27,180981.0,0.92,1.34,1,1,1,0.999,1.0,1.0
48.74,168.51,353.81,573.75,91.47,200.12,85.73,99.5,9.83,0.64,34000.0,55.7,1.6,229763.0,0.92,1.87,1,1,1,1.0,1.0,1.0
15.94,28.42,60.22,90.31,28.8,72.25,54.27,63.6,5.94,-0.08,13304.0,135.4,5.53,103524.0,66.98,1.55,0,0,1,0.001,0.238,0.572
14.24,29.43,49.79,104.41,25.83,58.99,53.21,64.97,5.97,0.034,14355.2,64.9,2.95,182171.0,64.46,1.82,0,0,1,0.009,0.281,0.837
11.86,34.3,58.69,131.69,18.79,33.86,59.79,73.49,6.95,0.025,12857.3,91.8,5.21,150445.0,48.78,1.93,0,1,1,0.079,0.629,0.687
14.52,37.44,66.97,119.71,26.11,67.65,61.38,73.49,6.42,-0.028,9488.1,164.9,5.7,64593.0,48.78,0.38,0,0,1,0.036,0.333,0.582
17.67,31.54,64.38,135.53,20.64,49.49,65.0,77.97,6.88,0.087,15274.5,64.6,4.17,211379.0,40.53,2.21,0,1,1,0.232,0.767,0.934
34.3,83.57,145.1,230.43,51.35,112.2,83.27,94.37,8.04,0.481,19304.1,108.6,5.58,128554.0,10.35,1.59,1,1,1,0.997,1.0,1.0
42.07,85.99,154.63,312.28,49.47,108.54,84.04,99.5,8.68,0.528,18872.7,95.8,2.13,160578.0,0.92,1.79,1,1,1,1.0,1.0,1.0
16.19,36.83,69.02,143.48,11.88,38.71,57.79,69.08,6.92,0.008,16169.5,37.6,2.81,244121.0,56.89,2.45,0,1,1,0.033,0.576,0.938
40.26,90.7,196.31,288.51,41.78,105.2,87.4,99.5,8.42,0.382,21595.7,149.9,6.13,106310.0,0.92,1.14,1,1,1,0.999,1.0,1.0
72.48,154.2,265.09,541.8,104.94,208.96,87.95,99.5,10.77,0.958,31329.4,45.0,0.9,220203.0,0.92,2.34,1,1,1,1.0,1.0,1.0
64.34,163.67,351.9,575.49,101.32,254.28,82.5,99.5,10.24,0.701,31966.1,103.8,6.72,158343.0,0.92,1.9,1,1,1,1.0,1.0,1.0
34.15,80.57,160.49,308.56,50.43,139.69,81.47,99.5,8.72,0.492,20424.0,116.3,8.42,142049.0,0.92,0.72,1,1,1,0.999,1.0,1.0
16.64,30.99,59.43,123.33,12.22,41.19,60.2,69.31,6.7,0.023,11127.6,126.1,4.34,125290.0,56.47,1.17,0,0,1,0.038,0.245,0.528
6.94,29.36,72.64,109.72,23.35,57.44,62.38,74.0,6.98,0.024,12972.2,134.9,3.5,115016.0,47.84,1.03,0,1,1,0.046,0.691,0.754
1.71,4.69,5.67,9.8,0.36,9.25,34.97,42.74,6.14,-0.29,14413.9,71.7,2.29,227462.0,75.0,1.57,0,0,0,0.0,0.014,0.006
0.89,10.23,12.61,22.27,3.11,8.7,43.15,47.71,6.41,-0.293,16244.3,36.4,1.74,248403.0,75.0,2.52,0,0,0,0.0,0.049,0.02
8.0,20.91,38.84,109.11,25.88,43.31,52.05,62.0,6.83,-0.064,12968.8,139.9,8.11,149331.0,69.92,0.43,0,1,0,0.003,0.563,0.328
0.36,1.85,4.97,13.84,8.16,13.21,30.32,30.03,5.37,-0.428,7459.4,112.7,5.1,137341.0,75.0,1.07,0,0,0,0.0,0.001,0.0
6.47,19.46,44.82,90.58,25.72,51.54,53.44,62.73,6.3,-0.206,10534.1,156.2,5.75,91241.0,68.58,0.1,0,0,0,0.003,0.18,0.105
11.4,28.47,51.58,97.72,25.6,66.6,49.42,57.65,6.53,0.008,12474.5,154.1,9.5,75097.0,75.0,1.14,0,0,0,0.004,0.432,0.354
5.48,23.77,57.77,124.64,23.88,65.2,62.61,67.07,6.04,0.052,10918.7,157.3,4.62,79118.0,60.59,0.56,0,0,1,0.004,0.206,0.668
0.1,1.33,7.42,29.92,0.62,3.7,36.42,41.94,5.33,-0.403,10319.3,105.3,5.64,182122.0,75.0,2.02,0,0,0,0.0,0.002,0.003
0.24,5.0,10.24,13.25,1.96,4.45,31.49,39.12,5.54,-0.45,10845.7,83.4,2.49,172118.0,75.0,1.92,0,0,0,0.0,0.001,0.001
0.36,5.95,6.59,14.15,1.75,7.82,32.63,41.38,5.47,-0.235,8837.1,149.8,6.4,129058.0,75.0,0.87,0,0,0,0.0,0.002,0.0
0.2,2.54,2.57,23.32,0.54,5.0,29.85,36.48,4.96,-0.45,6940.9,100.4,3.31,140824.0,75.0,1.26,0,0,0,0.0,0.0,0.0
69.08,142.08,268.57,446.06,104.34,222.8,85.17,99.5,10.34,0.94,29457.7,61.6,2.09,190279.0,0.92,1.68,1,1,1,1.0,1.0,1.0
2.94,3.06,3.09,38.62,2.57,7.93,38.53,42.65,5.86,-0.205,6705.5,159.0,4.48,84116.0,75.0,0.76,0,0,0,0.0,0.004,0.001
2.97,13.39,13.8,15.87,0.42,6.39,39.2,50.54,5.86,-0.245,7428.7,163.0,9.5,83478.0,75.0,0.52,0,0,0,0.0,0.005,0.0
0.53,2.78,10.51,24.3,0.14,2.2,29.82,35.07,6.34,-0.4,11499.9,102.6,2.24,170708.0,75.0,1.0,0,0,0,0.0,0.005,0.001
5.88,22.02,43.6,73.66,26.26,70.34,51.29,56.58,6.37,-0.233,15774.8,46.0,1.0,231590.0,75.0,1.76,0,0,1,0.0,0.459,0.838
17.53,30.62,70.48,134.42,26.0,66.39,64.15,74.7,7.57,0.12,16273.5,91.2,6.68,164274.0,46.55,1.28,0,1,1,0.243,0.921,0.966
4.71,5.12,11.0,26.89,0.68,2.42,37.72,40.39,5.48,-0.26,8424.2,151.5,7.97,96185.0,75.0,1.25,0,0,0,0.0,0.001,0.0
52.07,176.87,366.01,591.97,85.58,184.21,80.81,99.5,9.56,0.695,29710.8,165.8,0.5,76305.0,0.92,1.17,1,1,1,1.0,1.0,1.0
39.74,75.07,152.84,301.68,51.65,126.58,84.01,99.5,8.52,0.592,22282.5,64.5,1.6,188876.0,0.92,2.01,1,1,1,1.0,1.0,1.0
0.09,0.93,5.41,6.03,0.8,2.33,34.58,40.33,6.18,-0.262,13719.8,44.7,0.5,213027.0,75.0,2.28,0,0,0,0.0,0.019,0.002
11.48,25.64,54.27,111.62,12.57,32.98,54.22,62.16,5.98,-0.054,10083.5,162.2,2.9,100759.0,69.62,0.45,0,0,0,0.001,0.086,0.118
15.82,31.64,57.29,108.99,13.5,35.69,48.26,59.28,6.3,0.195,13181.5,91.5,0.5,142821.0,74.92,1.28,0,0,0,0.006,0.259,0.204
0.87,1.98,4.56,6.51,0.34,2.04,34.45,39.31,5.31,-0.311,10926.9,113.6,3.69,167994.0,75.0,1.66,0,0,0,0.0,0.002,0.001
29.47,99.8,151.81,311.24,63.48,133.3,85.81,99.5,6.94,0.472,15171.4,175.4,2.53,64412.0,0.92,0.93,1,1,1,0.989,0.999,1.0
1.52,8.37,9.52,14.07,0.24,3.14,35.06,41.47,6.21,-0.291,12016.3,44.7,1.61,214830.0,75.0,1.97,0,0,0,0.0,0.018,0.003
7.07,30.9,58.84,134.83,14.1,49.92,60.89,70.25,5.51,0.005,12445.5,129.0,0.74,136289.0,54.74,1.0,0,0,1,0.002,0.099,0.7
13.42,28.21,70.16,121.9,13.97,58.28,62.88,73.04,8.69,0.091,20624.8,45.7,1.67,247384.0,49.6,2.08,1,1,1,0.575,0.99,0.986
10.74,22.28,48.19,108.86,20.24,54.29,58.17,70.38,6.65,0.094,14193.4,89.4,2.46,189433.0,54.51,1.47,0,1,1,0.038,0.533,0.8
36.55,76.48,145.37,285.27,52.76,97.62,84.18,99.5,7.34,0.311,18459.1,151.6,9.4,105664.0,0.92,1.06,1,1,1,0.994,0.999,1.0
0.45,7.15,15.07,28.4,0.15,3.42,30.55,39.62,6.26,-0.368,12285.0,97.9,5.91,178879.0,75.0,1.08,0,0,0,0.0,0.008,0.001
0.01,2.72,7.98,16.23,0.01,3.85,38.27,49.42,5.16,-0.403,5527.6,179.6,8.82,38743.0,75.0,0.45,0,0,0,0.0,0.001,0.0
15.66,33.62,69.89,104.41,24.31,57.73,58.93,68.58,6.2,0.154,12275.8,116.1,3.38,132896.0,57.81,1.43,0,1,1,0.01,0.551,0.662
0.48,3.37,7.52,18.5,0.4,1.63,24.27,34.13,5.8,-0.45,12746.7,81.6,5.77,168450.0,75.0,1.66,0,0,0,0.0,0.002,0.0
5.7,7.12,7.37,34.88,0.38,2.19,37.61,44.96,6.69,-0.315,16127.8,66.9,0.5,218070.0,75.0,2.18,0,0,0,0.0,0.035,0.011
8.61,33.0,59.34,124.78,21.97,38.26,60.26,69.68,7.29,-0.07,14011.5,85.8,0.84,171257.0,55.79,1.69,0,1,1,0.063,0.623,0.61
0.58,1.82,20.17,40.22,3.88,5.2,38.76,45.56,5.44,-0.395,14548.9,89.0,2.98,185860.0,75.0,1.96,0,0,0,0.0,0.018,0.006
9.28,26.04,59.97,126.39,26.42,67.61,63.57,68.36,7.3,-0.045,16299.0,45.0,3.4,234082.0,58.21,1.77,0,1,1,0.016,0.762,0.962
0.03,4.01,7.78,16.89,1.98,9.46,37.06,42.35,6.56,-0.45,10943.3,88.6,2.78,160759.0,75.0,1.5,0,0,0,0.0,0.031,0.001
0.95,1.39,3.68,34.68,3.37,4.16,38.0,45.5,5.31,-0.173,8758.9,102.3,3.24,148418.0,75.0,1.39,0,0,0,0.0,0.004,0.002
14.28,26.64,52.1,105.54,18.82,34.7,53.76,61.46,6.85,0.005,12982.8,139.8,1.26,131651.0,70.91,0.1,0,0,0,0.011,0.447,0.099
1.78,6.47,9.5,11.77,0.57,1.04,27.8,36.56,5.72,-0.422,8603.5,130.2,6.78,112097.0,75.0,0.69,0,0,0,0.0,0.001,0.0
51.78,174.36,327.58,483.12,72.74,228.7,87.08,99.5,10.49,0.709,29670.5,137.8,7.19,116548.0,0.92,0.66,1,1,1,1.0,1.0,1.0
0.85,2.67,5.65,7.07,7.03,7.34,29.78,36.52,6.57,-0.345,15432.5,36.2,1.78,224807.0,75.0,2.64,0,0,0,0.0,0.014,0.003
14.1,23.08,51.39,126.37,25.37,50.41,63.61,71.58,7.61,-0.021,16952.0,66.6,1.58,195417.0,52.3,1.71,0,1,1,0.137,0.919,0.879
33.78,75.39,182.76,319.46,43.1,100.59,85.58,99.5,8.77,0.54,20374.4,130.9,2.92,122175.0,0.92,0.76,1,1,1,0.999,1.0,1.0
0.33,4.19,6.47,11.28,4.71,5.28,33.3,37.34,6.13,-0.386,11377.9,105.2,1.23,142043.0,75.0,1.61,0,0,0,0.0,0.003,0.001
26.6,75.39,140.98,267.81,51.04,94.05,83.19,99.5,8.52,0.502,23935.2,35.8,1.31,222669.0,0.92,1.88,1,1,1,0.999,1.0,1.0
23.61,66.55,120.77,210.76,38.39,97.4,79.19,96.53,7.49,0.318,16956.2,151.7,2.36,102312.0,6.39,0.1,1,1,1,0.963,0.996,1.0
1.88,2.49,6.93,7.65,2.15,7.69,29.43,38.04,5.47,-0.45,7867.9,147.1,2.03,90860.0,75.0,0.66,0,0,0,0.0,0.001,0.0
69.19,151.28,291.01,543.74,81.6,182.02,80.29,99.5,9.9,0.916,28398.6,114.5,3.13,130415.0,0.92,0.8,1,1,1,1.0,1.0,1.0
3.24,5.77,12.33,12.63,0.83,2.98,33.53,40.58,6.37,-0.331,13370.6,44.6,1.17,212350.0,75.0,1.81,0,0,0,0.0,0.02,0.002
1.06,1.59,4.35,18.23,0.85,4.96,31.52,38.81,5.42,-0.351,10911.3,146.1,3.7,103458.0,75.0,0.96,0,0,0,0.0,0.002,0.0
29.74,83.52,141.58,273.68,37.85,123.44,87.1,99.5,8.15,0.465,19708.8,119.6,5.19,150589.0,0.92,1.43,1,1,1,0.996,0.999,1.0
0.97,3.02,12.76,14.96,1.51,3.2,27.06,34.88,5.0,-0.45,9542.9,148.4,5.4,124537.0,75.0,0.99,0,0,0,0.0,0.0,0.0
17.56,39.04,76.76,116.97,14.75,30.62,63.78,68.59,6.93,0.04,13087.7,144.0,4.29,96307.0,57.8,1.15,0,1,0,0.053,0.63,0.298
35.96,85.8,154.52,285.48,59.0,106.32,82.07,99.5,9.0,0.463,19461.2,151.4,5.8,130532.0,0.92,1.08,1,1,1,1.0,1.0,1.0
81.75,153.8,272.36,529.7,84.64,239.78,82.31,99.5,9.91,0.932,29375.6,110.1,1.89,132796.0,0.92,0.66,1,1,1,1.0,1.0,1.0
11.0,34.75,56.93,117.76,29.89,56.17,54.06,67.95,6.55,0.093,17400.2,55.3,2.04,229837.0,58.98,2.22,0,1,1,0.036,0.849,0.934
45.06,118.9,306.22,515.08,86.84,230.79,84.6,99.5,9.68,0.534,28974.6,132.3,4.99,110393.0,0.92,0.82,1,1,1,1.0,1.0,1.0
15.55,31.67,72.41,125.83,23.5,39.5,56.3,67.18,6.66,-0.034,13021.9,125.0,0.99,116974.0,60.39,0.86,0,0,1,0.009,0.445,0.555
0.18,4.94,6.45,11.34,2.18,5.32,30.74,36.48,4.84,-0.266,5952.3,142.6,7.55,97677.0,75.0,1.0,0,0,0,0.0,0.001,0.0
6.07,27.09,60.6,133.37,20.71,48.14,61.94,71.67,6.47,-0.104,16631.5,59.6,1.14,207654.0,52.12,1.5,0,1,1,0.006,0.608,0.907
9.83,17.9,34.1,70.66,28.59,70.01,44.1,48.99,7.0,-0.172,16169.9,63.3,2.32,212774.0,75.0,1.44,0,1,1,0.002,0.555,0.665
11.46,22.53,41.91,84.72,28.17,58.82,51.28,63.77,6.56,0.018,10232.8,164.1,9.18,93117.0,66.66,0.72,0,0,0,0.01,0.471,0.213
15.45,32.07,65.35,125.86,10.63,38.98,60.43,71.04,5.96,0.117,10216.4,143.7,7.43,93344.0,53.3,0.96,0,0,0,0.017,0.091,0.418
16.23,32.55,60.61,116.93,17.62,48.08,60.32,68.45,6.16,-0.063,11880.9,166.7,5.94,65123.0,58.06,0.53,0,0,0,0.011,0.31,0.256
6.76,31.21,47.24,101.4,14.2,30.95,49.63,61.61,5.82,-0.16,8947.1,145.0,4.13,92234.0,70.64,0.54,0,0,0,0.0,0.057,0.06
71.07,200.18,377.64,553.21,84.67,168.65,91.49,99.5,10.91,0.717,32799.1,121.6,6.33,132425.0,0.92,1.36,1,1,1,1.0,1.0,1.0
11.91,21.6,60.44,93.28,10.19,51.03,59.19,62.74,6.2,0.025,11226.6,129.8,6.12,121029.0,68.55,1.22,0,0,0,0.003,0.046,0.371
3.43,3.65,4.96,21.21,1.55,11.98,36.4,43.05,4.76,-0.206,5300.8,163.9,3.91,69039.0,75.0,0.56,0,0,0,0.0,0.001,0.0
29.73,64.86,116.05,241.24,56.32,139.81,81.81,99.5,7.71,0.524,17192.5,118.9,2.46,141332.0,0.92,0.82,1,1,1,0.997,1.0,1.0
2.91,3.56,8.92,29.98,3.62,5.48,37.23,46.68,6.35,-0.267,11868.7,126.7,0.5,161902.0,75.0,0.93,0,0,0,0.0,0.011,0.002
35.65,92.71,178.56,281.12,53.91,132.96,85.16,99.5,7.99,0.484,23384.9,57.7,2.18,203202.0,0.92,2.3,1,1,1,0.999,1.0,1.0
0.26,1.73,3.92,20.51,2.2,4.46,37.77,42.55,5.81,-0.371,10887.0,103.7,3.48,149035.0,75.0,1.79,0,0,0,0.0,0.002,0.002
1.27,2.03,3.09,6.38,0.06,4.17,26.24,36.29,5.48,-0.45,9804.9,138.9,7.7,121742.0,75.0,0.79,0,0,0,0.0,0.001,0.0
5.11,6.03,16.66,27.85,0.51,0.55,35.47,44.51,6.09,-0.22,12203.7,74.3,3.08,182474.0,75.0,1.74,0,0,0,0.0,0.017,0.002
1.54,4.53,5.57,10.42,4.57,5.17,35.52,41.37,5.69,-0.401,11477.9,64.3,3.8,212842.0,75.0,1.9,0,0,0,0.0,0.005,0.002
15.86,26.74,56.19,111.14,19.44,43.08,48.5,61.19,6.55,-0.178,16524.5,80.5,1.81,172616.0,71.41,1.8,0,1,1,0.003,0.502,0.562
8.29,28.76,52.03,112.52,26.93,67.04,56.92,67.83,7.49,0.07,16005.2,70.0,3.89,223461.0,59.18,1.7,0,1,1,0.054,0.888,0.908
24.18,85.37,171.51,274.06,43.7,99.38,85.65,99.5,7.72,0.338,21098.7,66.2,1.69,205777.0,0.92,1.06,1,1,1,0.986,1.0,1.0
11.98,33.64,74.97,141.11,19.67,63.41,70.13,82.99,7.81,0.148,14629.0,96.6,4.73,154776.0,31.3,1.85,1,1,1,0.604,0.933,0.947
1.0,2.62,10.4,12.85,0.34,5.68,31.6,39.33,5.5,-0.357,7699.2,166.6,1.46,71206.0,75.0,1.03,0,0,0,0.0,0.0,0.0
41.76,79.68,175.52,289.48,54.63,102.05,84.79,99.5,8.85,0.654,21918.8,108.5,4.26,142065.0,0.92,1.14,1,1,1,1.0,1.0,1.0
17.65,40.63,67.81,142.48,27.9,56.74,57.73,66.43,7.21,-0.071,16585.0,62.2,0.5,225893.0,61.77,1.66,0,1,1,0.054,0.787,0.926
43.67,117.75,180.78,266.11,41.59,108.48,82.27,99.5,9.08,0.644,22125.7,46.2,1.39,205576.0,0.92,2.17,1,1,1,1.0,1.0,1.0
6.2,16.6,60.75,127.61,27.5,71.63,64.32,74.66,6.9,-0.003,12302.0,135.9,5.84,106850.0,46.62,0.87,0,1,1,0.036,0.824,0.767
0.57,3.48,4.29,13.92,0.47,1.08,40.97,47.24,6.6,-0.248,11504.6,90.5,2.32,162968.0,75.0,1.88,0,0,0,0.0,0.02,0.002
6.28,24.14,67.63,103.74,20.05,55.66,55.6,63.88,6.96,-0.121,13159.9,154.2,2.48,94766.0,66.46,0.69,0,1,1,0.005,0.65,0.683
11.45,34.95,54.94,86.14,17.66,49.33,51.98,60.38,7.03,-0.095,13336.3,130.6,6.56,119178.0,72.9,0.77,0,1,0,0.006,0.536,0.361
8.31,19.17,58.32,97.75,18.85,62.49,45.12,52.7,5.75,-0.088,10563.9,150.5,4.99,77086.0,75.0,0.33,0,0,0,0.0,0.028,0.152
69.51,169.37,311.79,524.65,96.72,242.52,84.19,99.5,9.76,0.781,30782.9,74.4,1.95,184684.0,0.92,2.07,1,1,1,1.0,1.0,1.0
13.45,34.88,52.54,83.25,24.69,47.54,50.07,59.79,6.27,-0.093,11250.7,135.4,4.84,116036.0,73.99,1.12,0,0,0,0.002,0.269,0.204
16.41,33.52,62.87,131.52,24.82,60.95,60.99,69.63,7.05,0.042,15318.1,73.3,6.04,182632.0,55.89,2.14,0,1,1,0.031,0.779,0.913
13.97,30.73,73.52,148.06,16.59,55.73,60.64,71.62,6.62,-0.063,10642.9,171.2,9.5,84904.0,52.22,0.14,0,0,1,0.035,0.319,0.567
2.66,5.07,8.31,21.69,0.36,0.68,34.65,39.19,5.62,-0.352,11420.4,127.3,7.12,141062.0,75.0,1.6,0,0,0,0.0,0.002,0.001
15.66,33.41,52.08,102.9,15.96,57.23,50.5,57.88,6.94,-0.061,16035.6,82.1,3.52,180359.0,75.0,1.18,0,1,1,0.011,0.667,0.72
11.59,29.41,51.47,121.42,28.6,67.38,51.69,63.57,6.96,0.017,13750.0,74.1,2.81,194563.0,67.03,2.03,0,1,1,0.012,0.802,0.928
11.41,33.6,54.24,89.91,18.76,39.21,46.61,55.77,5.87,-0.147,14183.3,62.7,0.5,172363.0,75.0,1.4,0,0,0,0.001,0.092,0.302
8.37,26.32,53.43,126.73,14.51,59.42,54.53,64.31,7.2,-0.215,14119.2,135.7,3.09,110816.0,65.67,0.7,0,1,1,0.009,0.58,0.724
28.98,84.6,142.54,268.88,63.64,144.86,84.8,99.5,9.66,0.438,23694.7,66.7,1.76,215016.0,0.92,2.39,1,1,1,1.0,1.0,1.0
0.34,1.8,4.01,5.25,4.34,6.02,34.16,38.93,5.25,-0.394,9463.1,121.3,0.5,128066.0,75.0,1.39,0,0,0,0.0,0.002,0.0
0.82,1.68,2.34,30.23,0.08,1.86,31.87,36.97,6.69,-0.45,12908.9,73.4,1.04,180895.0,75.0,1.66,0,0,0,0.0,0.011,0.002
38.27,85.62,162.38,287.54,64.83,146.53,84.68,99.5,8.81,0.554,22860.1,131.0,0.5,156983.0,0.92,0.84,1,1,1,0.999,1.0,1.0
83.68,195.27,329.49,509.74,101.12,215.34,83.49,99.5,9.48,1.012,30293.0,153.2,5.26,123487.0,0.92,0.71,1,1,1,1.0,1.0,1.0
9.81,33.88,49.28,105.52,25.5,62.59,52.98,59.22,6.35,-0.043,9691.1,147.8,7.35,109637.0,75.0,0.91,0,0,0,0.001,0.15,0.289
29.19,85.62,135.95,258.74,50.66,138.78,85.44,99.5,8.86,0.468,18594.1,145.3,7.98,122696.0,0.92,1.17,1,1,1,0.999,1.0,1.0
0.28,4.64,9.71,22.87,1.0,2.61,37.92,44.94,6.06,-0.247,12749.0,62.2,2.64,171947.0,75.0,1.85,0,0,0,0.0,0.012,0.001
1.46,13.03,15.11,45.21,1.77,8.86,37.83,45.65,5.79,-0.262,12612.7,47.8,0.84,210808.0,75.0,1.7,0,0,0,0.0,0.008,0.013
25.43,90.92,191.02,337.59,57.46,114.2,85.27,99.5,7.52,0.562,20830.9,136.3,0.5,109334.0,0.92,0.97,1,1,1,0.993,1.0,1.0
65.88,153.86,294.73,476.9,74.21,209.69,84.65,99.5,9.61,0.922,29159.0,88.4,0.5,170368.0,0.92,1.47,1,1,1,1.0,1.0,1.0
1.26,1.83,6.54,10.66,0.45,5.26,23.99,32.7,5.46,-0.379,8704.2,97.7,1.19,155423.0,75.0,1.09,0,0,0,0.0,0.001,0.0
0.54,2.65,3.54,14.95,0.47,1.11,27.87,35.7,6.75,-0.45,12563.7,39.5,0.75,194330.0,75.0,2.4,0,0,0,0.0,0.007,0.001
0.59,4.49,5.27,6.76,0.06,1.95,29.91,31.36,6.96,-0.267,14354.0,72.6,2.33,198624.0,75.0,1.77,0,0,0,0.0,0.02,0.001
0.4,1.26,17.32,19.91,1.23,16.26,34.67,39.69,6.31,-0.37,15724.9,39.9,0.67,240295.0,75.0,2.39,0,0,0,0.0,0.02,0.009
20.77,83.63,155.9,308.38,61.92,123.21,82.98,99.5,8.38,0.404,18434.6,162.5,6.68,109050.0,0.92,0.28,1,1,1,0.997,1.0,1.0
7.88,23.16,67.11,111.18,29.63,69.21,53.35,63.86,6.34,-0.035,14341.7,70.3,2.17,183824.0,66.49,2.01,0,1,1,0.006,0.571,0.765
8.48,29.93,46.42,103.82,17.15,44.96,55.35,67.65,6.66,-0.044,12743.1,115.8,4.08,127971.0,59.53,0.82,0,0,0,0.009,0.321,0.274
11.15,27.69,62.39,127.22,29.51,67.4,57.08,68.7,6.98,-0.038,15305.0,40.7,2.26,191018.0,57.6,2.04,0,1,1,0.02,0.724,0.954
37.19,87.89,144.96,229.66,46.72,123.47,87.14,99.5,7.49,0.49,16975.3,131.7,1.81,117565.0,0.92,0.92,1,1,1,0.997,0.999,1.0
1.26,8.9,10.82,22.68,4.38,6.19,38.88,46.27,6.37,-0.45,13876.8,81.8,3.48,195310.0,75.0,2.22,0,0,0,0.0,0.023,0.005
11.21,34.9,66.41,136.39,28.71,60.84,58.75,66.67,6.42,-0.109,9245.1,165.2,5.74,72586.0,61.32,0.75,0,0,1,0.006,0.382,0.556
49.37,168.67,352.27,508.37,87.41,206.37,88.64,99.5,10.39,0.6,31038.9,163.8,4.75,115619.0,0.92,0.85,1,1,1,1.0,1.0,1.0
2.25,3.06,5.28,16.42,1.46,12.31,26.98,32.91,5.57,-0.383,10251.4,82.2,4.19,177551.0,75.0,2.12,0,0,0,0.0,0.002,0.0
44.02,82.28,150.15,230.75,44.63,121.04,81.34,99.5,7.7,0.633,16294.1,165.6,8.42,83438.0,0.92,1.59,1,1,1,0.999,0.998,1.0
11.13,20.27,41.15,79.81,20.22,55.55,51.61,59.45,4.6,-0.123,5107.6,179.4,3.22,44222.0,74.62,0.32,0,0,0,0.0,0.009,0.037
0.46,0.81,7.22,30.67,0.65,2.56,25.67,32.62,5.51,-0.352,8724.3,154.7,4.91,98686.0,75.0,1.09,0,0,0,0.0,0.001,0.0
0.1,0.75,6.58,12.03,1.86,12.08,35.54,41.81,5.16,-0.352,6756.4,157.5,6.31,61303.0,75.0,0.93,0,0,0,0.0,0.001,0.0
14.41,30.12,56.12,95.65,25.12,43.5,54.43,63.54,7.43,-0.039,18830.5,71.1,2.14,205078.0,67.09,2.15,0,1,1,0.019,0.913,0.711
5.8,15.58,37.87,99.22,27.23,72.01,56.28,60.75,6.3,-0.115,12683.1,118.6,5.4,148520.0,72.22,1.71,0,0,1,0.001,0.326,0.657
14.51,24.99,48.32,84.92,12.31,44.34,46.76,54.07,6.58,-0.029,16570.4,44.8,1.79,246687.0,75.0,2.11,0,0,0,0.002,0.219,0.481
2.85,5.73,12.18,20.69,1.29,10.99,36.26,44.0,6.13,-0.307,14603.7,48.8,3.32,206185.0,75.0,2.03,0,0,0,0.0,0.016,0.004
14.39,30.19,55.17,89.83,26.42,46.5,59.11,67.7,6.08,0.054,10856.9,179.8,1.34,66601.0,59.44,0.4,0,0,0,0.014,0.248,0.119
0.87,3.4,8.86,9.9,0.02,4.31,33.15,36.6,5.73,-0.31,13992.7,82.4,2.7,189622.0,75.0,1.64,0,0,0,0.0,0.004,0.001
10.91,21.99,66.45,136.01,21.57,57.63,63.16,70.76,6.44,0.059,10307.1,143.5,2.68,114450.0,53.79,0.92,0,0,1,0.057,0.263,0.769
7.02,31.37,76.26,138.69,23.37,59.5,60.58,73.99,6.72,-0.05,11066.7,152.0,6.97,84661.0,47.86,1.17,0,1,1,0.009,0.572,0.689
13.66,29.11,60.33,104.47,18.94,47.02,56.85,63.09,5.83,-0.059,8297.5,159.4,0.94,52824.0,67.92,0.45,0,0,0,0.002,0.073,0.157
0.41,4.27,6.38,16.01,0.34,2.59,38.4,38.45,5.54,-0.312,8497.8,179.7,7.41,69617.0,75.0,0.21,0,0,0,0.0,0.002,0.0
1.72,3.19,6.45,20.97,0.99,2.51,40.84,44.32,6.22,-0.308,13425.1,70.0,1.66,193692.0,75.0,1.92,0,0,0,0.0,0.021,0.004
0.11,2.29,7.2,17.65,0.67,1.73,37.07,39.35,6.95,-0.417,15206.9,40.9,0.89,222479.0,75.0,2.22,0,0,0,0.0,0.021,0.003
0.21,0.33,2.56,4.66,2.35,13.77,30.76,37.47,5.72,-0.365,10166.7,94.6,0.85,177912.0,75.0,0.95,0,0,0,0.0,0.003,0.0
0.09,5.68,9.97,33.58,0.34,8.63,47.93,51.42,6.61,-0.192,13825.9,53.9,1.43,214692.0,75.0,1.93,0,0,0,0.001,0.057,0.005
17.45,40.87,79.43,113.95,14.41,56.81,62.6,75.05,7.6,0.19,16211.4,38.3,2.09,214310.0,45.91,2.53,0,1,1,0.308,0.876,0.957
25.74,74.64,127.67,257.92,49.72,142.61,84.48,99.5,7.8,0.485,16803.9,87.3,3.01,146314.0,0.92,2.06,1,1,1,0.996,1.0,1.0
16.6,33.2,66.48,117.14,12.65,53.68,62.68,75.11,7.12,0.111,11422.0,148.6,6.88,84695.0,45.8,0.4,0,1,0,0.131,0.568,0.469
12.14,27.38,44.43,107.7,17.99,40.6,56.98,68.74,6.62,0.042,14338.4,117.1,7.61,175380.0,57.52,0.85,0,0,1,0.017,0.463,0.577
2.51,3.02,5.91,24.98,3.78,9.76,39.89,46.94,6.97,-0.179,12929.3,80.4,3.19,194418.0,75.0,1.73,0,0,0,0.001,0.058,0.012
80.87,159.41,354.05,495.56,72.8,159.52,81.69,99.5,9.89,0.903,31158.2,129.9,3.24,126974.0,0.92,0.39,1,1,1,1.0,1.0,1.0
3.49,4.87,6.39,8.58,0.34,3.67,30.99,38.47,5.88,-0.25,13021.1,68.6,2.98,194904.0,75.0,1.76,0,0,0,0.0,0.003,0.002
5.61,23.72,61.96,122.01,26.53,49.49,54.49,66.97,6.76,-0.013,17849.3,37.1,0.93,231787.0,60.78,1.82,0,1,1,0.009,0.828,0.908
48.09,161.35,345.88,556.11,101.03,217.66,88.41,99.5,10.6,0.683,33083.3,145.8,3.78,122510.0,0.92,1.2,1,1,1,1.0,1.0,1.0
7.58,23.65,45.12,98.73,12.95,33.52,62.25,68.47,6.25,-0.172,11119.6,125.4,0.96,122110.0,58.01,0.85,0,0,0,0.004,0.088,0.155
2.57,2.88,3.9,68.8,1.72,4.8,49.14,50.33,5.42,-0.282,6372.5,145.5,7.52,114013.0,75.0,1.29,0,0,0,0.0,0.001,0.003
2.24,4.09,5.1,11.69,2.81,10.02,26.37,31.22,6.36,-0.45,14618.1,40.6,1.14,225998.0,75.0,2.62,0,0,0,0.0,0.004,0.003
0.38,1.14,2.73,13.61,0.65,8.48,31.26,36.69,5.35,-0.26,9247.8,156.4,5.99,121444.0,75.0,0.44,0,0,0,0.0,0.001,0.0
17.71,37.26,81.37,125.76,26.3,61.66,60.82,69.28,7.25,0.0,13816.8,124.8,2.04,141337.0,56.52,0.77,0,1,1,0.119,0.635,0.717
8.42,21.83,51.49,121.08,27.44,61.46,59.8,74.1,7.02,-0.067,13359.0,116.7,5.0,158653.0,47.65,1.15,0,1,1,0.039,0.816,0.707
38.04,83.59,178.06,306.46,37.8,130.06,82.13,99.5,8.02,0.429,20432.2,125.6,2.67,120551.0,0.92,1.05,1,1,1,0.999,1.0,1.0
0.86,4.82,7.8,40.23,0.3,3.07,32.34,42.74,4.91,-0.348,7880.0,160.3,5.2,103461.0,75.0,0.68,0,0,0,0.0,0.0,0.001
20.63,63.52,130.39,248.2,58.71,124.37,86.67,99.5,8.04,0.384,16264.5,120.1,6.1,131184.0,0.92,0.92,1,1,1,0.996,1.0,1.0
34.03,105.99,201.38,285.4,36.18,78.28,82.42,99.5,8.54,0.633,22316.7,119.2,5.87,138565.0,0.92,1.39,1,1,1,1.0,1.0,1.0
0.09,1.12,6.33,9.69,1.0,2.75,37.94,41.69,5.83,-0.366,8679.3,178.6,6.18,90148.0,75.0,0.4,0,0,0,0.0,0.002,0.0
1.07,6.66,23.01,34.14,1.41,5.42,39.15,47.41,5.5,-0.338,8293.7,144.7,0.5,90687.0,75.0,0.7,0,0,0,0.0,0.004,0.001
13.68,30.59,67.7,122.26,29.93,46.4,59.75,70.28,7.15,0.164,15312.1,99.1,8.81,164090.0,54.68,1.24,0,1,1,0.08,0.887,0.563
10.76,25.51,63.62,103.16,18.68,54.62,55.43,65.71,6.89,0.109,12586.8,137.6,9.14,121483.0,63.09,0.85,0,1,0,0.023,0.602,0.337
1.11,3.08,5.36,22.09,2.08,9.35,34.98,40.6,5.16,-0.45,10176.6,91.4,4.39,178074.0,75.0,1.32,0,0,0,0.0,0.001,0.001
1.58,1.96,5.83,6.38,0.98,2.84,37.3,45.32,6.82,-0.331,12183.9,68.2,1.46,191414.0,75.0,1.91,0,0,0,0.0,0.02,0.001
41.37,83.59,172.2,267.59,63.2,132.33,87.17,99.5,8.65,0.577,21379.3,121.5,4.01,165442.0,0.92,1.16,1,1,1,1.0,1.0,1.0
1.48,4.08,5.53,33.3,1.97,4.47,26.42,31.57,4.29,-0.39,6932.8,169.6,4.28,57072.0,75.0,0.53,0,0,0,0.0,0.0,0.0
0.9,6.44,6.68,12.59,3.69,3.82,35.14,40.27,6.19,-0.161,9499.8,169.7,9.5,98213.0,75.0,0.98,0,0,0,0.0,0.003,0.0
35.98,87.11,149.39,278.3,59.09,124.79,84.85,99.5,9.13,0.462,22949.0,84.6,3.36,196734.0,0.92,1.62,1,1,1,1.0,1.0,1.0
6.91,20.11,64.55,100.11,13.21,57.92,52.79,65.09,6.77,-0.164,14466.3,111.5,2.33,174697.0,64.24,1.58,0,0,1,0.006,0.348,0.729
16.47,36.49,56.02,98.05,13.6,47.53,50.0,54.86,7.07,-0.123,13522.2,65.7,1.74,177352.0,75.0,2.0,0,0,0,0.008,0.168,0.308
10.19,19.0,42.74,115.77,25.92,60.21,55.88,67.66,5.42,0.07,6375.4,179.4,9.5,51728.0,59.5,0.24,0,0,0,0.004,0.094,0.208
6.11,29.12,60.16,114.88,28.68,43.95,55.2,62.56,6.27,-0.102,11297.7,177.3,9.5,89665.0,68.89,0.3,0,0,0,0.002,0.243,0.186
12.23,33.68,50.59,98.45,29.55,50.9,50.28,57.0,6.96,0.042,9956.0,129.2,8.07,96830.0,75.0,1.01,0,1,0,0.008,0.513,0.207
66.25,181.01,326.14,523.25,63.16,158.37,80.83,99.5,9.45,0.86,26314.2,151.6,7.37,73935.0,0.92,0.79,1,1,1,1.0,1.0,1.0
2.55,6.81,8.27,14.04,1.16,2.65,27.24,32.58,6.15,-0.441,10849.9,138.7,4.22,106248.0,75.0,0.6,0,0,0,0.0,0.002,0.0
1.27,1.31,9.79,14.08,4.12,6.24,35.48,40.04,6.14,-0.268,10644.6,121.0,0.5,137670.0,75.0,0.7,0,0,0,0.0,0.005,0.0
1.8,6.17,7.6,19.87,1.87,4.13,31.18,37.54,5.97,-0.256,15685.4,42.7,1.72,252601.0,75.0,2.46,0,0,0,0.0,0.006,0.012
11.1,24.29,48.6,106.01,10.65,53.66,49.08,58.12,6.73,0.029,13786.7,100.9,3.53,156092.0,75.0,1.7,0,0,1,0.006,0.223,0.678
13.45,28.99,45.84,107.34,10.35,45.75,62.48,72.87,6.86,-0.054,13123.9,132.8,4.98,111464.0,49.92,1.2,0,0,1,0.051,0.32,0.646
0.09,2.76,4.84,17.88,0.3,0.74,30.7,37.22,5.98,-0.35,8937.3,133.2,4.79,124780.0,75.0,1.01,0,0,0,0.0,0.002,0.0
8.22,23.21,45.8,79.9,16.5,52.67,50.08,57.87,7.41,-0.208,15124.2,89.1,0.99,180121.0,75.0,1.83,0,1,0,0.006,0.511,0.463
1.05,9.31,11.6,16.46,2.37,4.22,39.35,46.17,6.14,-0.312,8607.3,171.5,7.73,80764.0,75.0,0.63,0,0,0,0.0,0.003,0.0
1.16,8.47,11.23,19.51,2.98,7.92,36.27,43.25,6.43,-0.33,15582.5,59.3,2.75,206210.0,75.0,2.26,0,0,0,0.0,0.039,0.007
65.65,139.53,337.8,530.63,75.84,234.36,82.15,99.5,9.31,0.825,30630.6,107.6,5.09,121611.0,0.92,1.08,1,1,1,1.0,1.0,1.0
16.34,29.95,54.2,120.25,16.69,39.23,55.71,64.35,6.79,0.055,12858.9,135.2,7.03,104022.0,65.59,0.61,0,0,0,0.032,0.348,0.281
4.67,6.76,12.51,27.49,2.82,11.0,33.55,46.55,5.51,-0.297,8059.2,136.1,6.24,138002.0,75.0,0.81,0,0,0,0.0,0.002,0.001
0.83,4.33,10.71,45.82,2.5,10.31,41.35,47.88,5.77,-0.179,12207.6,129.1,3.56,127943.0,75.0,1.02,0,0,0,0.0,0.013,0.003
0.12,0.46,1.15,3.02,0.18,0.64,33.83,39.76,5.77,-0.244,12227.2,74.9,2.53,185262.0,75.0,1.73,0,0,0,0.0,0.006,0.001
44.9,90.79,169.47,315.2,34.14,91.6,82.54,99.5,9.1,0.61,25542.7,57.6,2.11,227593.0,0.92,1.48,1,1,1,1.0,1.0,1.0
7.07,16.13,59.96,132.87,27.59,68.65,53.84,67.43,6.39,0.087,10508.3,127.2,4.7,110395.0,59.93,1.57,0,0,1,0.014,0.365,0.573
51.18,168.28,343.79,613.35,70.97,184.09,85.62,99.5,9.54,0.651,29810.7,121.9,6.46,130341.0,0.92,1.05,1,1,1,1.0,1.0,1.0
27.37,72.69,161.83,254.95,46.27,121.83,83.96,99.5,8.66,0.272,22490.5,61.0,2.84,208858.0,0.92,2.05,1,1,1,0.998,1.0,1.0
6.69,19.06,63.08,132.86,23.54,64.22,57.7,67.47,6.51,-0.128,12196.2,137.2,9.5,108685.0,59.85,1.28,0,0,1,0.003,0.316,0.745
20.35,55.59,114.83,234.45,49.95,96.2,79.98,99.5,8.05,0.314,17639.8,101.0,7.55,160312.0,0.92,0.73,1,1,1,0.992,0.999,1.0
21.81,89.94,167.81,327.21,38.03,113.62,85.77,99.5,7.75,0.438,18968.6,131.8,4.8,118994.0,0.92,0.83,1,1,1,0.996,0.999,1.0
1.96,7.11,8.57,11.15,0.51,4.36,35.49,38.99,4.92,-0.417,6648.6,156.4,0.5,71308.0,75.0,0.52,0,0,0,0.0,0.001,0.0
11.79,29.97,45.59,95.14,16.2,57.12,53.72,63.65,7.14,-0.04,13017.2,59.6,3.41,211189.0,66.89,1.92,0,1,1,0.03,0.634,0.611
15.09,30.39,64.31,96.69,22.75,40.66,48.96,60.23,7.14,0.168,17713.3,37.8,0.95,214744.0,73.17,2.28,0,1,1,0.021,0.649,0.683
14.28,32.04,56.05,104.59,11.8,36.49,58.46,67.5,6.61,0.041,11335.9,148.0,3.04,104920.0,59.8,1.19,0,0,0,0.057,0.283,0.232
4.09,5.75,8.32,20.23,1.33,2.86,33.11,39.78,5.5,-0.182,11800.2,123.4,3.43,152525.0,75.0,1.31,0,0,0,0.0,0.005,0.001
0.18,2.67,8.2,38.98,0.01,0.25,44.46,49.77,6.1,-0.363,8190.6,136.4,3.68,112047.0,75.0,1.21,0,0,0,0.0,0.009,0.001
2.76,5.25,17.92,24.68,1.08,2.56,35.14,41.28,5.78,-0.45,7199.3,156.5,7.2,74589.0,75.0,0.65,0,0,0,0.0,0.001,0.0
0.18,1.37,1.43,9.98,3.76,5.11,27.9,39.13,5.49,-0.45,7781.8,151.4,1.05,96406.0,75.0,0.29,0,0,0,0.0,0.001,0.0
48.79,177.21,298.82,512.84,100.46,200.65,78.7,99.5,8.94,0.72,25965.7,174.3,2.72,58320.0,0.92,0.1,1,1,1,1.0,1.0,1.0
15.94,33.41,58.37,131.65,22.44,55.9,60.85,73.67,6.55,0.071,15345.7,112.7,4.64,153665.0,48.44,0.8,0,1,1,0.05,0.637,0.82
11.55,24.22,48.37,82.77,14.87,38.21,51.06,58.74,7.44,-0.105,13131.6,105.8,4.89,150782.0,75.0,1.47,0,0,0,0.009,0.368,0.134
5.76,15.64,38.75,102.61,13.68,44.34,50.0,60.27,6.68,0.014,15072.9,93.3,4.34,193718.0,73.09,1.55,0,0,1,0.003,0.387,0.575
11.6,33.78,67.06,142.91,22.56,38.33,61.11,70.44,6.91,0.107,18071.1,57.3,1.19,228703.0,54.39,1.99,0,1,1,0.051,0.792,0.858
60.26,172.2,324.96,523.68,93.58,196.44,82.92,99.5,9.57,0.786,30119.9,118.0,2.05,136070.0,0.92,1.07,1,1,1,1.0,1.0,1.0
16.82,31.84,65.78,144.89,25.71,56.66,61.42,66.19,7.0,0.132,14326.8,75.2,1.95,200534.0,62.2,2.4,0,1,1,0.054,0.78,0.886
41.48,98.9,175.4,325.28,30.95,93.36,84.11,99.5,7.49,0.548,17998.6,168.6,6.63,71794.0,0.92,0.22,1,1,1,0.998,0.996,1.0
9.46,29.6,44.98,108.02,16.93,34.86,55.84,64.91,6.12,-0.02,11225.6,119.6,7.38,137034.0,64.57,1.44,0,0,0,0.003,0.176,0.135
44.51,88.0,158.95,255.51,53.17,136.21,82.18,99.5,7.78,0.494,20416.1,121.0,0.5,129424.0,0.92,1.14,1,1,1,0.999,1.0,1.0
41.52,88.96,170.43,303.49,52.03,131.41,83.53,99.5,9.14,0.5,21797.3,86.5,2.68,187740.0,0.92,1.62,1,1,1,1.0,1.0,1.0
75.79,151.64,276.79,519.59,83.83,198.0,85.81,99.5,10.06,0.882,31996.8,42.5,0.5,250449.0,0.92,2.62,1,1,1,1.0,1.0,1.0
0.73,1.89,5.47,10.16,2.03,2.82,32.58,38.47,5.68,-0.358,13777.1,39.6,0.5,244456.0,75.0,2.74,0,0,0,0.0,0.005,0.001
1.7,5.5,8.96,14.49,0.03,0.48,22.6,34.77,5.65,-0.298,12536.9,96.4,5.05,178169.0,75.0,1.42,0,0,0,0.0,0.002,0.001
0.1,0.13,5.25,42.75,0.02,0.44,39.1,44.53,6.15,-0.212,14043.4,47.3,2.12,237131.0,75.0,2.44,0,0,0,0.0,0.022,0.02
16.19,35.89,63.03,142.67,21.47,56.56,58.98,67.59,6.88,0.271,14344.2,123.0,5.3,140677.0,59.63,1.22,0,1,1,0.128,0.816,0.907
13.49,25.28,54.92,95.74,20.19,36.11,57.93,66.01,5.3,0.186,6521.3,162.7,8.39,67621.0,62.55,0.55,0,0,0,0.008,0.031,0.039
0.58,1.74,3.12,4.11,2.95,4.86,35.58,38.63,5.66,-0.264,10723.9,163.0,4.3,109887.0,75.0,0.6,0,0,0,0.0,0.004,0.0
40.35,108.78,171.59,285.3,55.23,122.71,85.03,99.5,8.03,0.43,19959.6,130.6,3.55,150392.0,0.92,0.8,1,1,1,0.999,1.0,1.0
2.32,4.44,8.41,26.97,0.26,3.33,39.27,39.16,5.68,-0.219,13696.8,65.6,4.88,197737.0,75.0,1.84,0,0,0,0.0,0.008,0.001
22.14,67.56,130.31,255.68,59.54,106.84,85.16,99.5,7.31,0.518,15909.9,160.1,4.89,82278.0,0.92,0.41,1,1,1,0.987,1.0,1.0
1.76,2.14,2.98,32.84,0.02,0.79,26.43,37.86,5.13,-0.339,8388.1,163.5,7.89,93006.0,75.0,0.81,0,0,0,0.0,0.001,0.0
7.8,20.59,46.5,81.66,19.37,46.35,50.13,58.31,6.3,-0.255,14936.3,63.5,2.23,212044.0,75.0,1.94,0,0,0,0.002,0.117,0.38
13.12,35.87,59.8,117.13,17.43,33.64,55.98,62.56,5.77,-0.014,11457.9,141.9,0.5,106659.0,68.89,0.45,0,0,0,0.002,0.056,0.144
15.67,34.46,49.52,92.0,16.18,55.53,47.49,59.93,6.53,0.044,14602.0,76.5,0.5,169395.0,73.73,1.56,0,0,1,0.007,0.285,0.566
1.72,2.98,3.66,9.52,3.32,5.43,35.49,42.54,5.82,-0.292,8046.0,151.4,3.72,102926.0,75.0,0.1,0,0,0,0.0,0.002,0.0
22.9,59.44,129.44,221.31,56.08,111.41,87.61,99.5,7.29,0.342,13717.4,179.6,9.5,72752.0,0.92,0.16,1,1,1,0.978,0.999,1.0
16.41,34.9,61.71,122.21,15.9,35.14,53.72,64.86,6.25,0.015,19070.2,39.4,1.94,243663.0,64.66,2.32,0,1,1,0.012,0.711,0.77
44.1,101.63,152.07,256.9,35.58,89.78,83.98,99.5,8.65,0.69,19689.6,165.1,8.5,87098.0,0.92,0.47,1,1,1,1.0,1.0,1.0
21.39,66.2,157.18,302.83,42.16,110.89,86.53,99.5,7.8,0.398,18571.5,125.3,2.16,125596.0,0.92,1.68,1,1,1,0.998,0.999,1.0
5.54,15.09,46.64,118.67,11.76,39.32,49.89,62.46,6.78,0.01,10516.3,176.1,9.5,83541.0,69.07,0.53,0,0,0,0.003,0.148,0.204
83.82,198.14,325.93,505.85,107.4,205.07,84.55,99.5,10.39,1.071,31835.7,102.4,1.81,158076.0,0.92,1.57,1,1,1,1.0,1.0,1.0
31.02,80.25,159.65,258.58,53.39,106.29,82.15,99.5,7.69,0.441,16832.7,157.9,6.13,83581.0,0.92,0.12,1,1,1,0.998,0.999,1.0
69.08,160.55,293.18,530.48,108.26,257.81,83.9,99.5,10.24,0.904,33498.0,44.0,1.53,224434.0,0.92,2.13,1,1,1,1.0,1.0,1.0
22.17,75.35,167.03,292.04,55.42,149.05,85.17,99.5,8.13,0.488,21970.4,83.6,2.66,153472.0,0.92,1.53,1,1,1,0.997,1.0,1.0
28.56,94.39,150.04,299.62,57.25,125.9,87.23,99.5,8.93,0.443,22527.5,44.7,2.64,223605.0,0.92,2.0,1,1,1,0.999,1.0,1.0
15.67,35.01,66.57,143.87,12.61,57.39,64.5,74.97,7.4,0.152,12715.6,176.4,3.94,78617.0,46.06,0.11,0,1,1,0.272,0.8,0.757
0.2,1.84,2.89,6.7,2.0,2.12,30.73,37.82,5.08,-0.45,7911.3,153.5,1.64,100943.0,75.0,0.14,0,0,0,0.0,0.0,0.0
82.63,169.41,303.94,564.83,98.24,231.98,87.57,99.5,9.44,0.937,29294.9,158.6,5.61,112467.0,0.92,0.22,1,1,1,1.0,1.0,1.0
23.66,89.44,161.09,320.6,53.49,139.47,86.11,99.5,8.66,0.371,17190.3,171.0,4.75,70849.0,0.92,0.69,1,1,1,0.997,1.0,1.0
1.59,3.84,8.88,19.8,0.11,1.59,21.12,30.56,6.24,-0.45,14381.6,47.3,4.53,230502.0,75.0,2.15,0,0,0,0.0,0.007,0.004
0.46,3.59,7.02,18.33,3.75,6.36,36.58,40.57,5.42,-0.33,11976.8,90.9,4.29,182797.0,75.0,1.42,0,0,0,0.0,0.005,0.001
7.84,16.05,35.83,67.36,14.74,48.79,46.39,54.38,6.68,-0.016,18310.5,45.3,1.25,260783.0,75.0,2.22,0,0,0,0.001,0.493,0.419
6.97,16.36,60.49,140.33,22.74,41.0,56.01,65.99,7.64,-0.039,15108.1,65.6,1.05,203493.0,62.57,2.29,0,1,1,0.026,0.831,0.847
2.07,4.0,4.81,15.1,0.08,12.65,36.15,39.03,6.23,-0.23,12271.5,68.3,0.5,182428.0,75.0,1.9,0,0,0,0.0,0.015,0.002
2.1,2.85,5.03,11.06,3.95,5.49,30.76,36.79,5.66,-0.299,12790.0,103.0,1.7,169094.0,75.0,1.56,0,0,0,0.0,0.003,0.001
21.2,64.79,127.72,283.66,62.34,118.87,86.81,99.5,8.75,0.495,22146.5,73.9,2.74,219256.0,0.92,1.56,1,1,1,0.999,1.0,1.0
0.0,1.82,8.21,11.96,1.16,1.82,35.49,38.0,5.58,-0.372,11498.3,49.6,3.01,215592.0,75.0,1.98,0,0,0,0.0,0.005,0.001
9.26,30.16,58.01,110.37,25.79,63.68,53.91,63.24,6.19,-0.117,15446.1,59.3,3.27,221473.0,67.64,2.13,0,0,1,0.002,0.405,0.899
24.68,76.29,177.22,293.76,53.16,109.99,85.69,99.5,8.95,0.455,25315.5,56.4,2.2,230805.0,0.92,2.63,1,1,1,0.999,1.0,1.0
21.49,63.08,137.19,245.47,61.35,131.36,86.31,99.5,7.52,0.235,14890.1,176.1,5.14,83941.0,0.92,0.78,1,1,1,0.978,0.999,1.0
1.18,4.1,7.14,24.75,3.06,4.57,35.26,40.12,5.03,-0.289,9560.5,145.1,5.78,107766.0,75.0,0.97,0,0,0,0.0,0.001,0.0
0.11,10.84,14.96,29.77,2.83,6.15,38.74,42.96,4.69,-0.45,6162.7,175.3,4.5,59132.0,75.0,0.41,0,0,0,0.0,0.001,0.0
11.12,35.86,72.69,144.98,18.79,60.94,63.11,77.32,6.87,0.002,15865.6,98.8,6.51,160266.0,41.73,1.88,0,1,1,0.057,0.863,0.933
38.3,103.15,158.36,287.76,41.73,118.53,82.97,99.5,8.93,0.557,24788.3,75.4,2.38,196443.0,0.92,2.03,1,1,1,1.0,1.0,1.0
1.01,1.3,4.32,11.52,3.0,5.44,28.46,37.19,5.51,-0.45,8568.9,150.8,5.04,112720.0,75.0,0.1,0,0,0,0.0,0.001,0.0
11.26,31.49,66.54,146.14,17.04,52.69,61.45,67.33,6.36,-0.042,14802.4,82.3,0.5,186241.0,60.1,1.38,0,0,1,0.014,0.297,0.941
24.18,91.36,188.53,326.6,34.17,128.48,80.39,99.5,8.68,0.283,24139.4,78.4,2.47,180209.0,0.92,1.85,1,1,1,0.998,1.0,1.0
82.7,174.91,336.87,601.31,84.73,212.67,87.88,99.5,10.2,1.03,34000.0,68.7,3.44,205875.0,0.92,1.35,1,1,1,1.0,1.0,1.0
12.84,31.88,64.14,114.44,20.79,61.93,63.49,73.31,6.84,0.147,18125.2,53.8,0.85,228337.0,49.11,1.83,0,1,1,0.104,0.831,0.96
2.4,6.1,8.24,26.74,0.98,4.8,29.98,37.85,6.44,-0.344,14466.9,72.2,1.55,199070.0,75.0,1.63,0,0,0,0.0,0.016,0.003
1.01,1.9,4.31,25.6,4.88,5.68,31.42,40.7,5.9,-0.158,9492.9,86.5,4.26,163632.0,75.0,1.56,0,0,0,0.0,0.007,0.001
0.73,2.15,4.84,49.91,1.46,7.67,39.06,46.06,5.96,-0.311,10020.7,132.7,1.12,118004.0,75.0,0.89,0,0,0,0.0,0.005,0.002
1.31,1.59,6.35,18.85,2.84,3.11,30.61,36.68,5.72,-0.45,13947.5,44.1,2.38,241331.0,75.0,2.16,0,0,0,0.0,0.002,0.001
8.14,29.21,55.33,130.87,20.35,35.38,65.27,75.63,7.6,-0.086,16682.6,65.5,1.67,180627.0,44.84,2.18,0,1,1,0.083,0.918,0.878
14.08,30.81,55.33,86.35,13.97,33.82,49.68,64.92,5.7,-0.013,7121.7,152.3,4.27,65832.0,64.55,0.62,0,0,0,0.003,0.02,0.022
1.05,4.72,5.79,20.14,4.6,8.0,34.65,41.32,7.19,-0.303,17022.3,56.3,0.83,235057.0,75.0,1.95,0,0,0,0.0,0.131,0.008
39.39,82.56,137.06,246.29,54.82,132.55,82.38,99.5,8.52,0.74,20266.1,84.7,3.54,186051.0,0.92,1.26,1,1,1,1.0,1.0,1.0
17.42,36.13,63.46,133.32,13.06,52.45,66.86,74.9,6.5,0.029,10183.2,160.4,9.5,96650.0,46.18,0.89,0,0,1,0.125,0.308,0.607
9.76,20.38,40.24,119.42,22.46,42.69,58.11,67.16,6.97,-0.077,15799.5,57.5,2.82,194891.0,60.43,1.85,0,1,1,0.012,0.642,0.8
55.74,148.07,263.1,418.28,98.09,241.04,83.31,99.5,10.42,0.741,31666.5,47.0,0.91,234667.0,0.92,1.87,1,1,1,1.0,1.0,1.0
17.85,27.0,68.67,114.53,16.56,35.38,64.55,71.77,6.64,0.101,15372.4,105.3,5.84,157819.0,51.95,1.43,0,1,1,0.083,0.616,0.59
84.45,213.31,401.15,553.86,102.08,232.85,83.49,99.5,9.89,0.942,34000.0,78.9,2.31,161614.0,0.92,1.51,1,1,1,1.0,1.0,1.0
0.17,0.92,5.6,25.12,3.77,6.52,28.9,34.31,6.85,-0.399,10936.4,116.7,6.97,161331.0,75.0,1.05,0,0,0,0.0,0.012,0.001
0.92,3.8,9.81,12.06,2.69,4.16,30.29,34.84,4.55,-0.45,7977.7,151.6,7.5,100518.0,75.0,0.78,0,0,0,0.0,0.0,0.0
9.99,19.31,51.96,86.63,28.26,61.89,48.65,54.56,6.21,-0.165,14702.1,54.9,0.5,208195.0,75.0,1.99,0,0,1,0.001,0.384,0.738
17.87,30.05,65.44,143.66,15.97,33.86,66.0,77.61,7.2,0.053,13243.6,119.2,2.02,131289.0,41.2,1.86,0,1,1,0.257,0.833,0.609
1.21,2.35,3.62,64.22,2.81,5.13,42.63,45.98,4.91,-0.205,8212.9,108.3,5.63,119813.0,75.0,1.3,0,0,0,0.0,0.004,0.003
5.65,16.91,40.87,95.23,19.94,35.69,52.28,62.68,7.32,-0.045,15998.7,55.9,2.11,221830.0,68.66,2.26,0,1,0,0.015,0.751,0.423
3.45,5.4,5.48,19.98,0.15,4.62,38.82,48.56,6.32,-0.248,9714.9,125.5,2.08,133352.0,75.0,0.5,0,0,0,0.0,0.01,0.0
14.12,38.86,64.12,101.34,11.84,28.99,61.54,67.72,7.96,0.023,18001.8,74.7,1.76,187475.0,59.4,1.55,0,1,0,0.117,0.825,0.45
15.53,35.75,80.03,125.49,26.06,43.85,58.71,69.99,7.09,0.073,15345.4,105.7,0.5,172294.0,55.22,1.03,0,1,1,0.12,0.844,0.789
16.75,25.63,64.27,109.64,13.62,49.76,55.29,63.3,6.64,-0.025,16478.1,46.9,1.57,202927.0,67.52,1.91,0,0,1,0.014,0.443,0.707
16.65,37.64,62.03,109.71,13.79,53.51,56.98,64.77,6.32,-0.112,13466.5,101.6,7.6,149081.0,64.82,1.54,0,0,1,0.004,0.297,0.692
49.28,173.48,337.58,560.02,101.89,235.29,89.78,99.5,10.49,0.611,31282.3,79.4,3.93,171925.0,0.92,2.05,1,1,1,1.0,1.0,1.0
0.44,1.51,2.27,9.76,0.23,3.94,27.09,32.75,4.97,-0.367,10875.4,154.2,9.5,90724.0,75.0,0.77,0,0,0,0.0,0.0,0.0
51.77,173.61,346.65,611.46,64.35,208.23,85.89,99.5,10.72,0.74,34000.0,43.3,2.2,229098.0,0.92,2.19,1,1,1,1.0,1.0,1.0
2.55,2.67,30.61,34.9,0.48,2.35,39.22,48.44,5.75,-0.248,13441.7,95.7,5.12,171613.0,75.0,1.32,0,0,0,0.0,0.011,0.004
5.11,28.17,51.23,107.31,22.47,61.2,51.48,61.97,6.9,-0.164,15511.4,101.5,7.16,153028.0,69.97,1.76,0,0,1,0.005,0.454,0.847
8.25,28.44,46.97,112.19,28.39,45.94,52.17,63.6,5.77,-0.026,9171.5,140.1,5.86,98689.0,66.98,1.49,0,0,0,0.002,0.122,0.276
22.92,80.21,132.99,227.98,36.66,103.13,86.69,99.5,8.16,0.389,20319.3,118.3,3.74,163364.0,0.92,1.22,1,1,1,0.998,0.999,1.0
26.21,80.23,161.5,299.96,63.11,130.82,86.87,99.5,8.68,0.325,19027.5,131.7,7.06,158080.0,0.92,1.27,1,1,1,0.997,1.0,1.0
28.88,74.22,162.3,317.74,56.76,108.1,85.5,99.5,7.7,0.291,17484.1,147.7,9.03,104943.0,0.92,0.86,1,1,1,0.996,0.999,1.0
2.69,6.01,6.56,21.53,0.68,3.05,26.49,33.44,5.67,-0.421,7675.7,160.0,4.22,76625.0,75.0,0.81,0,0,0,0.0,0.001,0.0
27.51,65.87,161.98,308.28,38.12,91.3,82.95,99.5,8.42,0.543,22792.5,80.5,1.77,205517.0,0.92,1.37,1,1,1,0.999,1.0,1.0
0.67,4.85,5.17,25.02,5.12,8.01,29.2,36.41,5.88,-0.329,10806.5,113.0,4.24,122683.0,75.0,1.11,0,0,0,0.0,0.004,0.0
0.07,0.86,1.33,4.93,3.34,3.54,34.57,39.62,5.26,-0.234,7291.5,156.8,7.84,86800.0,75.0,0.75,0,0,0,0.0,0.002,0.0
0.4,2.22,10.51,13.96,3.01,6.08,27.87,37.44,4.66,-0.37,6893.2,178.5,8.81,55394.0,75.0,0.69,0,0,0,0.0,0.0,0.0
13.79,36.44,52.24,108.72,24.94,66.48,59.93,71.68,5.55,0.049,8639.6,164.0,1.54,65831.0,52.12,0.28,0,0,0,0.007,0.139,0.384
23.32,71.98,126.69,273.48,60.01,126.61,81.23,99.5,7.87,0.163,17882.9,88.9,6.17,169164.0,0.92,0.99,1,1,1,0.988,1.0,1.0
0.03,0.29,4.21,52.84,3.65,9.25,41.85,47.74,5.82,-0.438,10803.6,63.3,1.48,191078.0,75.0,1.82,0,0,0,0.0,0.005,0.008
0.65,11.18,18.16,23.06,2.76,4.74,31.12,39.53,6.01,-0.311,10199.8,106.0,3.2,153036.0,75.0,1.66,0,0,0,0.0,0.006,0.001
13.59,38.08,60.47,130.22,21.81,65.31,66.08,71.99,5.73,0.068,11200.2,142.5,2.67,109362.0,51.54,0.36,0,0,1,0.007,0.292,0.765
50.38,163.56,276.9,451.42,76.04,190.62,87.19,99.5,9.32,0.468,29059.4,106.4,8.89,142973.0,0.92,1.0,1,1,1,1.0,1.0,1.0
17.55,26.7,46.77,86.92,18.48,35.3,53.15,62.79,6.82,0.026,13447.9,105.1,4.13,148369.0,68.46,1.42,0,0,0,0.038,0.335,0.164
17.55,35.07,74.47,143.09,23.22,65.35,63.96,74.03,6.3,0.19,10445.7,156.5,3.08,88685.0,47.78,0.6,0,1,1,0.057,0.571,0.75
16.73,26.9,68.96,125.16,15.36,48.62,65.09,75.2,6.63,0.136,15727.2,87.4,4.42,187263.0,45.63,1.8,0,1,1,0.134,0.651,0.908
27.02,81.18,180.17,262.75,36.41,129.02,82.17,99.5,8.24,0.373,18695.8,159.7,7.8,86169.0,0.92,0.22,1,1,1,0.999,0.999,1.0
62.8,151.0,344.1,611.67,62.21,171.21,87.67,99.5,10.73,0.575,34000.0,94.0,2.97,179586.0,0.92,1.43,1,1,1,1.0,1.0,1.0
16.87,27.92,60.27,106.31,24.73,44.48,52.9,62.51,6.59,0.039,15779.3,82.6,4.14,189675.0,68.98,2.05,0,0,0,0.007,0.426,0.425
12.75,20.75,43.33,81.43,14.2,55.01,49.56,60.56,7.1,-0.122,14180.9,100.8,2.03,167579.0,72.57,1.07,0,0,0,0.015,0.381,0.401
42.87,108.07,193.48,291.95,39.62,96.66,85.93,99.5,8.09,0.615,20272.3,145.6,3.8,126152.0,0.92,1.24,1,1,1,0.999,0.999,1.0
76.08,161.25,358.86,610.36,109.99,226.72,81.77,99.5,10.25,0.962,34000.0,53.3,0.5,199285.0,0.92,1.79,1,1,1,1.0,1.0,1.0
1.07,1.89,5.59,49.34,0.06,1.26,43.26,48.97,6.3,-0.191,14200.6,63.5,0.71,196725.0,75.0,2.22,0,0,0,0.0,0.038,0.006
8.66,33.36,52.34,122.95,15.49,56.31,53.13,61.5,6.64,-0.054,10836.1,173.0,9.5,98898.0,70.84,0.29,0,0,0,0.004,0.181,0.445
32.19,76.88,169.47,316.79,46.45,125.72,82.95,99.5,8.86,0.44,24255.6,60.4,3.9,203605.0,0.92,1.66,1,1,1,0.999,1.0,1.0
7.36,31.3,49.19,90.29,15.77,35.35,55.28,62.22,6.64,-0.044,11414.3,117.3,4.25,96989.0,69.51,1.05,0,0,0,0.005,0.262,0.086
10.29,26.07,56.63,88.67,14.38,53.62,50.66,57.53,6.29,-0.182,13024.6,119.0,7.73,134155.0,75.0,1.33,0,0,0,0.001,0.027,0.424
15.54,29.15,57.98,97.16,26.44,70.14,57.61,68.72,7.21,0.15,15543.4,106.0,3.4,154829.0,57.56,1.36,0,1,1,0.134,0.875,0.86
0.41,4.22,5.96,5.99,1.83,3.68,34.9,39.47,4.75,-0.405,6468.2,128.5,3.93,86558.0,75.0,1.37,0,0,0,0.0,0.001,0.0
1.7,5.16,16.84,23.75,1.32,3.11,28.49,37.44,6.56,-0.209,13221.9,68.3,2.46,218019.0,75.0,2.33,0,0,0,0.0,0.018,0.003
56.88,165.15,349.67,511.76,109.09,243.8,85.8,99.5,9.95,0.695,31853.4,115.1,3.77,131131.0,0.92,0.87,1,1,1,1.0,1.0,1.0
15.14,40.12,70.24,103.81,25.81,66.93,47.85,60.59,7.41,0.013,15432.4,89.0,2.77,178170.0,72.52,1.22,0,1,1,0.025,0.686,0.57
24.06,60.03,118.17,224.09,62.35,102.49,82.93,97.19,7.14,0.377,12763.3,130.9,7.28,119480.0,5.17,0.61,1,1,1,0.964,0.999,1.0
40.09,109.29,207.95,294.53,53.77,146.24,86.3,99.5,9.03,0.403,24697.4,55.5,2.09,194102.0,0.92,1.81,1,1,1,1.0,1.0,1.0
6.56,15.1,56.31,118.56,22.93,66.86,60.26,69.9,7.15,0.008,9826.0,117.8,5.63,122610.0,55.38,1.52,0,1,1,0.024,0.539,0.72
39.24,90.14,166.29,257.87,40.64,105.14,88.46,99.5,8.94,0.477,22372.0,61.9,3.31,191737.0,0.92,2.16,1,1,1,1.0,1.0,1.0
0.36,6.55,6.6,17.21,2.95,7.56,30.37,38.07,6.35,-0.372,13888.9,75.4,3.17,205801.0,75.0,1.63,0,0,0,0.0,0.008,0.002
13.37,28.34,70.9,117.35,25.0,67.8,55.53,64.13,6.7,-0.011,16900.8,66.7,1.17,197731.0,66.0,1.92,0,0,1,0.008,0.445,0.903
6.67,30.77,69.05,129.88,17.47,59.6,55.73,71.84,7.03,-0.1,16905.1,61.5,0.65,198358.0,51.81,2.41,0,1,1,0.036,0.685,0.962
5.57,20.91,58.61,129.17,14.05,30.47,60.59,72.79,6.68,-0.069,10370.8,154.7,5.83,80307.0,50.07,1.23,0,0,0,0.023,0.292,0.258
1.95,3.32,3.94,5.01,2.05,5.11,37.34,44.82,6.14,-0.19,13134.0,76.4,2.44,206229.0,75.0,1.86,0,0,0,0.0,0.011,0.003
2.31,2.39,10.5,36.69,1.18,1.46,39.77,42.18,5.93,-0.414,11675.9,169.4,6.2,98643.0,75.0,0.1,0,0,0,0.0,0.002,0.001
3.52,3.71,7.28,15.43,3.6,6.05,36.11,42.55,4.9,-0.246,7110.8,175.6,6.1,87004.0,75.0,0.45,0,0,0,0.0,0.001,0.0
11.1,34.07,77.99,135.45,19.09,59.03,67.32,76.51,7.27,0.035,14866.2,117.8,9.5,145987.0,43.21,1.47,0,1,1,0.147,0.839,0.903
78.24,167.41,329.27,490.84,91.78,238.5,82.31,99.5,10.36,1.008,33513.3,55.7,0.62,217465.0,0.92,2.14,1,1,1,1.0,1.0,1.0
52.5,141.88,292.29,550.6,96.57,201.92,83.74,99.5,9.62,0.727,26928.4,89.3,0.5,154590.0,0.92,1.81,1,1,1,1.0,1.0,1.0
0.33,3.31,5.92,16.73,2.09,4.96,28.5,35.99,5.87,-0.436,8160.7,150.7,6.17,95507.0,75.0,0.83,0,0,0,0.0,0.001,0.0
1.14,6.6,14.71,16.64,1.77,3.79,32.74,41.44,6.37,-0.272,12958.8,88.3,2.49,163816.0,75.0,1.24,0,0,0,0.0,0.024,0.001
0.4,2.9,5.76,23.65,0.2,1.46,31.54,39.82,6.04,-0.393,15280.5,47.6,1.94,195476.0,75.0,1.93,0,0,0,0.0,0.015,0.004
5.34,26.02,68.39,127.76,22.34,38.73,59.97,72.36,6.38,0.11,14545.8,115.7,5.27,156975.0,50.86,1.12,0,0,1,0.015,0.497,0.839
32.59,88.67,141.01,283.6,39.74,119.53,89.68,99.5,7.93,0.481,15611.7,157.5,9.16,80512.0,0.92,0.94,1,1,1,0.999,0.999,1.0
61.12,190.86,319.95,468.11,109.0,208.5,84.43,99.5,9.9,0.73,30400.6,150.4,1.18,117448.0,0.92,0.49,1,1,1,1.0,1.0,1.0
1.21,2.38,6.47,17.34,2.46,2.52,30.12,39.42,7.28,-0.376,15776.8,60.4,1.51,220755.0,75.0,2.15,0,0,0,0.0,0.104,0.002
2.17,3.8,6.73,13.08,9.09,14.75,31.07,38.09,5.39,-0.373,7987.8,132.6,5.66,129290.0,75.0,1.07,0,0,0,0.0,0.003,0.0
0.45,4.27,6.57,31.05,0.06,1.6,34.8,37.95,5.59,-0.386,13969.5,67.0,3.27,208826.0,75.0,2.39,0,0,0,0.0,0.004,0.004
10.59,31.24,51.71,96.02,24.48,41.78,49.51,60.31,6.7,-0.017,17458.6,66.6,4.96,190802.0,73.04,1.91,0,1,1,0.005,0.632,0.588
25.03,90.16,192.69,331.0,48.45,93.9,88.29,99.5,8.07,0.356,20536.1,161.7,8.44,113779.0,0.92,0.1,1,1,1,0.994,1.0,1.0
15.75,25.86,52.41,84.94,24.19,54.3,49.39,55.07,7.31,-0.134,14126.7,71.2,2.42,195204.0,75.0,2.05,0,0,0,0.005,0.448,0.376
42.69,83.24,182.39,303.24,42.81,118.21,84.09,99.5,9.51,0.659,24978.0,73.2,1.39,196724.0,0.92,2.47,1,1,1,1.0,1.0,1.0
15.28,30.76,52.74,128.53,16.26,61.21,55.84,67.62,6.82,0.142,15460.8,35.1,0.87,228150.0,59.57,2.58,0,1,1,0.022,0.69,0.971
1.75,4.66,4.71,11.85,1.4,3.05,30.18,38.3,5.33,-0.409,8119.6,161.2,3.92,72536.0,75.0,0.33,0,0,0,0.0,0.001,0.0
0.19,1.34,1.65,5.78,0.17,5.06,27.21,31.44,5.1,-0.443,10501.1,149.9,7.02,107248.0,75.0,0.41,0,0,0,0.0,0.0,0.0
1.33,8.37,10.28,28.79,1.77,5.41,41.1,47.14,5.17,-0.178,9232.9,126.0,4.99,132107.0,75.0,0.79,0,0,0,0.0,0.003,0.001
33.69,99.85,152.37,238.81,33.36,89.24,87.93,99.5,8.64,0.519,19355.8,143.8,1.61,95613.0,0.92,1.42,1,1,1,0.999,1.0,1.0
34.78,95.6,188.36,290.82,52.76,99.23,85.47,99.5,9.4,0.622,24866.0,57.0,1.55,189967.0,0.92,1.96,1,1,1,1.0,1.0,1.0
20.25,83.04,175.97,305.74,39.06,130.07,83.69,99.5,8.57,0.404,22597.6,101.5,5.15,139203.0,0.92,1.22,1,1,1,0.997,1.0,1.0
2.5,4.31,22.4,26.66,1.35,10.56,39.7,42.66,6.92,-0.264,12768.5,85.9,3.55,194830.0,75.0,1.6,0,0,0,0.0,0.076,0.005
31.55,85.39,140.16,237.06,35.53,106.61,86.62,99.5,8.88,0.432,22774.2,48.6,2.2,212484.0,0.92,2.08,1,1,1,0.999,1.0,1.0
0.46,0.66,3.51,16.79,2.67,9.03,27.71,34.62,5.77,-0.45,10441.1,105.5,4.42,148330.0,75.0,1.83,0,0,0,0.0,0.001,0.0
0.79,2.03,6.64,6.8,2.01,3.83,27.54,32.65,5.24,-0.45,7134.2,168.5,9.5,99546.0,75.0,0.16,0,0,0,0.0,0.0,0.0
10.89,23.92,42.74,92.81,16.16,59.97,55.19,62.99,6.51,-0.052,15351.8,40.8,1.6,214197.0,68.1,2.64,0,0,1,0.005,0.352,0.749
17.27,36.21,78.32,145.89,16.92,50.03,63.97,74.37,7.77,0.222,17013.5,77.3,2.17,176381.0,47.17,1.8,0,1,1,0.463,0.919,0.959
25.51,88.0,140.68,287.19,50.41,93.63,82.06,99.5,8.62,0.317,19677.9,65.1,1.21,190356.0,0.92,2.3,1,1,1,0.997,1.0,1.0
16.33,39.25,79.84,148.55,23.56,50.47,65.35,76.36,7.53,0.106,17053.3,69.5,2.75,220834.0,43.49,2.35,0,1,1,0.26,0.924,0.963
0.18,1.03,2.73,8.05,1.67,2.48,32.34,40.04,4.79,-0.45,6770.7,166.7,0.5,109833.0,75.0,0.52,0,0,0,0.0,0.0,0.0
0.25,3.41,3.44,5.38,1.14,1.71,33.69,39.45,6.16,-0.241,10124.7,102.9,3.26,167829.0,75.0,1.31,0,0,0,0.0,0.003,0.001
3.86,6.63,8.9,10.33,0.97,4.65,30.91,40.19,5.27,-0.375,11790.6,102.6,3.21,168615.0,75.0,1.43,0,0,0,0.0,0.001,0.001
4.16,5.76,10.48,13.09,1.95,2.91,35.04,43.84,5.12,-0.095,7597.7,145.3,1.52,96955.0,75.0,0.77,0,0,0,0.0,0.001,0.0
0.26,2.04,3.0,18.33,5.54,7.29,38.9,39.6,6.84,-0.314,15943.3,57.4,1.05,240328.0,75.0,1.55,0,0,0,0.0,0.093,0.005
28.06,70.1,143.52,268.29,43.05,117.32,83.51,99.5,7.82,0.55,17933.5,105.7,5.24,157231.0,0.92,1.83,1,1,1,0.996,1.0,1.0
1.3,1.56,6.35,34.02,0.05,2.86,34.7,37.55,5.62,-0.45,12240.6,97.3,3.81,175979.0,75.0,1.55,0,0,0,0.0,0.003,0.001
35.1,98.49,171.64,317.13,48.9,111.39,84.26,99.5,8.83,0.299,19901.8,121.6,4.48,132555.0,0.92,0.79,1,1,1,0.999,1.0,1.0
14.35,38.12,77.48,154.01,15.32,33.87,65.16,80.2,7.0,0.098,10712.8,179.9,7.29,60056.0,36.43,0.1,0,1,0,0.378,0.654,0.487
0.92,1.03,5.52,8.81,1.21,4.94,27.87,35.96,6.1,-0.371,10203.0,146.6,5.37,129062.0,75.0,0.1,0,0,0,0.0,0.003,0.0
11.28,23.29,64.7,132.93,22.02,57.98,59.2,71.98,6.77,0.079,12298.2,92.7,5.32,176867.0,51.55,1.78,0,1,1,0.074,0.608,0.912
30.38,80.42,140.03,284.31,43.34,121.41,89.94,99.5,7.55,0.573,14939.3,155.0,5.77,115776.0,0.92,0.47,1,1,1,0.996,0.998,1.0
8.9,30.43,48.59,109.84,26.15,60.96,54.58,64.89,7.76,-0.078,15982.3,59.8,0.52,212127.0,64.61,1.88,0,1,1,0.026,0.903,0.88
1.43,3.3,6.57,7.39,0.58,5.06,24.46,28.24,6.6,-0.45,13425.6,39.4,2.54,219974.0,75.0,2.45,0,0,0,0.0,0.008,0.001
82.82,185.32,360.63,596.33,109.97,253.57,86.28,99.5,10.32,0.956,33765.2,64.6,2.69,193676.0,0.92,1.79,1,1,1,1.0,1.0,1.0
1.19,1.49,3.29,6.76,3.84,5.91,38.58,43.9,7.48,-0.276,14034.9,84.4,2.06,180313.0,75.0,1.83,0,0,0,0.002,0.08,0.003
66.41,194.3,379.6,630.18,67.11,148.93,86.74,99.5,10.16,0.711,32806.1,109.0,1.36,139761.0,0.92,1.34,1,1,1,1.0,1.0,1.0
0.16,3.53,5.65,7.15,2.69,3.44,21.16,26.43,5.34,-0.45,8064.9,124.2,5.23,114356.0,75.0,1.07,0,0,0,0.0,0.001,0.0
34.73,99.39,185.87,345.36,45.2,102.34,81.62,99.5,9.0,0.519,21015.2,167.0,5.49,97576.0,0.92,0.1,1,1,1,1.0,1.0,1.0
7.62,24.18,64.75,142.1,29.44,60.38,65.88,80.28,7.04,-0.046,12984.2,108.9,6.9,141112.0,36.29,1.07,0,1,1,0.174,0.914,0.875
12.87,30.75,59.73,97.35,11.31,39.41,50.76,64.22,6.5,0.072,12974.3,107.7,3.1,152851.0,65.83,1.51,0,0,0,0.013,0.231,0.359
0.25,5.69,11.43,22.99,0.1,3.5,33.94,41.46,6.67,-0.45,15115.6,42.3,0.84,233700.0,75.0,2.06,0,0,0,0.0,0.017,0.005
1.16,2.61,6.9,30.32,2.84,5.08,20.34,34.89,6.07,-0.444,12968.2,40.1,2.05,223103.0,75.0,2.66,0,0,0,0.0,0.005,0.002
26.56,80.67,187.43,333.03,30.95,114.01,86.39,99.5,7.93,0.303,23303.5,114.9,5.94,163860.0,0.92,1.93,1,1,1,0.995,1.0,1.0
24.26,82.11,180.5,305.4,44.14,101.8,86.01,99.5,9.01,0.335,22114.8,98.5,3.75,145000.0,0.92,1.66,1,1,1,0.998,1.0,1.0
8.97,31.2,70.95,142.12,15.65,54.62,56.22,69.01,6.37,-0.089,12542.8,156.7,7.39,95907.0,57.02,1.08,0,0,1,0.018,0.224,0.789
5.48,16.99,47.42,97.76,12.24,28.49,43.96,55.77,6.66,-0.074,17471.4,58.3,2.0,213734.0,75.0,2.25,0,1,0,0.001,0.547,0.378
1.13,2.07,2.14,8.9,0.73,3.74,41.29,44.09,6.81,-0.08,13541.9,38.6,1.51,232841.0,75.0,2.16,0,0,0,0.001,0.051,0.003
17.09,30.32,75.24,109.54,11.77,48.15,62.45,70.63,7.0,-0.022,13838.1,100.1,5.6,140414.0,54.03,1.5,0,0,1,0.054,0.49,0.705
1.66,3.03,4.38,23.34,6.26,22.34,38.48,46.02,6.55,-0.339,12969.9,69.4,3.21,209741.0,75.0,2.48,0,0,0,0.0,0.037,0.005
1.21,4.58,11.49,30.73,10.04,15.86,30.28,37.6,5.86,-0.369,11575.1,42.2,1.35,240520.0,75.0,2.11,0,0,0,0.0,0.004,0.007
13.61,28.01,60.95,134.97,16.11,32.03,61.16,71.85,6.68,-0.033,11968.1,140.1,8.31,101786.0,51.8,0.56,0,0,0,0.018,0.488,0.204
9.25,33.58,72.4,111.76,10.24,45.31,50.6,63.77,7.23,-0.015,18006.2,51.2,0.5,229195.0,66.66,1.8,0,1,1,0.026,0.55,0.803
1.04,1.25,14.78,26.32,2.11,8.83,33.73,38.82,5.48,-0.45,10849.2,123.2,8.86,137776.0,75.0,1.05,0,0,0,0.0,0.002,0.001
0.49,2.54,5.97,47.03,0.28,5.26,37.3,47.42,6.16,-0.234,10240.6,75.8,0.5,169888.0,75.0,1.49,0,0,0,0.0,0.018,0.004
12.48,34.85,74.81,105.41,15.13,35.55,51.42,67.52,7.6,0.011,18576.9,60.2,1.43,195003.0,59.76,2.51,0,1,1,0.099,0.82,0.745
0.74,6.64,6.66,14.69,4.32,13.45,32.03,40.08,6.71,-0.282,12003.2,90.1,3.09,188997.0,75.0,1.65,0,0,0,0.0,0.02,0.003
36.43,104.62,174.07,276.94,31.72,99.4,82.04,99.5,7.42,0.509,20132.5,151.2,4.89,103190.0,0.92,1.0,1,1,1,0.997,0.999,1.0
0.73,1.89,2.37,5.52,0.46,10.54,35.94,36.97,6.15,-0.309,10073.2,91.9,4.88,161311.0,75.0,1.47,0,0,0,0.0,0.005,0.001
4.07,4.08,4.83,31.19,0.08,10.13,41.16,43.49,5.37,-0.238,8283.5,143.9,2.3,94489.0,75.0,0.47,0,0,0,0.0,0.002,0.001
29.5,86.05,181.88,281.39,33.52,118.07,81.78,99.5,8.5,0.426,22682.8,53.2,2.11,208434.0,0.92,1.72,1,1,1,0.999,1.0,1.0
17.8,37.0,76.76,153.82,14.57,40.08,64.36,76.01,6.58,0.173,9873.9,147.1,3.62,96871.0,44.14,0.5,0,1,1,0.193,0.566,0.518
0.3,0.46,5.73,7.62,0.19,1.74,24.51,30.76,5.46,-0.31,11714.6,69.4,2.8,184084.0,75.0,1.98,0,0,0,0.0,0.001,0.0
5.79,16.84,33.94,107.8,25.59,66.38,49.84,53.23,5.71,-0.325,9568.8,133.2,4.51,94007.0,75.0,1.12,0,0,0,0.0,0.025,0.294
2.43,9.66,10.49,38.12,1.49,2.13,39.93,52.33,6.31,-0.385,10876.8,117.0,4.29,156654.0,75.0,1.38,0,0,0,0.0,0.009,0.002
13.53,27.08,43.48,77.41,18.47,58.27,50.17,57.65,5.78,0.036,9720.5,169.7,4.26,90888.0,75.0,0.1,0,0,0,0.001,0.101,0.09
9.04,30.07,46.74,96.43,12.55,53.46,54.0,59.77,6.19,-0.023,12626.5,91.2,2.35,151507.0,74.02,1.57,0,0,0,0.002,0.204,0.436
44.2,92.22,201.55,341.74,30.04,96.73,83.21,99.5,9.14,0.702,27576.3,44.6,1.79,228532.0,0.92,1.93,1,1,1,1.0,1.0,1.0
15.84,32.92,64.42,116.8,17.9,33.72,54.72,64.3,7.74,0.002,19647.4,37.8,1.96,221133.0,65.68,2.45,0,1,1,0.079,0.837,0.756
13.08,34.12,72.82,134.05,16.83,32.5,64.61,72.92,6.59,0.195,15047.8,154.9,3.75,90203.0,49.83,0.8,0,1,0,0.045,0.631,0.486
42.39,94.56,180.63,276.19,34.97,79.74,81.81,99.5,8.99,0.801,22658.6,111.1,2.15,141525.0,0.92,0.93,1,1,1,1.0,1.0,1.0
15.38,34.37,68.01,143.98,13.17,33.28,60.65,69.48,6.98,0.142,9187.6,147.4,6.79,96690.0,56.15,1.06,0,0,0,0.098,0.424,0.263
7.46,22.66,63.89,137.96,21.81,56.56,55.74,70.13,7.62,0.022,19018.9,69.0,2.37,227254.0,54.96,2.59,0,1,1,0.067,0.887,0.981
16.67,35.28,57.18,122.42,25.4,59.46,49.1,62.46,7.19,0.063,15958.6,85.0,4.25,171351.0,69.07,1.91,0,1,1,0.053,0.818,0.839
0.38,1.66,4.2,6.09,1.2,1.82,36.26,40.16,6.35,-0.331,13448.8,39.4,0.74,220638.0,75.0,2.26,0,0,0,0.0,0.012,0.002
32.49,69.52,176.43,276.14,46.35,88.15,82.16,99.5,7.67,0.496,18346.2,174.4,0.52,59262.0,0.92,0.28,1,1,1,0.998,1.0,1.0
24.82,87.55,144.26,274.51,30.07,95.65,85.02,99.5,8.3,0.43,19223.0,131.8,3.35,137448.0,0.92,0.93,1,1,1,0.997,0.999,1.0
1.53,8.05,10.77,32.8,3.24,4.47,36.67,46.6,5.34,-0.098,6054.8,170.3,3.61,50841.0,75.0,0.21,0,0,0,0.0,0.004,0.0
41.87,102.48,158.73,313.86,36.18,102.05,85.28,99.5,9.31,0.504,22038.4,73.5,2.47,180364.0,0.92,1.9,1,1,1,1.0,1.0,1.0
11.06,29.69,64.64,106.29,17.05,36.39,53.04,67.28,6.86,-0.03,13691.1,123.7,2.91,153308.0,60.21,0.76,0,0,0,0.016,0.229,0.324
6.64,28.66,66.19,118.32,11.92,40.42,62.76,70.02,6.89,-0.033,10862.4,133.4,6.45,123601.0,55.16,0.4,0,0,0,0.022,0.271,0.364
0.42,4.18,4.59,11.79,1.79,16.66,36.87,40.99,5.87,-0.287,9707.7,81.0,2.42,185625.0,75.0,1.78,0,0,0,0.0,0.004,0.001
6.16,16.1,60.74,111.02,24.87,63.38,59.67,71.96,6.66,-0.002,13761.2,158.0,5.96,122411.0,51.59,0.62,0,1,1,0.008,0.669,0.768
9.09,20.73,44.02,112.23,26.81,62.79,46.13,59.76,5.33,-0.197,8218.2,172.3,6.52,76889.0,74.05,0.24,0,0,0,0.0,0.029,0.205
0.7,1.46,3.68,33.19,3.98,5.35,29.12,34.86,4.98,-0.38,4829.4,163.3,6.29,73412.0,75.0,0.15,0,0,0,0.0,0.0,0.0
9.26,30.52,58.32,116.96,18.45,40.72,52.48,62.8,6.41,-0.076,9838.9,142.2,4.91,105171.0,68.45,0.93,0,0,0,0.004,0.223,0.294
52.55,130.93,241.95,421.24,68.57,169.21,83.21,99.5,9.19,0.671,26214.6,75.2,3.32,172690.0,0.92,1.5,1,1,1,1.0,1.0,1.0
21.9,70.56,151.75,307.32,42.15,83.85,87.2,99.5,8.7,0.432,24382.2,75.8,1.57,207838.0,0.92,1.75,1,1,1,0.999,1.0,1.0
9.71,31.6,56.81,101.39,28.38,52.3,55.14,61.3,6.7,0.02,10204.7,174.7,9.5,78994.0,71.2,0.91,0,0,0,0.008,0.472,0.173
17.61,39.77,75.3,135.21,14.5,51.41,62.24,71.96,7.32,0.025,17987.1,36.5,1.12,253077.0,51.59,2.55,0,1,1,0.228,0.874,0.959
0.51,2.17,2.61,6.83,1.51,3.72,32.14,33.43,5.3,-0.245,11089.4,138.8,1.58,131602.0,75.0,0.48,0,0,0,0.0,0.001,0.0
58.74,157.06,334.1,538.41,85.31,221.4,77.57,99.5,9.79,0.613,30190.4,137.4,5.27,108900.0,0.92,0.53,1,1,1,1.0,1.0,1.0
78.66,180.28,375.61,565.09,72.63,208.07,83.81,99.5,10.18,0.876,32388.1,125.3,2.47,115481.0,0.92,1.13,1,1,1,1.0,1.0,1.0
7.28,30.58,57.18,122.09,21.4,38.04,62.41,74.46,6.1,-0.008,10330.1,178.6,8.39,64945.0,46.99,0.1,0,0,0,0.015,0.202,0.287
1.48,5.38,21.56,28.02,1.4,8.67,43.73,48.97,6.2,-0.204,12378.6,80.2,6.0,170642.0,75.0,1.12,0,0,0,0.0,0.033,0.006
0.38,0.9,1.47,47.41,0.63,5.59,39.93,47.91,5.29,-0.419,10696.4,84.3,1.76,181319.0,75.0,1.83,0,0,0,0.0,0.002,0.005
0.72,1.4,11.19,18.67,1.67,2.55,35.8,40.48,6.55,-0.162,14329.3,46.4,1.9,241246.0,75.0,2.3,0,0,0,0.0,0.025,0.005
9.21,29.92,55.22,110.51,12.29,52.79,58.14,69.81,6.21,-0.153,12498.3,99.2,0.5,158431.0,55.55,1.59,0,0,1,0.005,0.262,0.766
1.61,5.18,5.97,14.17,0.06,1.38,31.57,39.13,5.84,-0.217,11916.1,72.9,3.15,194827.0,75.0,1.91,0,0,0,0.0,0.004,0.001
9.52,33.06,77.84,138.73,20.34,48.54,65.55,74.76,7.19,0.002,17428.7,84.8,1.62,176843.0,46.44,1.64,0,1,1,0.135,0.881,0.949
5.24,26.84,61.99,124.46,26.18,69.02,52.81,62.13,7.13,-0.106,13005.0,156.0,3.71,104825.0,69.67,0.44,0,1,1,0.005,0.559,0.589
0.59,1.98,16.76,29.86,3.81,4.69,38.56,44.46,5.22,-0.45,6921.4,170.6,2.59,65209.0,75.0,0.59,0,0,0,0.0,0.001,0.0
27.93,78.59,147.61,298.35,47.9,140.35,81.47,99.5,8.02,0.485,20457.5,61.9,2.98,172736.0,0.92,2.45,1,1,1,0.997,1.0,1.0
0.47,0.56,1.15,4.09,2.04,2.74,30.93,34.39,6.49,-0.404,10246.3,89.0,4.73,180246.0,75.0,1.45,0,0,0,0.0,0.006,0.0
29.54,96.35,153.84,240.28,48.9,127.29,81.88,99.5,8.67,0.535,17732.4,169.7,6.01,91236.0,0.92,0.14,1,1,1,0.999,1.0,1.0
16.84,36.1,79.48,121.71,16.84,57.02,61.41,67.21,7.66,-0.066,17423.6,44.0,0.85,233941.0,60.33,1.9,0,1,1,0.087,0.847,0.918
2.0,4.73,7.55,7.77,0.66,1.26,32.96,39.53,6.6,-0.22,14397.6,48.4,3.08,212326.0,75.0,1.92,0,0,0,0.0,0.022,0.001
0.06,3.8,4.37,9.67,7.58,9.43,34.49,41.79,5.82,-0.45,12776.6,58.6,1.26,192649.0,75.0,2.09,0,0,0,0.0,0.006,0.001
50.66,162.05,344.94,524.02,100.47,202.19,86.81,99.5,10.48,0.673,31722.6,121.3,0.5,141850.0,0.92,0.5,1,1,1,1.0,1.0,1.0
14.01,24.13,51.97,107.99,24.51,59.01,54.92,64.77,7.34,-0.12,16884.3,56.8,2.46,213940.0,64.83,2.19,0,1,1,0.024,0.879,0.829
16.09,27.23,62.06,98.45,19.56,50.3,51.67,58.68,5.77,0.123,9782.5,175.4,2.65,67668.0,75.0,0.56,0,0,0,0.002,0.072,0.082
0.03,0.22,7.53,11.58,0.85,4.43,27.93,33.74,6.03,-0.326,12470.8,99.8,5.27,187609.0,75.0,0.91,0,0,0,0.0,0.005,0.0
7.87,19.15,46.79,79.74,28.34,71.54,51.93,59.0,6.28,0.015,12671.0,107.7,3.03,136534.0,75.0,1.04,0,0,0,0.001,0.304,0.335
0.71,1.3,3.84,5.11,1.01,1.28,33.32,39.42,5.85,-0.369,14996.1,70.8,3.25,221707.0,75.0,1.88,0,0,0,0.0,0.004,0.002
73.25,159.79,316.65,458.54,86.23,166.49,86.74,99.5,10.56,0.853,31474.2,103.3,6.22,156530.0,0.92,1.35,1,1,1,1.0,1.0,1.0
82.01,182.08,301.08,488.83,62.3,184.77,87.45,99.5,8.81,0.963,28275.8,131.0,1.73,95293.0,0.92,1.16,1,1,1,1.0,1.0,1.0
23.06,76.98,145.31,286.24,46.88,133.53,80.61,99.5,8.82,0.365,17798.8,143.9,3.57,104607.0,0.92,0.77,1,1,1,0.998,1.0,1.0
82.65,210.83,344.24,591.7,81.91,196.0,85.47,99.5,9.85,0.941,30963.9,144.3,4.85,121219.0,0.92,1.19,1,1,1,1.0,1.0,1.0
2.43,2.83,5.42,16.21,0.14,7.13,35.98,36.94,5.87,-0.368,10129.0,118.8,7.45,131971.0,75.0,1.08,0,0,0,0.0,0.002,0.0
0.45,3.13,13.66,28.92,4.34,4.6,36.97,41.67,5.52,-0.238,7032.4,166.1,3.85,58520.0,75.0,0.2,0,0,0,0.0,0.002,0.0
0.81,2.89,7.57,9.06,2.14,2.69,43.46,43.96,5.01,-0.231,7412.5,153.5,3.73,93303.0,75.0,0.36,0,0,0,0.0,0.001,0.0
0.08,1.67,5.34,43.41,2.4,5.53,40.8,50.73,5.23,-0.354,6017.1,144.8,6.31,93416.0,75.0,1.02,0,0,0,0.0,0.001,0.0
53.58,132.71,297.36,468.57,95.33,184.49,85.22,99.5,10.16,0.739,32701.1,43.1,1.06,235702.0,0.92,2.27,1,1,1,1.0,1.0,1.0
0.5,4.21,11.32,16.4,0.46,11.58,33.22,37.65,6.14,-0.45,14692.3,36.0,1.36,248404.0,75.0,2.55,0,0,0,0.0,0.007,0.003
39.03,106.31,169.67,283.63,32.39,78.4,83.26,99.5,9.21,0.655,23337.3,65.8,0.5,185190.0,0.92,2.12,1,1,1,1.0,1.0,1.0
25.52,72.65,182.48,296.25,54.43,144.17,81.49,99.5,7.81,0.325,20008.2,131.2,9.5,111960.0,0.92,0.39,1,1,1,0.992,1.0,1.0
8.2,18.66,40.96,115.08,23.31,51.85,61.52,65.99,6.71,0.012,12984.5,94.6,1.02,177801.0,62.58,1.18,0,0,1,0.01,0.407,0.733
2.06,2.73,3.83,13.88,3.12,4.17,39.3,42.93,5.13,-0.254,10289.3,93.3,2.73,155099.0,75.0,1.23,0,0,0,0.0,0.002,0.001
0.28,1.89,2.47,19.0,1.72,4.24,37.67,42.68,5.26,-0.349,5941.8,163.3,5.62,67850.0,75.0,0.29,0,0,0,0.0,0.001,0.0
2.47,5.77,6.41,12.96,0.78,6.44,23.3,27.27,4.86,-0.45,5323.9,164.9,9.5,64492.0,75.0,0.39,0,0,0,0.0,0.0,0.0
14.35,30.37,70.08,120.58,26.07,42.03,60.41,70.66,7.53,0.031,13286.4,166.8,1.86,85084.0,53.99,0.79,0,1,0,0.196,0.921,0.473
6.75,27.6,46.03,110.22,24.47,59.34,61.89,70.97,6.71,0.015,14543.1,80.5,5.69,188023.0,53.42,2.08,0,1,1,0.015,0.659,0.904
15.64,32.33,74.25,132.72,20.16,50.44,65.24,72.51,6.52,0.145,11892.3,135.2,6.57,107496.0,50.58,0.85,0,1,1,0.064,0.584,0.605
42.8,87.55,179.25,278.66,33.23,125.68,82.81,99.5,8.43,0.751,21561.3,74.4,3.16,190812.0,0.92,1.73,1,1,1,1.0,1.0,1.0
6.69,26.35,54.09,125.94,25.46,44.78,54.84,64.21,7.92,0.058,17248.6,62.6,1.08,227741.0,65.85,1.76,0,1,1,0.052,0.919,0.882
0.76,0.83,3.07,17.53,0.53,6.34,31.58,38.24,5.87,-0.311,12747.0,61.8,2.8,191263.0,75.0,2.02,0,0,0,0.0,0.006,0.003
21.33,57.71,109.36,211.76,46.35,92.26,79.08,96.15,7.76,0.352,16288.9,84.6,1.86,149197.0,7.09,1.72,1,1,1,0.979,0.999,1.0
6.87,26.2,29.13,39.21,5.23,10.37,48.25,58.56,6.39,-0.17,12996.1,97.3,5.63,170014.0,75.0,1.72,0,0,0,0.001,0.039,0.014
0.22,4.15,5.2,11.95,1.52,5.94,32.0,37.01,5.05,-0.321,6310.6,155.5,2.72,91759.0,75.0,0.89,0,0,0,0.0,0.0,0.0
23.75,61.8,163.77,309.91,48.31,124.74,83.83,99.5,8.75,0.493,23005.8,52.4,1.73,206489.0,0.92,1.43,1,1,1,0.999,1.0,1.0
73.77,172.36,305.51,512.91,107.54,254.57,84.64,99.5,10.19,0.976,29755.6,141.6,3.54,119904.0,0.92,0.8,1,1,1,1.0,1.0,1.0
63.62,147.16,337.22,566.58,80.24,169.17,86.39,99.5,10.68,0.805,32017.9,112.1,1.93,158115.0,0.92,1.69,1,1,1,1.0,1.0,1.0
1.67,2.63,6.35,16.47,2.41,5.11,34.57,37.27,5.1,-0.404,9862.6,76.8,3.71,154773.0,75.0,1.64,0,0,0,0.0,0.001,0.0
13.2,22.58,57.54,97.25,17.84,48.22,61.54,64.6,7.23,-0.002,14998.9,106.5,4.75,142460.0,65.14,1.69,0,1,0,0.036,0.553,0.476
1.39,4.78,9.67,10.87,0.98,2.13,34.39,38.19,6.81,-0.293,14159.1,78.5,4.46,220573.0,75.0,1.66,0,0,0,0.0,0.02,0.001
60.94,169.75,297.11,507.41,104.24,242.73,83.03,99.5,9.68,0.85,28383.4,121.4,0.5,143033.0,0.92,1.19,1,1,1,1.0,1.0,1.0
1.55,6.27,8.31,25.41,0.12,0.32,36.99,40.27,6.28,-0.313,10558.6,97.9,5.3,172653.0,75.0,1.13,0,0,0,0.0,0.01,0.001
0.48,1.03,3.96,6.38,7.42,14.09,30.43,36.74,5.53,-0.296,12471.2,58.8,4.71,226987.0,75.0,1.7,0,0,0,0.0,0.007,0.002
44.56,111.87,218.94,328.39,47.43,100.62,82.83,99.5,9.68,0.676,27915.2,51.9,1.39,217971.0,0.92,2.35,1,1,1,1.0,1.0,1.0
70.43,187.73,342.61,524.11,85.38,170.42,86.13,99.5,10.8,0.827,33415.4,114.3,7.9,154825.0,0.92,1.5,1,1,1,1.0,1.0,1.0
14.37,30.05,72.0,148.16,12.51,57.39,62.46,69.32,6.29,-0.008,11961.8,165.8,5.02,91751.0,56.44,0.51,0,0,1,0.021,0.194,0.754
4.2,6.67,13.65,13.87,7.04,9.17,36.85,45.13,5.65,-0.13,12340.2,84.9,0.87,186237.0,75.0,1.29,0,0,0,0.0,0.011,0.002
16.83,31.37,70.02,120.92,17.25,60.66,56.96,66.09,7.12,0.093,13186.4,141.3,4.17,105628.0,62.39,0.87,0,1,1,0.048,0.638,0.584
37.48,106.08,188.68,342.15,55.9,99.87,85.72,99.5,8.04,0.565,19441.6,130.5,7.03,125974.0,0.92,1.38,1,1,1,0.999,1.0,1.0
14.97,23.29,63.16,109.75,21.97,59.45,57.91,70.92,6.09,0.014,10327.0,170.1,3.39,67084.0,53.52,0.96,0,0,1,0.015,0.296,0.513
1.22,4.01,12.93,18.55,1.58,2.26,29.99,39.49,4.71,-0.45,8310.6,154.0,3.73,95342.0,75.0,0.58,0,0,0,0.0,0.0,0.0
0.76,1.16,5.18,9.88,3.92,5.39,31.55,41.25,5.47,-0.294,9522.1,117.2,5.35,121883.0,75.0,0.7,0,0,0,0.0,0.003,0.0
27.17,81.82,142.34,238.65,57.41,124.76,87.77,99.5,7.72,0.456,18045.0,130.3,4.57,111817.0,0.92,1.26,1,1,1,0.994,1.0,1.0
7.68,16.22,45.21,112.34,17.02,39.46,58.78,70.52,5.41,0.036,9063.4,165.3,7.52,77446.0,54.24,0.43,0,0,0,0.002,0.115,0.087
29.91,103.27,178.66,279.44,49.92,134.51,83.0,99.5,8.66,0.445,24040.5,92.9,3.65,154328.0,0.92,1.83,1,1,1,0.999,1.0,1.0
5.29,22.78,62.87,103.65,28.43,60.76,55.83,64.75,7.22,-0.136,13884.4,82.4,3.59,173562.0,64.87,1.78,0,1,1,0.007,0.752,0.823
11.72,36.1,54.99,122.0,26.37,56.03,60.15,66.94,7.38,0.013,16906.6,36.6,1.0,233660.0,60.82,2.08,0,1,1,0.044,0.761,0.929
45.26,146.72,270.54,489.3,96.93,219.42,81.66,99.5,8.58,0.699,26291.1,154.8,6.07,100214.0,0.92,0.68,1,1,1,1.0,1.0,1.0
1.2,1.47,1.88,24.72,0.1,1.27,30.4,41.32,5.54,-0.283,7627.4,151.1,2.77,112868.0,75.0,1.1,0,0,0,0.0,0.001,0.0
17.19,32.99,68.23,109.31,15.41,45.68,49.55,53.95,7.39,-0.169,17502.3,50.1,2.92,212868.0,75.0,2.11,0,0,1,0.011,0.451,0.72
1.22,9.3,12.71,13.92,0.91,1.89,33.4,37.79,5.8,-0.371,10544.5,118.6,2.8,157653.0,75.0,0.87,0,0,0,0.0,0.005,0.0
0.35,2.11,3.64,7.73,6.89,9.95,29.94,38.37,5.79,-0.412,10762.9,102.3,5.66,171346.0,75.0,0.93,0,0,0,0.0,0.003,0.001
26.54,72.58,171.24,322.16,53.77,117.5,83.48,99.5,8.43,0.539,23072.9,52.2,1.61,224906.0,0.92,1.89,1,1,1,0.999,1.0,1.0
39.11,111.61,171.58,320.52,59.71,119.87,82.07,99.5,8.21,0.52,18317.7,177.2,6.85,69686.0,0.92,0.22,1,1,1,0.999,1.0,1.0
8.79,26.4,49.57,86.84,29.06,58.8,50.94,58.05,7.29,0.008,16748.5,66.1,1.73,205430.0,75.0,2.17,0,1,1,0.005,0.701,0.68
0.77,1.1,3.91,20.21,0.57,2.18,41.73,46.09,6.78,-0.274,15581.3,44.7,0.75,244107.0,75.0,1.9,0,0,0,0.0,0.056,0.005
0.24,1.33,9.23,12.48,0.06,2.75,36.7,41.21,6.47,-0.37,10218.1,121.3,0.5,152850.0,75.0,1.61,0,0,0,0.0,0.007,0.001
68.18,157.91,325.66,470.96,77.03,168.59,84.99,99.5,9.8,0.751,30607.7,142.1,2.27,129461.0,0.92,0.44,1,1,1,1.0,1.0,1.0
0.31,1.52,4.24,5.41,0.21,4.14,28.17,32.02,6.04,-0.442,16541.8,39.7,1.16,232975.0,75.0,3.0,0,0,0,0.0,0.005,0.003
30.1,72.16,136.26,273.86,31.81,99.79,82.72,99.5,8.71,0.448,18351.4,130.5,5.07,131708.0,0.92,1.52,1,1,1,0.999,1.0,1.0
0.54,4.7,10.95,24.97,0.97,4.46,37.17,45.03,5.06,-0.392,10049.1,112.2,5.97,165534.0,75.0,1.31,0,0,0,0.0,0.002,0.001
70.59,160.53,349.72,627.6,75.72,219.82,84.59,99.5,10.23,0.903,34000.0,50.0,1.35,210676.0,0.92,1.66,1,1,1,1.0,1.0,1.0
65.04,162.86,307.65,488.53,105.98,245.24,83.88,99.5,9.63,0.728,31398.5,60.0,1.15,203205.0,0.92,2.0,1,1,1,1.0,1.0,1.0
0.7,4.18,9.25,12.98,0.39,6.72,37.84,44.52,6.01,-0.422,11692.3,117.4,1.06,139413.0,75.0,1.08,0,0,0,0.0,0.006,0.0
40.29,115.16,166.32,289.55,54.55,126.59,80.53,99.5,8.78,0.443,23614.0,78.0,3.4,199928.0,0.92,1.38,1,1,1,1.0,1.0,1.0
1.49,1.86,1.86,3.03,0.96,2.35,33.92,37.31,4.59,-0.396,5360.4,171.1,9.5,88461.0,75.0,0.52,0,0,0,0.0,0.0,0.0
2.49,2.7,5.04,43.03,1.4,1.9,44.51,55.52,6.3,-0.152,9188.2,153.7,8.88,92076.0,75.0,0.43,0,0,0,0.0,0.03,0.002
8.79,27.44,42.8,121.21,21.34,57.46,49.25,64.14,5.88,0.07,8526.2,177.6,8.49,44230.0,65.98,0.12,0,0,0,0.005,0.091,0.16
11.49,35.77,68.45,131.55,27.22,68.06,59.45,72.05,7.81,0.013,16828.9,72.7,3.38,196510.0,51.44,1.77,0,1,1,0.197,0.963,0.986
0.03,0.87,2.0,2.08,4.19,5.52,27.9,33.46,4.77,-0.378,7540.3,175.6,9.5,55493.0,75.0,0.19,0,0,0,0.0,0.0,0.0
9.51,19.2,63.9,135.21,21.44,59.6,66.44,72.23,6.38,0.008,13440.5,97.5,4.0,140616.0,51.1,2.1,0,1,1,0.011,0.565,0.876
1.8,4.47,5.24,20.53,1.69,6.19,37.58,45.65,5.74,-0.45,12375.0,85.4,3.98,158574.0,75.0,1.49,0,0,0,0.0,0.003,0.002
0.94,8.77,12.71,22.94,3.7,5.37,35.09,40.67,6.25,-0.305,12101.2,42.3,1.24,234135.0,75.0,2.4,0,0,0,0.0,0.013,0.002
9.11,25.66,58.19,99.22,23.65,62.72,53.62,62.13,7.95,-0.076,17533.9,42.7,0.5,249234.0,69.67,2.31,0,1,1,0.049,0.872,0.933
12.51,29.4,53.23,128.71,25.09,54.5,58.41,73.17,6.63,-0.075,12925.2,135.3,3.07,118173.0,49.36,1.04,0,1,1,0.013,0.675,0.682
13.57,27.3,44.09,84.29,11.59,41.84,45.03,53.29,5.85,0.032,15415.9,101.4,3.53,161491.0,75.0,1.55,0,0,0,0.001,0.095,0.255
13.09,27.55,58.46,92.73,25.4,41.38,52.32,62.34,7.13,0.015,15433.8,67.8,2.45,216329.0,69.3,2.17,0,1,0,0.009,0.808,0.451
35.86,88.19,149.22,271.07,57.33,120.08,84.78,99.5,8.14,0.371,17237.9,124.0,8.64,108002.0,0.92,1.18,1,1,1,0.998,1.0,1.0
9.78,20.2,53.04,124.44,21.23,41.18,57.92,66.9,6.7,0.014,16064.6,71.7,2.61,201805.0,60.91,1.92,0,1,1,0.008,0.652,0.829
1.3,1.38,8.66,39.19,1.82,9.29,36.74,40.72,5.79,-0.089,8843.6,118.8,6.68,137318.0,75.0,1.19,0,0,0,0.0,0.007,0.002
6.1,17.98,42.5,111.16,19.68,45.14,47.14,57.98,6.97,-0.139,14032.6,87.1,2.37,183989.0,75.0,1.59,0,0,1,0.002,0.414,0.519
7.05,28.84,44.45,91.32,14.86,33.73,44.56,51.01,5.38,-0.132,11869.3,154.4,4.54,87450.0,75.0,0.39,0,0,0,0.0,0.041,0.021
7.24,23.63,51.41,107.33,24.55,66.32,51.11,62.28,6.41,-0.137,8974.2,154.0,1.71,82930.0,69.41,0.65,0,0,0,0.003,0.163,0.362
6.54,15.95,40.56,97.87,12.0,48.48,50.08,61.59,6.98,-0.141,12676.6,104.2,2.26,157049.0,70.67,1.46,0,0,1,0.003,0.239,0.626
0.97,4.42,6.2,12.35,3.3,4.38,39.77,41.64,6.1,-0.201,13142.8,85.9,3.82,201695.0,75.0,1.77,0,0,0,0.0,0.01,0.002
0.58,0.61,3.85,26.74,0.06,3.39,25.82,35.71,6.29,-0.329,12574.2,87.6,3.08,187828.0,75.0,1.67,0,0,0,0.0,0.005,0.002
15.99,32.39,56.78,136.61,11.3,32.61,59.46,71.48,7.06,0.158,9861.8,151.8,7.89,90190.0,52.48,0.63,0,0,0,0.196,0.416,0.312
2.6,3.48,10.34,15.2,3.34,7.39,36.05,41.76,5.63,-0.328,10961.0,82.6,3.16,160782.0,75.0,1.67,0,0,0,0.0,0.003,0.001
11.09,27.98,48.31,84.1,24.34,64.8,49.76,60.3,7.15,-0.034,14024.0,65.3,1.87,176393.0,73.04,1.77,0,1,1,0.014,0.664,0.648
14.39,37.9,79.61,148.52,27.96,47.98,66.17,77.41,7.97,0.099,19879.1,47.3,3.48,243006.0,41.57,2.29,0,1,1,0.45,0.98,0.99
14.51,35.32,54.94,130.42,10.18,38.21,48.23,60.69,5.91,0.017,11808.2,102.7,3.42,142469.0,72.33,1.34,0,0,0,0.003,0.055,0.443
5.28,22.18,49.54,110.69,25.33,63.39,49.84,64.06,6.13,-0.106,14709.8,104.9,5.87,149226.0,66.14,1.43,0,0,1,0.001,0.191,0.751
1.54,1.81,3.97,24.28,2.12,6.12,32.01,40.23,5.83,-0.19,8770.8,156.9,4.36,111500.0,75.0,0.93,0,0,0,0.0,0.003,0.0
54.08,143.58,339.6,598.17,68.25,191.82,84.96,99.5,9.87,0.668,34000.0,67.1,3.2,175296.0,0.92,1.7,1,1,1,1.0,1.0,1.0
32.26,85.01,163.25,294.68,63.85,151.99,84.15,99.5,8.98,0.503,21983.1,90.2,4.67,194091.0,0.92,1.76,1,1,1,0.999,1.0,1.0
16.38,36.33,51.86,103.88,20.22,60.5,54.63,62.4,5.14,-0.144,9271.6,152.2,5.9,93533.0,69.19,0.71,0,0,0,0.0,0.021,0.285
3.07,4.58,6.01,10.94,1.73,2.85,27.62,36.69,5.1,-0.252,5859.7,154.4,0.5,77461.0,75.0,1.27,0,0,0,0.0,0.0,0.0
2.9,4.26,22.7,24.09,0.42,2.92,35.57,43.54,6.12,-0.385,13126.9,90.8,3.21,167367.0,75.0,1.51,0,0,0,0.0,0.01,0.003
16.29,30.31,70.43,121.7,27.06,50.38,59.05,69.69,7.51,0.009,13921.7,101.6,5.8,147273.0,55.78,1.63,0,1,1,0.198,0.911,0.8
0.77,1.58,2.55,9.11,0.82,6.23,30.69,38.96,5.82,-0.45,10174.7,79.0,3.51,191841.0,75.0,1.75,0,0,0,0.0,0.003,0.002
1.65,2.76,22.21,65.94,5.0,8.09,46.02,53.74,5.87,-0.333,7741.2,170.2,7.32,66013.0,75.0,0.1,0,0,0,0.0,0.004,0.002
10.36,23.68,39.13,100.72,21.06,54.96,50.62,60.38,6.51,0.001,13963.8,52.2,0.5,188681.0,72.91,1.97,0,0,1,0.003,0.496,0.621
12.49,22.83,58.69,106.71,20.33,46.3,58.1,66.93,6.11,-0.064,9830.7,170.4,3.75,72219.0,60.85,0.7,0,0,0,0.004,0.223,0.106
5.29,28.19,47.65,106.76,27.66,49.3,53.93,62.59,6.34,-0.226,8649.0,134.2,5.69,98659.0,68.83,0.83,0,0,0,0.001,0.176,0.1
10.36,24.78,42.45,93.63,19.59,35.39,41.48,54.25,6.12,-0.249,10882.1,112.1,4.75,148571.0,75.0,0.6,0,0,0,0.001,0.038,0.05
32.2,70.96,174.5,306.52,31.97,117.46,88.26,99.5,8.48,0.557,23695.7,39.7,2.26,214510.0,0.92,2.29,1,1,1,0.999,1.0,1.0
0.54,1.18,2.35,13.28,0.17,0.38,20.0,28.72,5.81,-0.45,8942.9,104.0,3.37,147926.0,75.0,1.06,0,0,0,0.0,0.001,0.0
13.16,37.85,67.35,118.02,28.94,51.17,59.94,75.08,7.72,0.07,14618.3,94.1,3.98,169791.0,45.86,1.57,0,1,1,0.231,0.934,0.785
0.33,6.22,10.38,11.05,2.24,8.24,37.05,43.81,7.04,-0.241,14322.7,58.4,2.06,206761.0,75.0,2.5,0,0,0,0.0,0.06,0.006
8.56,23.07,44.0,105.67,23.28,40.34,57.6,66.89,6.8,0.007,10535.0,130.2,2.24,127541.0,60.92,1.24,0,0,0,0.022,0.207,0.278
13.81,33.0,49.06,106.83,22.28,50.18,52.68,62.8,5.84,-0.006,8799.0,175.8,0.5,79224.0,68.44,0.82,0,0,0,0.001,0.06,0.2
2.78,3.77,4.05,17.42,1.86,17.66,35.24,43.06,5.14,-0.195,8362.0,116.5,4.98,122810.0,75.0,1.04,0,0,0,0.0,0.001,0.0
8.01,22.73,51.57,124.64,18.29,56.46,60.39,71.29,5.88,-0.112,10453.6,138.6,5.29,112667.0,52.84,0.85,0,0,1,0.003,0.201,0.597
23.92,75.31,134.61,290.59,36.22,99.27,85.89,99.5,7.72,0.36,19711.6,44.9,1.07,176147.0,0.92,1.92,1,1,1,0.992,0.999,1.0
0.1,6.46,10.37,49.76,0.09,0.76,34.15,43.55,6.17,-0.247,12795.7,95.6,0.56,169036.0,75.0,1.3,0,0,0,0.0,0.013,0.004
9.94,28.5,53.39,118.98,13.3,46.32,55.79,68.91,7.86,0.138,16076.6,51.9,2.4,213241.0,57.2,1.85,0,1,1,0.21,0.917,0.802
60.92,161.41,322.68,471.07,106.2,249.09,82.41,99.5,9.09,0.911,29726.4,123.9,3.74,116622.0,0.92,0.71,1,1,1,1.0,1.0,1.0
10.75,28.06,44.03,98.93,18.53,44.76,53.06,58.54,5.58,-0.184,6784.1,171.1,7.7,79440.0,75.0,0.84,0,0,0,0.0,0.013,0.046
40.38,82.66,143.24,264.97,54.05,95.28,85.51,99.5,8.01,0.556,18962.3,131.0,8.98,140441.0,0.92,0.37,1,1,1,0.999,1.0,1.0
33.65,80.59,176.01,293.52,59.19,121.03,86.01,99.5,8.77,0.522,26361.2,46.1,0.5,217496.0,0.92,2.62,1,1,1,0.999,1.0,1.0
2.11,5.26,12.3,32.39,1.33,2.94,49.26,53.28,6.08,-0.231,11483.1,86.4,1.94,162116.0,75.0,2.01,0,0,0,0.0,0.014,0.003
1.74,2.86,3.23,26.73,1.01,1.51,42.21,47.35,6.39,-0.216,10114.9,114.8,3.59,144660.0,75.0,1.38,0,0,0,0.001,0.026,0.001
36.16,106.75,208.41,332.77,33.08,111.4,84.97,99.5,8.95,0.688,23787.1,93.5,5.72,147808.0,0.92,1.2,1,1,1,1.0,1.0,1.0
35.22,78.63,182.66,269.59,43.06,88.26,88.47,99.5,8.64,0.426,20629.7,155.9,0.86,83040.0,0.92,0.17,1,1,1,1.0,1.0,1.0
2.92,3.01,5.22,28.97,0.58,0.97,33.65,42.44,6.24,-0.401,10311.4,153.1,9.5,114583.0,75.0,0.52,0,0,0,0.0,0.004,0.0
0.16,1.46,3.7,18.89,0.54,4.78,31.42,37.74,5.56,-0.316,8196.2,123.7,4.63,132474.0,75.0,1.29,0,0,0,0.0,0.001,0.0
17.99,40.68,74.75,151.74,29.82,61.93,74.55,84.31,7.28,0.162,16060.2,89.2,2.97,144826.0,28.87,1.6,1,1,1,0.768,0.967,0.984
26.84,98.44,199.09,285.86,62.77,122.92,79.09,99.5,9.14,0.468,25367.7,72.0,2.26,166617.0,0.92,1.53,1,1,1,1.0,1.0,1.0
9.19,23.02,47.62,103.42,21.6,49.36,48.32,59.2,6.3,-0.083,14403.8,50.4,1.37,222009.0,75.0,2.5,0,0,1,0.002,0.302,0.782
61.5,175.74,286.01,558.58,95.72,232.3,86.55,99.5,9.88,0.746,30450.9,86.5,4.66,189184.0,0.92,2.14,1,1,1,1.0,1.0,1.0
61.88,189.83,299.85,450.56,100.2,239.3,84.84,99.5,9.8,0.709,29740.6,94.9,1.5,141844.0,0.92,1.45,1,1,1,1.0,1.0,1.0
26.78,85.57,167.5,289.67,50.84,145.5,85.86,99.5,8.29,0.421,16460.7,133.0,5.48,127153.0,0.92,1.0,1,1,1,0.998,1.0,1.0
17.84,42.52,73.98,119.89,21.2,54.88,55.17,70.54,6.69,0.052,13686.2,130.4,3.66,143435.0,54.21,0.56,0,1,1,0.118,0.519,0.719
9.05,27.81,61.47,136.64,14.75,50.68,57.65,70.3,7.33,0.082,17995.2,45.2,0.96,254119.0,54.65,2.1,0,1,1,0.036,0.884,0.968
0.72,1.07,2.59,3.3,0.77,1.02,33.44,37.44,5.15,-0.356,10523.1,92.3,7.53,174193.0,75.0,1.71,0,0,0,0.0,0.001,0.0
17.03,26.76,66.28,141.59,19.35,35.97,56.61,69.26,7.79,-0.038,18547.2,61.4,2.61,213973.0,56.57,2.1,0,1,1,0.214,0.938,0.921
12.75,24.74,45.04,103.37,17.13,54.04,52.41,59.24,6.11,0.05,14199.6,57.7,2.66,178717.0,75.0,1.89,0,0,1,0.005,0.195,0.601
12.69,34.79,51.54,93.28,21.34,62.75,51.57,59.82,6.28,-0.069,12714.1,155.0,8.6,125546.0,73.92,0.58,0,0,1,0.002,0.294,0.535
15.57,35.13,67.35,128.92,14.27,47.13,57.72,71.36,7.18,0.234,17848.5,41.1,0.5,222074.0,52.71,2.15,0,1,1,0.264,0.835,0.893
11.42,25.95,67.59,139.06,11.53,56.11,66.54,77.27,7.86,0.053,17404.3,95.8,6.37,151060.0,41.83,1.42,0,1,1,0.43,0.937,0.942
25.75,69.36,175.99,291.58,58.19,114.04,86.45,99.5,9.27,0.339,25197.4,59.4,0.5,204904.0,0.92,2.15,1,1,1,1.0,1.0,1.0
16.35,38.5,69.08,134.34,29.28,57.84,64.95,75.35,7.01,0.084,12494.1,162.5,3.44,107672.0,45.36,0.1,0,1,1,0.143,0.84,0.772
0.82,4.03,5.98,44.98,0.08,1.89,38.19,43.35,6.34,-0.322,11201.0,115.8,3.1,174196.0,75.0,1.2,0,0,0,0.0,0.013,0.001
14.28,29.58,52.36,103.03,27.63,59.04,51.5,65.68,6.66,-0.014,14883.0,68.6,3.12,199621.0,63.15,2.0,0,1,1,0.011,0.74,0.81
58.4,168.7,333.76,552.22,79.56,165.33,90.21,99.5,9.63,0.679,31252.3,107.9,4.2,165549.0,0.92,1.16,1,1,1,1.0,1.0,1.0
35.52,87.31,163.04,261.76,38.73,122.04,91.63,99.5,7.22,0.465,17358.3,141.1,4.51,111369.0,0.92,0.71,1,1,1,0.994,0.999,1.0
0.78,1.07,1.26,4.31,1.34,4.7,35.42,37.47,5.25,-0.231,6860.7,173.9,6.05,55721.0,75.0,0.25,0,0,0,0.0,0.001,0.0
6.87,22.24,39.42,71.31,27.27,62.02,45.07,52.68,6.36,-0.196,14838.7,67.0,1.16,221794.0,75.0,1.77,0,0,1,0.001,0.225,0.51
76.24,157.16,296.15,498.28,92.9,215.69,83.56,99.5,9.45,1.08,26495.6,163.5,1.32,74472.0,0.92,0.54,1,1,1,1.0,1.0,1.0
0.96,1.39,3.96,24.8,1.42,2.2,24.08,29.46,5.58,-0.345,7248.5,170.5,8.2,98464.0,75.0,0.47,0,0,0,0.0,0.001,0.0
0.64,4.15,4.73,15.16,6.72,8.4,29.39,32.27,5.5,-0.413,6980.7,167.9,7.97,98021.0,75.0,0.1,0,0,0,0.0,0.001,0.0
0.05,2.56,2.75,5.31,0.1,0.75,35.62,38.76,5.62,-0.307,9159.6,127.1,8.08,136648.0,75.0,1.25,0,0,0,0.0,0.001,0.0
16.11,36.61,61.86,136.72,23.3,51.74,53.65,65.02,7.17,-0.023,16444.1,126.3,2.62,155846.0,64.35,0.98,0,1,1,0.039,0.821,0.661
5.89,26.31,52.58,97.72,15.77,31.0,51.2,60.3,7.5,-0.037,19457.9,93.5,4.44,201327.0,73.06,2.12,0,1,1,0.008,0.788,0.711
1.63,2.02,4.96,5.16,1.98,3.59,39.13,42.34,6.28,-0.208,7757.3,144.1,4.31,104454.0,75.0,0.46,0,0,0,0.0,0.005,0.0
13.2,22.73,45.72,81.23,22.92,41.18,51.92,61.38,6.12,0.008,11648.3,112.0,6.32,133423.0,71.06,1.01,0,0,0,0.005,0.15,0.088
1.15,1.51,13.0,19.46,0.27,0.42,43.07,50.34,5.83,-0.293,9291.7,133.2,7.11,92162.0,75.0,0.91,0,0,0,0.0,0.005,0.0
9.28,32.44,51.75,121.29,18.35,57.44,60.67,67.33,7.0,0.018,15745.9,97.1,3.77,197119.0,60.12,1.61,0,1,1,0.027,0.701,0.909
16.37,41.33,58.37,128.19,11.39,35.84,61.69,69.01,6.06,-0.0,10869.5,141.1,4.08,104124.0,57.03,0.27,0,0,0,0.009,0.088,0.294
13.4,29.0,60.96,139.27,26.37,52.28,63.23,72.02,6.56,-0.06,12758.0,154.5,8.08,111568.0,51.49,0.41,0,1,1,0.019,0.559,0.702
1.1,1.22,3.64,14.89,2.51,10.62,26.97,34.87,6.17,-0.361,13556.1,56.2,2.62,201401.0,75.0,2.25,0,0,0,0.0,0.006,0.002
8.68,32.02,66.86,100.74,17.61,46.9,51.7,63.93,6.05,-0.194,12478.1,155.8,3.53,116144.0,66.37,0.36,0,0,0,0.001,0.127,0.198
9.58,19.55,51.1,87.69,28.3,69.26,44.86,54.94,6.99,-0.163,12296.5,113.3,1.26,133487.0,75.0,1.66,0,0,0,0.002,0.358,0.383
11.18,20.33,51.9,111.51,27.77,44.79,57.95,69.71,6.82,0.039,11845.0,157.5,4.69,73152.0,55.73,0.49,0,1,0,0.041,0.519,0.385
14.0,31.57,51.81,87.89,23.88,49.07,54.15,63.07,7.0,0.107,12841.1,97.5,6.07,159826.0,67.95,1.21,0,1,0,0.071,0.689,0.299
18.0,41.2,73.17,135.26,13.18,55.0,57.68,68.13,6.88,0.013,14764.5,90.0,5.01,164070.0,58.64,1.77,0,0,1,0.051,0.288,0.892
0.74,2.58,10.84,10.91,1.36,4.81,30.23,36.05,5.11,-0.45,7243.2,167.7,2.51,87724.0,75.0,0.96,0,0,0,0.0,0.0,0.0
0.21,0.39,3.45,12.96,0.8,8.29,33.11,39.71,6.27,-0.287,14294.1,71.4,1.0,193526.0,75.0,1.98,0,0,0,0.0,0.02,0.002
0.43,2.25,3.07,3.21,1.11,3.73,29.39,37.16,4.72,-0.352,5518.8,157.4,9.12,100523.0,75.0,1.0,0,0,0,0.0,0.0,0.0
14.94,30.57,53.93,114.14,17.62,39.63,51.24,61.64,7.3,-0.014,14465.2,105.2,1.53,149415.0,70.59,1.87,0,0,1,0.016,0.455,0.604
16.83,33.96,54.97,118.52,26.06,63.82,63.16,67.14,7.22,-0.074,13004.5,109.5,4.84,138571.0,60.45,1.03,0,1,1,0.033,0.756,0.809
34.99,90.77,187.41,324.06,50.0,126.18,86.32,99.5,9.34,0.583,25551.4,79.7,1.91,175573.0,0.92,2.01,1,1,1,1.0,1.0,1.0
24.22,60.01,165.88,320.7,57.58,118.06,84.63,99.5,9.28,0.219,22094.1,118.1,7.57,168965.0,0.92,0.73,1,1,1,0.999,1.0,1.0
23.77,73.06,166.64,273.45,57.86,134.87,80.82,99.5,9.23,0.399,19873.3,82.2,1.74,184791.0,0.92,1.83,1,1,1,0.999,1.0,1.0
13.19,37.0,78.81,144.39,13.98,57.15,62.48,76.42,8.53,0.183,19455.4,40.7,2.26,201411.0,43.39,2.27,1,1,1,0.792,0.984,0.986
0.31,1.47,8.49,11.3,2.04,4.18,28.38,33.51,5.69,-0.392,11802.4,74.4,2.85,182869.0,75.0,2.18,0,0,0,0.0,0.002,0.001
35.6,108.92,207.42,311.09,32.0,125.19,87.97,99.5,8.1,0.482,25156.5,35.9,1.42,238343.0,0.92,2.71,1,1,1,0.999,1.0,1.0
1.06,1.53,5.48,5.99,0.42,3.92,36.27,42.0,5.65,-0.406,7323.7,176.9,0.5,95447.0,75.0,0.52,0,0,0,0.0,0.001,0.0
10.23,23.76,58.42,131.74,23.57,52.48,65.58,76.52,6.67,0.011,10825.7,175.0,0.5,85390.0,43.2,0.46,0,1,1,0.053,0.589,0.705
1.29,4.26,10.23,14.63,0.24,4.25,36.14,39.26,5.7,-0.168,9658.9,92.3,2.86,155417.0,75.0,1.71,0,0,0,0.0,0.003,0.001
49.84,147.56,278.33,464.82,83.53,235.23,82.15,99.5,9.12,0.6,26138.8,140.6,5.55,147539.0,0.92,0.88,1,1,1,1.0,1.0,1.0
13.85,24.76,66.15,121.17,14.09,44.91,62.41,69.29,7.68,0.069,15932.4,85.1,1.26,177362.0,56.5,1.64,0,1,1,0.091,0.798,0.826
0.25,1.4,7.95,20.85,1.3,2.2,32.35,39.19,4.87,-0.421,8553.9,132.3,2.04,139925.0,75.0,1.41,0,0,0,0.0,0.001,0.001
8.67,33.3,58.59,119.39,19.99,35.69,55.24,61.58,6.62,-0.108,9335.0,151.8,6.85,80530.0,70.7,1.17,0,0,0,0.002,0.089,0.072
3.47,3.7,8.0,28.0,2.76,8.56,41.38,43.78,6.01,-0.414,6889.3,172.3,7.78,37292.0,75.0,0.37,0,0,0,0.0,0.002,0.0
74.59,171.32,361.99,629.73,81.85,200.63,82.31,99.5,10.3,0.888,33003.6,93.0,3.03,147237.0,0.92,1.61,1,1,1,1.0,1.0,1.0
11.31,24.05,42.5,85.6,26.88,58.17,50.22,59.08,5.69,-0.107,6773.1,148.6,7.29,52951.0,75.0,0.77,0,0,0,0.001,0.051,0.094
16.05,36.72,62.18,101.44,21.34,64.42,55.6,63.1,6.62,0.111,16392.7,73.6,1.02,223410.0,67.9,1.34,0,1,1,0.027,0.574,0.834
2.19,5.8,11.58,20.58,0.37,1.55,32.5,39.08,5.72,-0.403,7431.6,178.6,5.11,68900.0,75.0,0.22,0,0,0,0.0,0.001,0.0
34.45,82.1,179.0,288.85,33.99,117.03,83.93,99.5,9.61,0.456,25391.2,38.7,2.5,219646.0,0.92,2.8,1,1,1,1.0,1.0,1.0
37.45,82.58,191.45,303.7,53.82,143.89,83.58,99.5,9.01,0.593,22765.7,122.5,4.44,139775.0,0.92,0.9,1,1,1,1.0,1.0,1.0
23.9,94.06,186.3,279.7,53.26,141.36,79.92,99.5,8.09,0.382,21958.4,130.6,4.87,126086.0,0.92,1.64,1,1,1,0.992,1.0,1.0
39.98,105.4,165.08,260.33,49.17,121.08,87.22,99.5,7.66,0.532,20084.8,134.8,9.5,127594.0,0.92,1.3,1,1,1,0.999,1.0,1.0
3.45,5.03,6.47,9.01,0.11,0.36,35.47,44.7,6.48,-0.29,15126.2,52.5,0.51,235196.0,75.0,2.24,0,0,0,0.0,0.029,0.005
67.97,148.54,335.19,558.69,103.24,217.44,78.85,99.5,9.45,0.746,27499.3,171.1,8.44,70347.0,0.92,0.6,1,1,1,1.0,1.0,1.0
12.75,29.68,74.28,144.12,21.91,55.11,65.55,74.04,7.56,0.026,15506.2,61.3,3.98,193277.0,47.77,1.72,0,1,1,0.346,0.891,0.969
26.22,90.61,199.58,289.93,52.3,120.79,85.79,99.5,8.83,0.414,24231.6,125.3,3.65,142058.0,0.92,1.0,1,1,1,0.999,1.0,1.0
16.06,24.06,43.15,75.01,13.26,49.5,43.03,54.5,7.41,-0.162,16721.5,67.3,3.4,211289.0,75.0,2.34,0,0,0,0.007,0.37,0.438
0.18,2.61,10.72,11.14,0.05,16.12,38.58,42.19,6.52,-0.415,12041.7,79.5,1.38,186055.0,75.0,1.55,0,0,0,0.0,0.023,0.005
13.75,24.14,48.35,127.6,14.54,52.13,52.64,59.97,6.8,0.051,13538.9,114.2,2.59,175580.0,73.65,1.56,0,0,1,0.009,0.268,0.774
0.33,1.6,10.11,10.45,0.73,3.07,34.48,40.57,6.65,-0.302,13812.9,95.5,4.0,158841.0,75.0,1.09,0,0,0,0.0,0.016,0.002
13.13,21.61,48.93,96.15,10.54,36.2,52.3,62.56,6.6,-0.007,14270.9,58.2,2.88,196623.0,68.89,1.68,0,0,1,0.015,0.151,0.548
17.11,29.78,62.35,107.25,12.13,35.83,56.3,66.6,6.84,-0.001,17336.6,59.8,3.3,214528.0,61.46,2.59,0,1,1,0.037,0.555,0.756
0.76,1.64,5.56,41.29,0.14,4.56,34.21,39.64,5.46,-0.328,9795.7,95.6,6.05,155119.0,75.0,1.5,0,0,0,0.0,0.002,0.002
45.05,115.11,237.07,444.26,62.4,200.17,82.6,99.5,8.44,0.404,23220.8,144.8,4.89,113666.0,0.92,0.64,1,1,1,0.999,1.0,1.0
46.17,145.9,316.75,490.0,88.96,189.91,87.37,99.5,9.66,0.511,25920.3,165.2,9.33,69259.0,0.92,0.92,1,1,1,1.0,1.0,1.0
25.35,93.09,163.06,308.18,37.59,97.16,85.96,99.5,8.81,0.449,21145.4,47.2,1.36,217358.0,0.92,2.57,1,1,1,0.999,1.0,1.0
22.57,77.43,150.32,230.8,46.27,90.36,84.24,99.5,7.85,0.318,22477.4,92.0,4.71,197963.0,0.92,1.83,1,1,1,0.994,0.999,1.0
15.88,32.27,67.97,139.03,11.02,36.14,69.36,76.48,7.68,0.096,18215.3,49.5,1.92,214473.0,43.28,1.99,0,1,1,0.34,0.891,0.912
5.33,14.17,30.31,84.2,19.01,35.85,47.64,56.93,6.0,-0.127,14585.0,37.4,1.61,223130.0,75.0,2.25,0,0,0,0.0,0.169,0.279
0.37,1.07,2.47,14.76,2.39,3.84,37.29,39.31,5.7,-0.412,12841.3,130.9,5.58,140421.0,75.0,1.09,0,0,0,0.0,0.003,0.001
76.53,171.6,328.62,488.99,71.64,209.85,85.31,99.5,10.15,0.862,30179.1,122.4,0.75,117408.0,0.92,1.33,1,1,1,1.0,1.0,1.0
44.43,107.61,160.86,252.3,45.6,125.89,86.47,99.5,8.04,0.561,22954.8,58.6,0.87,199241.0,0.92,1.88,1,1,1,0.999,1.0,1.0
24.15,89.18,172.53,314.49,49.52,122.66,83.66,99.5,8.39,0.399,24290.6,68.9,2.54,205965.0,0.92,1.94,1,1,1,0.997,1.0,1.0
54.95,168.16,354.12,616.1,61.47,191.44,79.9,99.5,9.98,0.565,34000.0,38.4,0.5,247951.0,0.92,2.4,1,1,1,1.0,1.0,1.0
17.86,35.84,55.98,129.86,15.29,31.64,64.03,73.92,5.79,0.135,10646.8,156.1,7.8,111026.0,47.98,1.03,0,0,0,0.028,0.277,0.248
10.6,20.3,38.76,91.92,22.25,64.42,48.48,60.53,5.11,-0.075,7274.8,176.3,8.94,57196.0,72.63,0.58,0,0,0,0.0,0.012,0.101
73.21,193.77,340.83,525.43,89.64,225.28,83.04,99.5,10.37,0.887,34000.0,54.6,2.23,223370.0,0.92,1.64,1,1,1,1.0,1.0,1.0
12.39,24.88,50.98,103.39,10.28,51.68,55.61,65.2,6.38,-0.075,15887.0,68.6,1.02,190732.0,64.03,1.83,0,0,1,0.004,0.24,0.742
11.65,32.42,52.57,110.41,28.52,49.95,51.0,61.89,5.95,-0.055,9595.1,160.9,9.5,77812.0,70.13,0.29,0,0,0,0.001,0.148,0.246
9.5,24.1,50.6,110.63,17.88,53.1,53.59,63.14,6.36,0.014,11457.3,169.3,9.5,94843.0,67.82,0.62,0,0,0,0.003,0.125,0.329
11.3,21.98,65.44,107.41,21.25,38.07,57.93,67.56,6.98,0.047,13054.0,95.8,3.61,156742.0,59.68,1.78,0,1,0,0.035,0.655,0.353
42.97,115.09,186.96,276.64,56.95,111.37,80.89,99.5,9.45,0.674,25269.5,42.3,1.87,233365.0,0.92,2.3,1,1,1,1.0,1.0,1.0
14.11,37.67,70.37,143.43,14.49,56.81,68.14,79.36,7.02,0.047,17615.2,40.7,1.57,233480.0,37.98,2.21,0,1,1,0.161,0.839,0.986
7.95,19.78,61.18,118.93,25.99,65.06,53.82,65.15,5.36,-0.006,8093.0,118.2,5.27,122071.0,64.12,1.2,0,0,0,0.001,0.054,0.493
1.25,1.77,6.49,7.27,0.45,4.05,21.86,28.86,5.19,-0.45,11464.6,92.0,3.02,184128.0,75.0,1.62,0,0,0,0.0,0.001,0.001
16.8,37.92,62.89,134.08,29.33,54.29,59.94,76.4,7.76,-0.06,17109.2,39.2,1.35,241419.0,43.42,2.12,0,1,1,0.315,0.943,0.98
52.47,134.32,280.35,427.68,84.39,222.97,80.69,99.5,9.44,0.745,26751.7,119.6,6.13,106720.0,0.92,0.8,1,1,1,1.0,1.0,1.0
0.91,9.68,12.16,12.32,1.27,10.57,33.68,39.55,6.45,-0.283,15878.3,36.6,2.83,240195.0,75.0,1.73,0,0,0,0.0,0.019,0.005
0.12,0.75,5.78,9.96,2.9,4.8,29.58,34.68,4.53,-0.274,5867.5,149.2,1.46,89403.0,75.0,1.12,0,0,0,0.0,0.0,0.0
1.91,3.91,4.26,10.11,0.81,6.62,26.9,30.13,5.96,-0.45,12368.6,79.4,2.63,201137.0,75.0,1.89,0,0,0,0.0,0.003,0.0
70.0,186.64,330.13,566.98,63.26,146.2,88.86,99.5,10.74,0.859,32691.0,40.8,0.56,209314.0,0.92,2.4,1,1,1,1.0,1.0,1.0
8.74,29.89,60.91,111.35,27.93,57.85,61.59,68.47,7.27,-0.043,13428.4,120.3,7.66,130280.0,58.02,1.53,0,1,1,0.019,0.63,0.698
69.54,198.69,355.7,605.39,80.69,163.6,87.06,99.5,9.72,0.933,33427.0,92.7,2.26,174233.0,0.92,1.17,1,1,1,1.0,1.0,1.0
15.85,39.9,67.93,123.12,18.48,63.39,60.96,68.23,6.66,-0.067,10012.3,176.2,1.59,69374.0,58.46,0.1,0,0,0,0.016,0.152,0.37
16.74,25.44,63.81,123.85,10.5,38.84,53.46,62.37,6.14,-0.016,14109.5,113.9,5.3,154754.0,69.25,1.36,0,0,1,0.006,0.199,0.714
23.74,93.66,144.43,294.28,62.93,106.94,84.98,99.5,8.21,0.391,20539.7,74.9,4.97,167332.0,0.92,1.89,1,1,1,0.996,1.0,1.0
1.53,3.52,15.86,35.06,2.37,11.46,41.36,44.14,5.68,-0.241,10599.2,137.9,6.47,139336.0,75.0,0.38,0,0,0,0.0,0.004,0.001
7.08,21.48,61.76,96.84,28.71,66.06,62.3,72.66,7.43,0.026,16756.3,74.4,2.88,198638.0,50.3,1.92,0,1,1,0.052,0.944,0.898
10.71,24.47,43.9,78.58,18.47,58.76,50.4,58.6,5.87,-0.09,11431.9,166.1,7.04,101057.0,75.0,0.38,0,0,0,0.002,0.054,0.191
0.91,2.41,3.95,6.0,9.23,9.32,39.44,42.97,6.08,-0.341,11772.8,89.3,5.4,185912.0,75.0,1.35,0,0,0,0.0,0.007,0.001
9.05,30.13,60.75,106.44,29.85,63.43,52.24,62.28,6.04,-0.081,12339.6,114.7,2.21,142149.0,69.41,1.13,0,0,1,0.002,0.328,0.609
0.42,5.13,5.78,13.25,3.66,18.06,27.25,32.46,5.84,-0.348,11251.2,42.3,1.4,209937.0,75.0,1.53,0,0,0,0.0,0.002,0.002
0.58,0.95,4.3,38.89,2.19,5.42,33.05,42.88,5.19,-0.386,9616.1,96.8,2.6,155402.0,75.0,1.31,0,0,0,0.0,0.003,0.001
0.44,2.77,11.41,17.06,0.55,2.85,34.8,42.3,5.52,-0.345,9472.3,155.7,2.18,117012.0,75.0,0.44,0,0,0,0.0,0.002,0.0
29.4,83.2,138.95,245.84,58.93,120.95,83.75,99.5,7.68,0.421,15906.4,151.8,4.42,118599.0,0.92,0.87,1,1,1,0.998,0.999,1.0
4.13,7.21,9.03,12.51,2.31,3.57,33.64,40.37,6.19,-0.45,13727.3,67.5,3.71,189675.0,75.0,1.86,0,0,0,0.0,0.024,0.001
3.14,3.45,3.56,6.56,1.87,8.17,41.13,46.0,6.06,-0.425,9268.7,67.8,3.06,156388.0,75.0,2.09,0,0,0,0.0,0.003,0.001
0.22,2.42,3.04,12.98,0.04,2.89,31.19,39.66,4.42,-0.45,7383.6,153.5,7.15,92599.0,75.0,0.1,0,0,0,0.0,0.0,0.0
11.78,20.51,56.19,114.81,22.46,53.36,59.0,65.03,6.51,-0.041,11774.6,169.9,6.39,71795.0,64.34,0.19,0,0,0,0.005,0.346,0.483
14.39,31.31,73.98,151.15,24.53,66.89,58.8,75.24,7.18,0.128,17747.4,48.8,2.17,217661.0,45.56,2.34,0,1,1,0.352,0.948,0.993
43.08,88.56,198.19,299.59,30.65,123.57,86.07,99.5,8.89,0.527,22394.3,100.3,2.06,167618.0,0.92,1.35,1,1,1,1.0,1.0,1.0
25.59,83.96,192.2,276.15,39.43,112.91,86.62,99.5,8.52,0.272,21460.6,83.9,2.47,192426.0,0.92,1.93,1,1,1,0.998,1.0,1.0
1.73,5.84,14.45,16.67,0.92,5.31,39.73,44.71,6.11,-0.218,9156.8,161.2,6.2,101355.0,75.0,0.1,0,0,0,0.0,0.006,0.0
1.51,2.43,3.88,8.52,4.45,12.86,39.22,42.92,6.33,-0.288,14364.8,47.1,1.88,230152.0,75.0,2.42,0,0,0,0.0,0.047,0.014
0.02,1.0,2.99,51.46,5.77,9.23,37.61,44.87,6.6,-0.327,12017.5,65.6,2.67,174253.0,75.0,1.74,0,0,0,0.0,0.033,0.018
46.83,128.31,277.38,551.65,64.74,208.04,87.71,99.5,9.24,0.634,25923.4,144.1,4.68,101953.0,0.92,0.59,1,1,1,1.0,1.0,1.0
7.49,24.12,62.13,126.75,25.51,64.92,55.2,66.97,6.99,-0.135,18697.6,42.4,1.2,263636.0,60.77,2.56,0,1,1,0.017,0.78,0.989
0.44,1.57,8.34,8.81,1.44,10.3,34.02,41.81,5.42,-0.248,9967.4,106.4,9.5,157912.0,75.0,1.7,0,0,0,0.0,0.002,0.001
2.6,6.67,6.76,33.0,4.85,8.67,37.3,37.8,5.64,-0.317,11263.7,99.1,5.09,166591.0,75.0,1.77,0,0,0,0.0,0.002,0.001
8.89,25.21,63.09,133.74,16.87,41.65,58.44,68.23,7.31,-0.038,16932.0,83.5,3.54,185206.0,58.46,2.29,0,1,1,0.035,0.645,0.919
1.6,4.5,7.38,13.92,2.14,2.26,23.63,25.0,5.53,-0.45,8121.7,92.2,2.84,175575.0,75.0,1.93,0,0,0,0.0,0.0,0.0
21.89,79.82,142.43,284.42,57.03,136.08,85.82,99.5,8.31,0.37,18519.9,111.8,3.01,110044.0,0.92,1.04,1,1,1,0.994,1.0,1.0
16.75,27.14,49.92,92.53,25.65,56.29,51.5,58.46,7.15,0.01,15524.8,58.4,1.91,206329.0,75.0,2.08,0,1,1,0.011,0.803,0.719
8.28,18.6,60.39,125.0,20.57,64.53,51.85,66.9,6.38,-0.182,13160.5,117.9,4.75,137904.0,60.9,1.08,0,0,1,0.004,0.3,0.84
16.04,27.07,57.32,111.62,26.89,46.36,52.44,60.58,6.9,-0.081,13023.5,151.8,0.5,117077.0,72.53,1.31,0,0,0,0.012,0.351,0.394
0.72,3.25,14.87,42.41,1.53,4.79,35.1,41.25,5.59,-0.359,8729.3,145.2,0.98,106447.0,75.0,1.13,0,0,0,0.0,0.002,0.0
16.08,36.74,78.12,152.91,26.65,41.93,72.25,82.14,7.85,0.132,17052.9,57.3,1.35,186524.0,32.87,2.0,1,1,1,0.551,0.985,0.961
27.77,78.91,169.59,274.14,41.32,103.34,82.59,99.5,8.04,0.367,22258.4,56.6,2.19,218482.0,0.92,2.33,1,1,1,0.997,1.0,1.0
17.42,32.85,52.07,82.39,14.73,57.9,46.99,51.77,6.78,-0.016,14418.1,73.9,2.27,179280.0,75.0,1.45,0,0,0,0.006,0.243,0.491
17.41,34.41,68.8,138.59,11.12,37.35,55.39,68.71,6.8,0.008,15402.6,87.4,5.38,156921.0,57.57,1.7,0,1,1,0.071,0.553,0.724
36.06,106.99,200.6,308.6,61.85,138.4,83.45,99.5,8.2,0.421,22774.9,94.2,0.78,154416.0,0.92,1.24,1,1,1,0.998,1.0,1.0
2.13,3.35,3.35,5.53,5.24,5.36,26.92,36.31,5.73,-0.397,8787.3,133.6,2.87,127870.0,75.0,0.46,0,0,0,0.0,0.002,0.0
12.75,27.7,55.59,105.63,11.35,30.02,53.17,65.73,7.26,0.112,18337.8,43.2,2.7,247019.0,63.05,2.49,0,1,1,0.09,0.927,0.714
0.08,0.22,0.57,14.89,0.24,1.3,27.85,32.75,6.51,-0.409,14717.8,40.0,1.5,239211.0,75.0,2.57,0,0,0,0.0,0.007,0.002
36.42,75.91,180.53,298.73,63.71,114.3,88.0,99.5,8.64,0.471,24927.2,91.8,4.68,179288.0,0.92,1.7,1,1,1,1.0,1.0,1.0
0.04,2.27,3.86,14.06,1.28,3.42,37.51,44.03,6.54,-0.343,9555.4,136.1,9.5,123789.0,75.0,0.87,0,0,0,0.0,0.008,0.0
16.07,27.33,57.32,108.12,23.48,39.98,55.53,69.1,7.39,-0.087,17954.2,63.0,1.42,205862.0,56.85,1.59,0,1,1,0.061,0.871,0.731
0.9,2.53,17.07,33.99,0.34,2.83,34.36,46.63,5.71,-0.301,10378.4,128.0,4.25,136832.0,75.0,0.69,0,0,0,0.0,0.002,0.001
1.84,3.7,5.46,11.13,0.91,0.99,35.4,39.67,5.78,-0.315,7816.4,72.7,2.19,156508.0,75.0,1.54,0,0,0,0.0,0.002,0.0
38.26,97.7,163.82,294.22,40.81,94.19,82.93,99.5,7.83,0.564,17124.0,163.5,0.5,85487.0,0.92,0.47,1,1,1,0.999,0.999,1.0
14.63,36.39,70.16,139.37,17.31,34.47,65.76,78.9,7.64,0.108,9690.6,164.9,4.85,66476.0,38.82,0.84,0,1,0,0.413,0.596,0.456
35.12,80.36,177.01,285.66,53.47,123.88,87.27,99.5,9.35,0.437,23936.7,78.1,3.97,203716.0,0.92,2.07,1,1,1,1.0,1.0,1.0
15.63,37.78,54.83,99.58,27.42,54.54,50.42,59.72,6.68,0.043,15314.4,68.3,3.06,195774.0,74.12,1.4,0,1,1,0.006,0.522,0.56
11.69,22.81,54.39,97.62,26.58,47.59,51.84,61.87,6.84,-0.081,14640.0,94.6,4.37,166897.0,70.16,1.31,0,1,0,0.007,0.67,0.34
29.0,67.8,153.08,308.44,36.06,77.15,84.98,99.5,8.35,0.357,20245.7,69.9,1.97,173571.0,0.92,1.66,1,1,1,0.998,0.999,1.0
0.66,4.11,18.88,19.51,3.08,4.69,38.56,41.0,5.44,-0.397,10844.7,132.5,3.07,136258.0,75.0,0.22,0,0,0,0.0,0.002,0.0
0.2,0.73,11.04,30.92,0.75,10.61,41.21,47.74,6.22,-0.31,8999.2,154.8,8.95,103675.0,75.0,0.83,0,0,0,0.0,0.008,0.001
0.13,1.11,5.34,94.75,1.25,7.08,41.04,54.63,5.72,-0.25,9420.6,132.6,3.45,129236.0,75.0,0.9,0,0,0,0.0,0.007,0.007
2.97,2.99,4.36,5.63,2.99,5.92,26.49,33.57,4.81,-0.417,5371.2,154.5,6.23,82368.0,75.0,0.63,0,0,0,0.0,0.0,0.0
0.12,1.49,4.37,18.73,3.02,3.35,36.37,43.63,6.13,-0.294,11698.2,92.6,3.51,157319.0,75.0,1.95,0,0,0,0.0,0.007,0.002
64.51,144.17,321.97,554.04,96.15,182.15,86.73,99.5,10.02,0.784,34000.0,57.7,3.54,214155.0,0.92,2.07,1,1,1,1.0,1.0,1.0
32.76,101.38,194.18,343.12,37.21,92.99,81.47,99.5,8.38,0.544,20020.6,142.0,7.45,99179.0,0.92,0.71,1,1,1,0.999,1.0,1.0
62.65,164.05,296.74,490.11,94.35,225.98,84.95,99.5,9.38,0.779,28598.8,87.3,1.02,181801.0,0.92,1.8,1,1,1,1.0,1.0,1.0
49.42,178.56,339.21,546.91,108.36,199.59,84.37,99.5,9.53,0.612,29554.3,132.3,1.8,88785.0,0.92,1.3,1,1,1,1.0,1.0,1.0
12.07,33.75,60.72,127.54,27.98,50.83,59.75,67.31,6.88,-0.042,14881.1,74.2,3.37,183595.0,60.16,1.9,0,1,1,0.025,0.713,0.704
0.33,1.45,3.62,5.03,0.53,7.75,32.7,41.4,6.09,-0.367,14280.6,46.8,1.58,250817.0,75.0,2.41,0,0,0,0.0,0.012,0.002
12.37,24.92,68.23,136.94,17.25,55.21,57.82,67.54,5.69,-0.083,10695.4,178.9,4.8,71883.0,59.73,0.27,0,0,1,0.005,0.06,0.727
34.9,97.25,166.54,263.3,38.88,83.48,88.41,99.5,9.19,0.476,25526.6,57.6,3.07,213323.0,0.92,2.02,1,1,1,1.0,1.0,1.0
11.12,26.03,41.11,113.92,23.64,52.04,52.99,59.7,5.21,-0.036,10318.5,178.3,6.84,95793.0,74.15,0.36,0,0,0,0.0,0.041,0.309
17.57,41.56,59.41,120.17,26.34,46.53,55.82,63.91,4.99,0.087,8265.1,176.7,6.35,32914.0,66.41,0.12,0,0,0,0.003,0.1,0.111
0.16,0.92,2.23,42.45,3.03,3.25,39.59,47.5,5.36,-0.272,6609.2,150.1,7.36,87646.0,75.0,0.56,0,0,0,0.0,0.002,0.0
15.22,26.11,51.83,97.75,15.45,39.71,53.16,62.1,6.33,0.257,11877.3,130.6,3.69,117243.0,69.74,1.42,0,0,0,0.013,0.33,0.216
14.8,27.34,66.36,100.91,21.9,62.79,50.98,60.31,6.84,-0.007,14327.6,118.8,7.51,150337.0,73.04,1.78,0,1,1,0.01,0.573,0.622
6.03,24.82,55.17,101.77,12.01,47.31,54.06,61.08,6.66,-0.253,11996.7,160.6,3.34,100433.0,71.62,1.06,0,0,0,0.001,0.112,0.399
27.73,76.29,169.35,324.98,41.68,122.75,85.89,99.5,7.73,0.456,21520.0,77.0,3.6,174647.0,0.92,1.37,1,1,1,0.997,0.999,1.0
3.77,4.02,7.04,7.17,3.49,4.67,31.09,38.43,5.52,-0.235,10490.5,102.8,6.25,171593.0,75.0,0.98,0,0,0,0.0,0.004,0.001
58.31,169.55,350.57,546.57,93.28,249.78,88.94,99.5,9.77,0.708,31050.8,124.8,1.27,124176.0,0.92,0.73,1,1,1,1.0,1.0,1.0
2.62,5.64,17.1,42.14,2.61,11.33,42.82,46.83,6.36,-0.384,12622.9,94.6,2.73,184627.0,75.0,1.56,0,0,0,0.0,0.016,0.004
77.7,177.83,333.04,474.27,61.51,201.21,82.41,99.5,10.11,0.778,31534.5,97.0,5.39,148128.0,0.92,0.64,1,1,1,1.0,1.0,1.0
12.21,33.15,76.64,129.26,11.77,45.57,65.58,78.16,7.19,0.082,16308.2,82.9,4.63,178681.0,40.19,1.51,0,1,1,0.185,0.844,0.884
22.49,82.35,164.01,300.99,42.28,90.2,84.18,99.5,8.11,0.29,18653.5,116.8,3.73,132471.0,0.92,1.62,1,1,1,0.996,0.999,1.0
0.32,3.2,5.8,15.14,0.78,7.12,39.65,44.24,5.42,-0.328,8213.8,158.3,3.45,105840.0,75.0,0.9,0,0,0,0.0,0.003,0.0
17.99,31.3,67.86,106.41,24.85,52.77,52.71,64.39,6.89,0.003,17335.6,64.2,3.35,195092.0,65.52,1.8,0,1,1,0.013,0.659,0.831
35.13,79.64,180.73,274.6,62.5,105.87,82.9,99.5,8.28,0.615,19763.8,170.5,9.5,74772.0,0.92,0.31,1,1,1,1.0,1.0,1.0
0.41,2.48,10.3,20.62,0.49,7.34,35.62,39.33,4.96,-0.285,10716.7,134.9,1.89,125701.0,75.0,1.11,0,0,0,0.0,0.001,0.001
1.09,1.75,5.05,18.55,2.28,6.79,34.62,39.09,5.51,-0.392,8058.7,154.4,2.06,102929.0,75.0,0.95,0,0,0,0.0,0.002,0.0
2.71,7.07,10.81,11.2,2.77,15.67,27.48,38.06,6.36,-0.372,10724.0,115.6,4.52,154527.0,75.0,1.06,0,0,0,0.0,0.003,0.001
0.44,2.77,8.63,20.86,5.12,7.36,37.26,41.9,5.61,-0.255,9977.2,148.0,6.86,105531.0,75.0,0.69,0,0,0,0.0,0.006,0.001
0.91,1.01,10.23,13.88,7.67,8.46,28.22,37.54,7.13,-0.352,14215.3,37.3,1.11,228907.0,75.0,2.17,0,0,0,0.0,0.05,0.004
8.29,24.53,59.35,111.38,17.04,48.24,54.84,66.39,6.75,-0.022,12114.8,153.7,7.26,90356.0,61.85,0.28,0,0,0,0.013,0.346,0.232
3.81,11.98,13.58,27.25,2.56,6.27,29.7,36.01,6.93,-0.251,14646.2,40.8,0.91,231401.0,75.0,2.22,0,0,0,0.0,0.048,0.003
6.47,23.64,61.54,101.58,16.96,38.08,56.1,67.38,6.09,-0.119,8176.2,164.0,0.5,86899.0,60.03,0.44,0,0,0,0.003,0.117,0.063
42.17,111.51,171.67,312.51,42.74,120.48,82.95,99.5,8.2,0.644,17904.1,178.8,4.89,63191.0,0.92,0.1,1,1,1,1.0,1.0,1.0
11.41,27.44,68.88,130.72,14.72,33.04,58.73,72.15,7.46,0.001,17368.7,77.6,2.81,187120.0,51.25,1.96,0,1,1,0.146,0.702,0.838
3.25,3.67,8.97,17.18,0.3,5.55,37.62,42.75,5.37,-0.45,11525.9,65.5,1.97,178646.0,75.0,2.08,0,0,0,0.0,0.002,0.001
16.76,26.82,43.84,116.33,20.02,55.26,48.32,61.59,5.3,-0.096,9819.7,146.0,2.06,114837.0,70.67,0.99,0,0,0,0.001,0.056,0.323
10.74,25.75,49.74,107.89,13.2,49.71,58.21,70.05,7.25,-0.066,17237.9,71.7,0.5,196690.0,55.11,1.62,0,1,1,0.039,0.684,0.813
0.96,5.66,15.81,43.51,1.84,3.18,41.83,46.88,5.4,-0.176,8632.4,160.5,4.13,102420.0,75.0,0.1,0,0,0,0.0,0.004,0.0
0.53,3.17,8.15,10.26,12.38,12.78,28.02,31.79,5.85,-0.423,13389.0,49.9,2.55,220108.0,75.0,2.3,0,0,0,0.0,0.008,0.002
69.28,171.15,334.33,549.06,62.9,222.57,81.11,99.5,9.89,0.814,34000.0,53.3,3.07,190008.0,0.92,1.91,1,1,1,1.0,1.0,1.0
44.53,100.51,163.01,257.64,32.0,105.65,79.75,99.5,8.7,0.711,19784.1,177.0,9.5,62251.0,0.92,0.1,1,1,1,1.0,1.0,1.0
0.78,2.13,5.11,29.86,0.15,2.9,39.23,49.35,5.39,-0.327,9408.0,132.7,2.7,117753.0,75.0,0.6,0,0,0,0.0,0.002,0.001
14.11,38.61,75.81,133.21,25.34,70.25,62.01,79.36,6.42,0.088,12891.2,157.8,2.25,101785.0,37.98,0.53,0,1,1,0.046,0.805,0.945
2.64,2.87,6.29,24.82,2.23,4.12,39.62,46.35,5.93,-0.268,10516.5,82.0,3.6,150513.0,75.0,2.17,0,0,0,0.0,0.007,0.001
57.9,165.52,312.63,507.51,101.84,207.09,83.43,99.5,10.37,0.721,30948.4,133.1,6.18,120910.0,0.92,0.82,1,1,1,1.0,1.0,1.0
70.8,193.2,359.16,568.15,61.77,196.29,83.62,99.5,10.67,0.881,33619.3,121.2,5.11,142307.0,0.92,0.81,1,1,1,1.0,1.0,1.0
7.2,11.33,15.36,22.96,0.51,4.63,33.14,37.49,5.53,-0.255,10781.0,122.5,0.5,123130.0,75.0,1.32,0,0,0,0.0,0.001,0.001
7.3,30.38,56.0,105.99,14.32,43.77,56.0,63.32,6.45,-0.149,12621.7,134.0,2.6,120359.0,67.5,1.01,0,0,0,0.002,0.118,0.224
13.85,26.99,63.05,124.08,17.45,41.83,69.48,81.05,7.68,-0.019,13737.0,118.4,4.08,128482.0,34.88,0.54,0,1,1,0.454,0.932,0.571
16.2,24.4,60.88,111.74,24.35,54.58,49.89,59.35,7.07,0.005,13734.9,97.2,4.26,152400.0,74.79,1.68,0,1,1,0.01,0.566,0.505
0.11,10.16,10.52,12.59,1.09,11.22,32.46,40.25,6.45,-0.45,12467.0,75.0,3.66,183863.0,75.0,2.44,0,0,0,0.0,0.011,0.004
8.81,26.48,57.12,103.63,23.93,53.97,53.46,63.92,6.34,-0.037,10257.8,146.4,5.51,93606.0,66.38,0.1,0,0,0,0.003,0.416,0.236
1.04,1.63,12.07,13.48,2.34,9.94,36.91,42.81,6.25,-0.258,12922.8,67.8,2.78,208883.0,75.0,1.53,0,0,0,0.0,0.021,0.003
6.09,14.58,39.58,109.07,24.35,64.01,56.43,63.66,7.12,-0.002,11131.2,135.4,4.95,106506.0,66.86,0.1,0,1,0,0.009,0.704,0.448
10.17,35.06,61.04,131.31,17.02,38.57,60.44,75.2,7.51,0.035,14703.5,68.8,3.26,183856.0,45.64,1.87,0,1,1,0.188,0.783,0.766
28.42,71.12,128.87,237.99,35.14,102.77,81.76,99.5,8.16,0.591,18799.7,125.7,5.11,155711.0,0.92,1.37,1,1,1,0.999,0.999,1.0
5.46,20.79,64.53,112.48,12.75,36.91,59.48,70.0,6.92,-0.157,12466.4,143.3,5.19,122419.0,55.2,0.86,0,0,0,0.022,0.279,0.196
15.29,28.62,55.12,124.56,15.21,44.56,53.89,69.61,6.64,0.166,13261.7,66.7,2.01,172021.0,55.91,2.34,0,0,1,0.051,0.41,0.824
21.58,63.54,126.11,243.2,58.73,118.23,85.29,99.5,7.88,0.3,21555.0,43.7,1.59,216098.0,0.92,2.5,1,1,1,0.994,1.0,1.0
9.95,23.06,47.68,97.85,27.99,43.72,53.55,59.89,6.76,-0.082,17242.5,54.0,2.36,218848.0,73.8,2.61,0,1,1,0.005,0.592,0.819
1.18,6.64,8.8,21.43,1.76,3.21,44.76,45.72,5.4,-0.278,8406.3,122.9,4.89,137413.0,75.0,1.46,0,0,0,0.0,0.002,0.001
0.18,0.8,1.03,18.4,1.52,6.91,35.44,41.45,5.08,-0.228,6963.8,158.2,6.62,67839.0,75.0,0.49,0,0,0,0.0,0.001,0.0
0.41,4.49,5.97,7.53,1.53,11.7,37.29,41.34,6.0,-0.423,13602.5,41.5,2.46,247549.0,75.0,2.3,0,0,0,0.0,0.008,0.003
0.64,2.45,4.85,12.19,0.48,2.4,36.77,43.19,5.61,-0.146,10665.2,141.5,5.63,122636.0,75.0,0.59,0,0,0,0.0,0.007,0.0
32.42,97.22,155.61,281.34,53.18,114.23,88.62,99.5,9.18,0.299,22467.4,84.5,1.97,185839.0,0.92,1.6,1,1,1,1.0,1.0,1.0
12.14,32.22,61.17,107.84,26.49,71.16,53.69,64.41,7.43,-0.032,13568.8,104.4,5.31,175087.0,65.48,1.4,0,1,1,0.038,0.872,0.852
0.29,5.8,8.95,16.08,4.47,12.91,33.26,38.16,5.98,-0.316,8486.3,169.7,1.77,83163.0,75.0,0.42,0,0,0,0.0,0.007,0.0
26.82,76.15,177.27,296.53,40.08,133.0,86.08,99.5,7.8,0.497,22511.5,83.1,1.29,186966.0,0.92,2.09,1,1,1,0.996,1.0,1.0
7.82,26.2,54.03,106.6,12.12,34.83,55.92,64.65,7.16,-0.181,13772.2,102.5,4.21,180397.0,65.04,1.31,0,0,1,0.007,0.404,0.552
7.17,27.91,63.85,133.55,23.99,42.85,59.19,71.91,8.06,-0.17,19782.6,37.0,1.64,252138.0,51.68,2.06,0,1,1,0.108,0.963,0.947
4.61,5.14,6.86,21.59,0.3,0.96,27.31,36.17,6.35,-0.231,14749.1,46.8,0.59,211179.0,75.0,1.94,0,0,0,0.0,0.009,0.004
2.51,3.52,7.9,31.39,7.24,8.07,41.53,45.85,6.16,-0.257,13535.3,72.5,2.04,202503.0,75.0,2.03,0,0,0,0.0,0.036,0.006
6.6,27.19,47.84,106.85,20.65,52.45,57.53,66.94,6.99,-0.212,16078.9,39.0,0.94,223190.0,60.83,1.89,0,1,1,0.004,0.685,0.704
36.24,105.28,171.59,296.01,41.78,99.31,84.76,99.5,8.79,0.468,20689.6,126.5,3.32,135703.0,0.92,1.0,1,1,1,0.999,1.0,1.0
0.02,2.31,16.69,33.88,0.56,4.96,40.39,44.89,6.17,-0.368,11364.0,96.8,5.03,170956.0,75.0,1.89,0,0,0,0.0,0.011,0.002
8.86,29.68,70.32,117.04,10.04,34.19,63.99,72.79,7.26,0.103,13049.2,114.5,5.46,121871.0,50.06,1.32,0,1,0,0.174,0.571,0.37
53.23,160.35,296.46,441.5,86.57,236.54,85.47,99.5,10.47,0.649,32362.7,60.3,2.09,205784.0,0.92,1.99,1,1,1,1.0,1.0,1.0
10.87,25.26,45.62,94.99,16.62,61.47,58.06,66.44,7.24,-0.036,13143.1,77.9,1.96,190487.0,61.76,1.75,0,1,0,0.033,0.68,0.474
5.4,17.46,34.52,107.39,18.35,57.23,53.69,64.71,6.6,-0.111,11190.1,131.3,1.41,115950.0,64.94,0.69,0,0,0,0.004,0.119,0.43
37.3,109.43,160.85,257.44,54.57,126.76,85.91,99.5,7.12,0.653,15249.1,175.0,9.5,74758.0,0.92,0.11,1,1,1,0.999,0.999,1.0
37.37,95.39,180.25,334.85,62.25,104.34,80.65,99.5,8.32,0.592,24449.0,42.3,1.93,241316.0,0.92,2.21,1,1,1,1.0,1.0,1.0
10.38,27.06,52.79,85.27,19.45,63.72,51.9,61.0,6.52,-0.016,11071.6,164.1,3.66,82614.0,71.76,0.61,0,0,0,0.003,0.475,0.441
21.81,89.47,151.21,277.36,43.55,102.74,86.44,99.5,8.29,0.38,18395.5,118.6,5.69,140992.0,0.92,1.46,1,1,1,0.995,1.0,1.0
16.32,40.86,67.46,129.49,21.13,38.44,62.07,75.14,6.66,0.121,13692.0,116.8,3.94,160629.0,45.75,1.23,0,1,1,0.118,0.732,0.771
21.03,86.97,160.64,265.24,64.5,109.18,84.93,99.5,8.46,0.283,20462.3,107.5,3.21,158049.0,0.92,1.74,1,1,1,0.991,1.0,1.0
55.76,177.17,324.52,546.32,62.42,216.04,85.33,99.5,10.21,0.773,34000.0,45.1,1.93,228938.0,0.92,2.71,1,1,1,1.0,1.0,1.0
6.78,18.41,38.11,92.99,26.34,49.34,50.56,62.1,6.74,-0.128,15461.1,48.0,1.04,207990.0,69.73,2.42,0,1,1,0.005,0.701,0.688
6.85,21.82,66.27,96.82,20.08,55.16,50.37,55.94,6.07,-0.251,14214.0,122.1,3.52,143507.0,75.0,1.49,0,0,0,0.001,0.12,0.399
15.49,36.17,53.41,106.5,11.57,45.17,55.71,64.6,6.76,-0.002,13857.8,84.4,3.14,183625.0,65.14,1.37,0,0,0,0.012,0.489,0.41
21.93,58.86,127.22,282.33,54.85,95.07,80.39,99.5,7.15,0.366,13773.5,168.0,4.37,97651.0,0.92,0.13,1,1,1,0.974,0.998,1.0
27.12,62.82,130.48,265.32,56.59,140.82,84.8,99.5,8.3,0.525,19075.6,94.0,4.42,167956.0,0.92,1.68,1,1,1,0.999,1.0,1.0
2.89,4.03,11.97,27.58,1.54,12.37,36.75,38.96,5.57,-0.261,13770.3,55.8,3.83,185825.0,75.0,1.67,0,0,0,0.0,0.002,0.003
43.69,114.6,176.73,273.36,61.54,123.42,84.57,99.5,8.31,0.504,18521.6,138.6,2.97,88137.0,0.92,0.8,1,1,1,0.999,1.0,1.0
39.94,102.41,198.16,280.26,45.05,132.19,82.95,99.5,8.79,0.628,24702.6,77.5,0.5,197992.0,0.92,2.0,1,1,1,1.0,1.0,1.0
32.25,94.85,190.21,279.87,35.45,115.3,83.21,99.5,8.45,0.261,23880.8,111.2,0.5,138015.0,0.92,1.71,1,1,1,0.999,1.0,1.0
21.36,70.04,175.13,301.07,61.87,118.88,84.17,99.5,8.27,0.393,21032.3,136.2,4.4,123129.0,0.92,0.85,1,1,1,0.995,1.0,1.0
1.21,2.06,2.53,58.66,0.39,1.12,35.92,45.83,4.43,-0.344,4967.8,165.5,3.82,83068.0,75.0,0.31,0,0,0,0.0,0.0,0.0
15.94,37.58,81.92,115.51,11.88,40.34,67.41,75.18,6.62,-0.01,12547.2,149.9,5.81,97656.0,45.67,0.83,0,1,0,0.088,0.54,0.375
34.79,71.31,130.82,267.09,53.4,98.33,86.89,99.5,7.94,0.399,17318.0,133.1,4.98,118868.0,0.92,0.65,1,1,1,0.998,1.0,1.0
82.27,167.55,357.4,626.62,84.5,197.46,87.27,99.5,9.81,1.086,29932.3,133.5,0.82,106763.0,0.92,0.91,1,1,1,1.0,1.0,1.0
0.39,4.51,5.38,17.06,1.67,2.68,31.69,41.7,5.4,-0.296,6413.2,172.2,0.5,73172.0,75.0,0.41,0,0,0,0.0,0.001,0.0
17.78,40.17,55.78,106.9,17.18,58.66,53.61,62.69,6.64,0.047,14946.9,77.9,3.14,177759.0,68.65,1.75,0,0,1,0.009,0.417,0.837
26.61,101.55,163.56,263.07,53.31,102.17,87.27,99.5,9.23,0.49,24199.7,35.2,1.32,232223.0,0.92,2.4,1,1,1,1.0,1.0,1.0
42.22,81.62,190.62,340.59,59.39,121.78,82.21,99.5,8.79,0.549,22608.9,74.4,2.03,185825.0,0.92,1.56,1,1,1,1.0,1.0,1.0
11.68,27.44,72.06,103.8,17.63,61.69,54.45,64.27,7.78,0.079,18624.3,66.6,0.5,196687.0,65.75,1.7,0,1,1,0.081,0.897,0.926
0.55,1.82,5.81,34.35,0.7,11.02,38.81,48.89,6.56,-0.288,10076.2,131.0,5.7,136673.0,75.0,0.78,0,0,0,0.0,0.02,0.002
27.06,94.68,161.23,247.07,58.43,123.18,86.66,99.5,7.42,0.164,18319.0,126.9,7.35,125787.0,0.92,0.57,1,1,1,0.964,0.999,1.0
29.77,81.96,168.66,269.67,38.3,104.89,84.04,99.5,8.44,0.572,22018.5,121.1,4.84,150093.0,0.92,1.24,1,1,1,1.0,1.0,1.0
20.89,81.6,180.98,319.17,46.43,117.52,84.34,99.5,8.99,0.119,26717.5,37.4,0.74,258241.0,0.92,2.61,1,1,1,0.996,1.0,1.0
20.65,92.15,175.63,280.95,40.28,116.56,81.75,99.5,9.36,0.331,21393.7,140.7,5.04,124017.0,0.92,1.1,1,1,1,0.999,1.0,1.0
12.6,23.79,51.09,114.9,15.95,46.23,56.63,62.07,7.11,0.02,15049.2,81.9,0.85,189723.0,69.8,1.62,0,0,1,0.012,0.268,0.641
55.2,129.5,274.44,516.93,70.69,211.05,84.7,99.5,9.16,0.51,25002.3,131.4,7.1,127183.0,0.92,0.75,1,1,1,1.0,1.0,1.0
36.74,92.03,200.32,350.99,49.71,120.39,86.55,99.5,9.06,0.502,21933.1,115.7,4.22,154136.0,0.92,1.44,1,1,1,1.0,1.0,1.0
8.61,32.25,74.13,141.24,12.56,48.67,62.97,72.95,7.45,-0.002,17574.1,84.7,0.5,179705.0,49.78,1.85,0,1,1,0.072,0.855,0.948
55.12,136.45,314.78,589.14,65.45,158.56,82.3,99.5,10.58,0.77,34000.0,54.5,1.61,229352.0,0.92,2.16,1,1,1,1.0,1.0,1.0
53.77,181.54,354.22,589.18,85.25,208.26,80.47,99.5,10.21,0.722,34000.0,48.7,2.11,230783.0,0.92,2.7,1,1,1,1.0,1.0,1.0
27.25,68.44,165.25,282.91,38.96,113.76,84.1,99.5,7.67,0.311,19515.9,155.6,4.51,87918.0,0.92,0.64,1,1,1,0.985,0.999,1.0
7.72,24.03,44.74,112.72,16.42,44.67,57.02,63.82,6.72,-0.126,11415.3,168.2,5.05,91637.0,66.56,0.39,0,0,0,0.004,0.246,0.228
14.81,34.03,61.02,94.57,28.43,43.67,41.74,54.89,5.92,-0.164,12099.5,129.2,1.67,126309.0,75.0,0.91,0,0,0,0.0,0.115,0.13
1.59,8.86,10.33,11.27,0.57,1.89,37.75,38.68,6.56,-0.45,13770.0,50.0,2.26,218410.0,75.0,1.69,0,0,0,0.0,0.01,0.001
0.72,2.58,7.75,35.49,1.25,6.05,37.55,41.72,5.94,-0.381,8369.4,93.3,2.18,160904.0,75.0,1.74,0,0,0,0.0,0.002,0.001
6.65,20.24,38.79,103.37,28.15,69.82,53.52,62.4,5.22,0.022,9984.0,140.7,0.5,113655.0,69.18,0.83,0,0,1,0.001,0.116,0.609
9.24,21.23,44.45,88.81,11.64,30.65,48.21,57.05,6.61,-0.08,11107.4,148.1,4.19,117258.0,75.0,0.91,0,0,0,0.001,0.223,0.026
0.29,0.31,0.5,14.89,1.93,12.11,38.95,43.3,6.51,-0.285,14172.9,52.1,2.75,230764.0,75.0,2.68,0,0,0,0.0,0.015,0.009
61.07,157.73,273.83,435.14,94.58,193.38,81.52,99.5,9.71,0.66,32013.6,35.0,0.98,243296.0,0.92,2.25,1,1,1,1.0,1.0,1.0
15.05,35.05,72.47,137.0,24.15,55.56,62.47,72.2,6.15,-0.087,13620.7,138.3,9.16,123083.0,51.15,0.19,0,0,1,0.02,0.466,0.612
13.82,30.76,51.94,92.83,18.11,33.52,51.68,59.89,6.7,-0.001,14315.9,86.7,3.7,195028.0,73.8,1.78,0,0,0,0.003,0.349,0.321
16.56,29.12,45.67,96.89,26.31,53.23,58.08,63.05,6.86,0.088,15292.3,71.9,2.95,191471.0,67.98,1.89,0,1,1,0.019,0.759,0.727
0.37,2.33,5.75,22.84,3.22,7.5,34.85,42.08,7.04,-0.316,15614.7,36.9,1.21,219025.0,75.0,2.12,0,0,0,0.0,0.042,0.01
20.11,55.2,163.84,264.98,39.88,120.16,84.69,99.5,8.59,0.408,21807.4,113.3,3.83,163505.0,0.92,1.37,1,1,1,0.994,1.0,1.0
1.05,2.6,3.1,4.12,2.43,2.9,30.74,36.36,4.78,-0.397,7066.5,158.4,4.79,81953.0,75.0,0.84,0,0,0,0.0,0.0,0.0
10.67,31.18,73.88,147.55,27.28,53.04,61.95,74.4,5.68,0.048,9760.7,173.9,5.14,61017.0,47.1,0.1,0,0,1,0.006,0.341,0.652
17.05,36.68,78.27,112.72,10.79,38.68,65.05,72.18,6.8,0.031,12915.2,117.0,5.21,112617.0,51.18,1.11,0,1,0,0.06,0.527,0.412
15.76,30.71,72.25,113.99,10.79,48.63,51.19,63.09,6.65,0.031,13450.8,109.6,1.99,157053.0,67.92,1.75,0,0,0,0.01,0.459,0.453
13.14,28.62,68.98,140.19,16.49,56.63,57.3,71.87,7.58,0.032,15029.9,47.3,0.74,198878.0,51.75,1.98,0,1,1,0.195,0.801,0.958
0.51,2.94,3.79,7.48,1.19,2.51,31.44,36.27,5.35,-0.328,9287.2,114.6,1.69,131242.0,75.0,1.25,0,0,0,0.0,0.002,0.0
0.17,1.81,4.68,6.75,0.38,0.49,34.4,42.6,6.29,-0.264,12402.3,90.1,6.47,180707.0,75.0,0.8,0,0,0,0.0,0.021,0.0
5.39,19.49,38.89,114.85,13.99,30.97,59.01,68.68,6.36,-0.085,11183.2,123.0,5.48,143187.0,57.64,0.67,0,0,0,0.008,0.176,0.197
30.1,72.8,126.51,266.73,49.5,92.63,86.16,99.5,7.23,0.488,20152.0,91.4,3.7,160586.0,0.92,1.61,1,1,1,0.987,0.999,1.0
11.08,19.74,45.37,93.54,26.46,63.52,48.35,56.45,6.95,-0.158,14337.8,69.8,1.12,194176.0,75.0,2.24,0,0,1,0.003,0.364,0.768
2.73,3.11,6.16,6.4,3.49,5.09,31.83,37.38,5.95,-0.201,13017.1,48.8,2.25,208387.0,75.0,1.77,0,0,0,0.0,0.011,0.001
0.09,1.07,2.42,19.85,0.27,3.11,34.76,46.95,6.48,-0.178,12457.5,80.7,2.65,174978.0,75.0,1.74,0,0,0,0.001,0.016,0.002
15.32,35.89,78.97,109.0,17.08,43.16,58.79,67.51,7.52,0.056,18265.6,49.0,1.9,225177.0,59.78,2.06,0,1,1,0.059,0.885,0.885
5.43,27.33,62.99,119.4,18.1,59.96,58.84,68.65,6.92,-0.118,17166.8,60.7,1.06,199695.0,57.69,2.29,0,1,1,0.012,0.65,0.952
0.37,1.39,13.59,14.39,3.03,7.47,39.14,40.54,5.28,-0.322,7488.8,178.2,6.75,62540.0,75.0,0.1,0,0,0,0.0,0.001,0.0
16.72,26.26,70.38,101.82,16.75,34.3,55.61,62.08,6.59,-0.096,13241.1,99.4,2.72,138755.0,69.78,1.58,0,0,0,0.004,0.345,0.309
0.06,8.42,13.51,21.97,0.23,2.84,28.69,38.12,5.86,-0.332,10682.7,112.1,2.38,162449.0,75.0,1.07,0,0,0,0.0,0.003,0.001
9.16,21.78,55.32,124.87,18.87,48.66,57.9,65.0,6.74,-0.221,12432.6,161.7,7.79,93641.0,64.4,0.63,0,0,1,0.003,0.366,0.534
1.26,1.6,8.65,30.42,1.56,2.28,31.82,41.26,5.56,-0.413,8724.0,179.4,1.31,76665.0,75.0,0.33,0,0,0,0.0,0.003,0.0
65.03,141.39,320.08,503.64,75.55,231.16,86.66,99.5,10.76,0.826,31834.4,119.5,5.4,155964.0,0.92,1.09,1,1,1,1.0,1.0,1.0
0.66,4.55,8.61,13.17,0.26,5.86,37.26,39.56,5.52,-0.236,6450.1,152.8,7.23,84251.0,75.0,0.83,0,0,0,0.0,0.001,0.0
14.91,25.79,48.26,116.57,29.67,69.98,62.14,67.61,7.42,0.059,15380.2,82.4,1.58,175736.0,59.59,1.71,0,1,1,0.058,0.893,0.922
72.37,197.29,332.96,474.31,76.05,233.8,83.58,99.5,10.36,0.844,31606.5,79.3,1.61,156378.0,0.92,1.7,1,1,1,1.0,1.0,1.0
2.56,2.69,5.48,6.47,3.11,4.74,42.1,47.45,6.17,-0.339,11868.9,93.4,2.89,215036.0,75.0,1.43,0,0,0,0.0,0.006,0.003
16.86,25.78,62.8,112.77,15.36,45.89,59.57,67.11,6.78,0.004,11859.2,132.5,5.31,118740.0,60.52,1.0,0,0,0,0.03,0.383,0.341
0.8,1.87,6.06,19.05,0.16,3.33,38.11,43.45,6.19,-0.45,9419.6,133.9,4.32,134880.0,75.0,1.02,0,0,0,0.0,0.003,0.001
1.49,1.69,5.99,25.55,3.57,3.72,32.99,43.73,6.19,-0.336,12373.5,80.7,3.45,164576.0,75.0,1.42,0,0,0,0.0,0.016,0.001
14.07,35.62,62.52,119.66,15.3,39.61,61.95,72.43,7.75,0.237,16823.2,54.3,3.62,229767.0,50.73,1.99,0,1,1,0.306,0.973,0.839
65.06,144.13,287.48,469.68,71.91,190.62,86.0,99.5,8.94,0.807,27799.2,126.7,3.28,155827.0,0.92,0.74,1,1,1,1.0,1.0,1.0
15.9,28.02,62.81,105.52,12.84,56.14,53.65,63.12,7.55,0.035,16526.0,53.6,0.5,214767.0,67.86,2.09,0,1,1,0.073,0.757,0.811
13.23,23.01,56.99,95.81,27.76,50.18,57.67,70.37,6.3,-0.113,12259.7,118.9,5.93,122179.0,54.52,1.0,0,0,0,0.01,0.271,0.488
15.49,26.87,58.62,134.24,15.92,33.36,64.73,76.75,6.31,0.224,12997.1,135.5,8.85,115263.0,42.78,1.17,0,1,1,0.183,0.577,0.694
12.18,23.11,59.96,119.5,16.93,53.1,63.13,71.62,6.39,0.157,11441.1,136.6,5.75,82692.0,52.23,1.12,0,0,0,0.017,0.498,0.464
8.1,31.69,57.1,125.25,15.17,51.62,61.59,71.3,6.21,0.009,8973.7,144.3,2.22,106328.0,52.81,0.53,0,0,0,0.006,0.199,0.365
0.04,0.91,1.3,8.5,1.14,2.7,33.91,38.53,5.42,-0.313,7251.5,161.6,5.29,98437.0,75.0,0.56,0,0,0,0.0,0.002,0.0
17.76,29.9,68.64,121.01,16.7,37.8,58.91,70.04,7.47,0.024,14632.0,107.5,1.6,150471.0,55.13,1.53,0,1,1,0.152,0.818,0.632
13.23,26.91,66.29,144.72,14.54,33.4,66.49,76.97,6.35,0.068,11242.8,140.9,6.56,106675.0,42.38,0.81,0,0,0,0.054,0.237,0.366
27.89,81.57,149.63,307.27,57.27,150.41,79.31,99.5,8.68,0.64,18237.7,124.8,1.33,138177.0,0.92,0.87,1,1,1,1.0,1.0,1.0
0.56,1.47,3.56,12.44,2.71,10.16,33.52,39.56,6.97,-0.385,13995.0,62.1,1.84,214585.0,75.0,1.66,0,0,0,0.0,0.015,0.003
11.02,23.94,48.5,113.35,21.35,50.95,54.33,65.04,7.27,0.115,16708.6,38.7,0.66,208631.0,64.32,2.57,0,1,1,0.04,0.909,0.934
0.27,5.48,11.55,13.37,0.92,3.65,33.03,38.78,5.73,-0.193,12396.8,76.3,2.84,189822.0,75.0,2.05,0,0,0,0.0,0.007,0.002
0.73,1.99,7.07,7.74,1.28,2.34,35.5,45.21,7.28,-0.264,13156.3,99.2,2.82,197452.0,75.0,1.39,0,0,0,0.002,0.068,0.004
6.1,22.0,42.14,85.06,20.14,64.35,51.14,59.08,6.97,-0.14,11456.5,124.5,4.75,110598.0,75.0,1.32,0,0,0,0.003,0.438,0.326
37.11,83.29,156.24,268.73,35.38,84.21,89.38,99.5,7.76,0.411,15984.3,158.2,5.6,88826.0,0.92,0.1,1,1,1,0.999,0.998,1.0
6.93,23.8,59.02,118.56,29.56,48.33,58.5,68.59,6.65,0.001,16408.8,63.5,1.09,232979.0,57.79,2.36,0,1,1,0.013,0.84,0.959
5.16,6.74,7.72,42.16,1.26,2.76,34.48,40.43,6.56,-0.294,13890.2,53.2,2.46,232717.0,75.0,2.06,0,0,0,0.0,0.02,0.004
53.55,139.62,337.75,520.31,108.89,215.31,90.84,99.5,9.11,0.673,27046.3,174.7,5.96,62654.0,0.92,0.42,1,1,1,1.0,1.0,1.0
0.32,0.82,2.95,6.19,2.39,3.35,29.27,37.23,6.45,-0.408,12849.1,50.7,0.87,222292.0,75.0,2.05,0,0,0,0.0,0.006,0.002
40.88,109.25,176.38,316.66,60.01,132.47,85.81,99.5,8.62,0.579,21570.2,104.4,7.86,154711.0,0.92,1.8,1,1,1,1.0,1.0,1.0
9.76,25.26,63.85,108.51,16.69,36.51,59.01,64.77,5.96,-0.009,12868.2,119.9,5.23,124891.0,64.82,0.84,0,0,0,0.004,0.285,0.352
10.19,19.66,44.29,92.96,15.11,33.15,45.22,54.35,5.43,-0.131,9465.0,113.5,3.66,142687.0,75.0,1.69,0,0,0,0.0,0.017,0.075
65.87,187.77,327.98,501.13,74.25,223.2,86.71,99.5,10.09,0.899,34000.0,47.5,2.87,218831.0,0.92,2.31,1,1,1,1.0,1.0,1.0
33.2,73.43,165.98,258.33,32.11,86.17,84.99,99.5,9.58,0.476,24208.9,43.3,2.95,229769.0,0.92,2.44,1,1,1,1.0,1.0,1.0
0.22,2.54,5.19,20.65,1.43,3.33,37.87,47.72,6.1,-0.295,13334.6,50.3,1.63,208420.0,75.0,2.05,0,0,0,0.0,0.023,0.006
11.84,27.23,43.34,107.37,29.24,56.9,52.73,62.52,5.29,-0.134,10506.0,119.9,4.95,116958.0,68.96,0.77,0,0,0,0.001,0.121,0.394
10.51,19.29,61.0,137.45,26.26,44.45,62.79,73.96,6.68,0.021,12860.1,113.9,1.96,142665.0,47.91,1.52,0,1,1,0.019,0.789,0.754
2.77,2.83,5.18,13.51,3.59,8.46,34.08,41.97,6.14,-0.311,13277.2,68.9,2.23,223056.0,75.0,1.98,0,0,0,0.0,0.02,0.005
76.88,198.96,351.8,601.04,63.4,178.97,80.56,99.5,10.9,0.718,33135.0,127.5,4.0,128260.0,0.92,1.46,1,1,1,1.0,1.0,1.0
0.04,6.21,18.93,19.98,1.52,2.9,33.3,40.39,6.02,-0.305,7945.8,153.9,5.9,90334.0,75.0,0.61,0,0,0,0.0,0.004,0.0
9.45,25.11,43.87,82.91,21.55,37.11,40.02,51.47,6.68,-0.087,18481.2,41.0,1.68,242077.0,75.0,2.16,0,0,1,0.005,0.318,0.501
35.0,82.75,182.68,310.68,54.78,101.08,85.93,99.5,8.9,0.672,22998.0,107.2,4.83,148951.0,0.92,1.76,1,1,1,1.0,1.0,1.0
26.65,101.51,177.53,286.24,60.58,102.4,85.95,99.5,8.75,0.338,20950.6,135.0,5.3,146080.0,0.92,1.52,1,1,1,0.998,1.0,1.0
11.95,23.53,49.57,89.56,10.76,38.25,57.03,70.84,6.93,0.018,14664.0,71.6,0.95,194039.0,53.65,1.85,0,1,0,0.079,0.573,0.497
39.73,112.81,200.24,311.35,56.94,124.73,84.78,99.5,9.04,0.579,24542.1,79.6,1.44,194955.0,0.92,1.51,1,1,1,1.0,1.0,1.0
0.55,1.04,7.4,15.73,6.64,12.3,35.14,45.29,6.09,-0.305,8904.1,124.0,3.12,119908.0,75.0,1.34,0,0,0,0.0,0.008,0.001
30.5,95.13,172.34,258.73,48.08,135.7,83.67,99.5,8.06,0.391,17698.9,165.2,4.94,89306.0,0.92,0.44,1,1,1,0.998,0.999,1.0
2.32,4.46,6.37,6.49,0.75,16.8,32.54,40.25,5.85,-0.442,9019.7,152.4,8.22,101200.0,75.0,0.87,0,0,0,0.0,0.002,0.001
74.06,187.11,365.61,592.43,89.29,205.58,85.78,99.5,10.7,0.892,32322.1,119.6,1.68,135688.0,0.92,1.09,1,1,1,1.0,1.0,1.0
0.7,5.82,7.82,29.83,3.64,8.79,30.91,41.13,5.47,-0.235,9370.0,140.9,4.02,103415.0,75.0,1.33,0,0,0,0.0,0.001,0.0
0.05,0.45,1.96,24.53,4.13,4.28,35.87,39.3,5.98,-0.355,9706.0,87.9,4.58,164950.0,75.0,1.41,0,0,0,0.0,0.005,0.001
9.22,31.68,54.17,132.97,19.79,62.91,63.3,70.87,6.19,-0.006,10619.8,127.9,3.79,130707.0,53.61,1.19,0,0,1,0.006,0.199,0.763
30.72,78.67,150.42,301.16,41.57,118.39,84.21,99.5,8.48,0.484,18382.1,102.6,4.44,166318.0,0.92,1.26,1,1,1,0.999,1.0,1.0
31.75,104.41,163.97,278.27,34.36,106.16,81.21,99.5,8.42,0.524,22485.3,62.5,2.03,203044.0,0.92,1.89,1,1,1,0.999,1.0,1.0
0.62,0.78,8.36,14.01,1.36,3.19,25.16,35.75,5.54,-0.353,8184.0,136.8,5.42,120207.0,75.0,0.79,0,0,0,0.0,0.001,0.0
0.8,0.85,7.61,12.45,2.58,2.81,33.1,35.73,5.41,-0.45,9032.7,115.7,3.57,140606.0,75.0,1.44,0,0,0,0.0,0.001,0.0
0.89,6.88,8.91,11.55,0.21,7.07,39.57,40.71,6.42,-0.298,13022.3,87.0,4.09,177078.0,75.0,1.9,0,0,0,0.0,0.02,0.002
8.1,32.68,55.12,109.16,19.16,36.02,52.94,62.15,5.67,-0.135,9271.0,167.1,1.2,76420.0,69.64,0.65,0,0,0,0.001,0.038,0.07
11.91,31.35,68.61,124.74,26.25,63.81,52.85,65.59,6.98,-0.075,16050.4,38.0,1.08,234627.0,63.31,2.3,0,1,1,0.011,0.688,0.973
7.52,22.35,41.63,78.3,24.24,55.16,46.0,57.33,7.03,-0.217,16814.6,80.8,3.26,223526.0,75.0,1.76,0,1,0,0.002,0.614,0.477
12.81,33.26,56.58,106.64,22.14,40.03,50.47,55.91,6.95,-0.096,19143.7,43.2,1.93,232777.0,75.0,2.52,0,1,1,0.005,0.601,0.703
15.83,29.67,64.43,144.21,19.51,40.96,62.84,73.44,6.54,0.044,13062.0,146.1,9.04,114304.0,48.88,1.06,0,1,1,0.046,0.607,0.688
53.66,127.28,306.32,487.4,68.64,205.73,82.15,99.5,8.81,0.659,27818.6,136.8,3.83,122404.0,0.92,0.11,1,1,1,1.0,1.0,1.0
0.44,2.74,4.9,9.78,1.34,2.66,39.69,39.93,6.13,-0.426,11756.6,83.0,5.12,176402.0,75.0,1.6,0,0,0,0.0,0.005,0.001
16.32,25.56,41.46,91.78,13.46,50.77,54.38,60.91,6.6,0.059,11257.2,133.0,3.08,139844.0,71.93,0.9,0,0,0,0.007,0.304,0.13
9.59,22.04,47.82,88.79,15.99,48.03,47.83,54.66,5.82,-0.163,12630.2,92.4,5.44,164739.0,75.0,1.75,0,0,0,0.001,0.035,0.357
2.39,3.55,5.1,23.37,0.05,1.3,32.41,39.78,5.07,-0.386,8798.8,144.7,7.19,122238.0,75.0,0.78,0,0,0,0.0,0.001,0.0
10.88,29.09,48.77,100.41,21.33,51.63,58.27,64.91,6.28,-0.169,13286.5,100.9,1.87,153959.0,64.56,1.65,0,0,0,0.002,0.131,0.334
12.47,31.73,58.11,91.29,11.11,51.87,56.04,63.33,6.17,0.104,13620.9,94.8,3.84,151864.0,67.47,1.19,0,0,1,0.007,0.214,0.519
1.36,4.97,15.54,32.2,2.36,6.09,34.26,40.61,5.86,-0.45,9788.5,170.5,5.81,80838.0,75.0,0.51,0,0,0,0.0,0.003,0.0
8.36,32.64,63.9,105.0,14.2,53.65,59.61,66.93,6.75,-0.019,15500.9,71.4,3.3,177777.0,60.84,2.12,0,0,1,0.016,0.379,0.754
8.25,16.96,44.81,115.68,18.29,57.4,60.92,68.6,7.47,0.024,17567.9,52.5,1.63,225077.0,57.78,1.68,0,1,1,0.019,0.92,0.933
2.11,6.98,10.54,24.96,0.61,0.97,32.71,37.67,5.66,-0.379,11887.4,119.8,3.53,118377.0,75.0,1.91,0,0,0,0.0,0.002,0.001
11.93,20.11,49.08,84.18,12.17,53.29,40.6,51.14,5.58,-0.104,8634.3,175.6,9.5,64553.0,75.0,0.72,0,0,0,0.0,0.011,0.046
13.33,32.3,59.43,110.09,16.06,44.09,59.35,72.83,7.34,0.096,14077.7,89.8,2.98,150780.0,50.0,1.59,0,1,1,0.102,0.85,0.535
1.06,1.58,2.79,10.98,0.97,6.96,29.11,38.91,6.25,-0.281,16741.7,44.0,2.19,269568.0,75.0,1.99,0,0,0,0.0,0.022,0.005
2.07,3.09,5.49,50.54,3.51,4.36,41.03,44.37,5.68,-0.245,10697.1,84.2,2.61,154151.0,75.0,1.62,0,0,0,0.0,0.005,0.002
8.64,18.06,53.4,99.24,20.73,58.78,47.95,60.71,6.73,-0.116,13143.6,108.4,7.04,150115.0,72.29,1.35,0,0,1,0.003,0.28,0.574
40.9,88.92,153.15,301.03,43.34,128.55,84.66,99.5,9.12,0.523,26359.2,58.5,1.33,226975.0,0.92,2.17,1,1,1,1.0,1.0,1.0
50.99,175.71,329.19,493.01,86.75,236.35,80.6,99.5,10.21,0.82,32323.5,130.4,3.12,139036.0,0.92,1.46,1,1,1,1.0,1.0,1.0
0.59,1.08,4.52,26.1,0.26,0.41,33.93,34.97,4.79,-0.298,4372.6,179.7,9.5,77162.0,75.0,0.16,0,0,0,0.0,0.0,0.0
0.07,0.72,0.75,7.47,2.39,6.73,26.88,35.04,5.31,-0.446,11894.3,100.5,2.71,154639.0,75.0,1.6,0,0,0,0.0,0.001,0.001
1.22,2.09,7.42,17.73,3.95,6.22,40.14,46.28,7.08,-0.259,14574.7,86.4,5.52,196544.0,75.0,1.25,0,0,0,0.001,0.108,0.004
7.34,26.13,45.65,123.81,24.07,61.76,55.61,70.03,7.1,0.005,15894.3,93.1,4.75,181978.0,55.14,1.42,0,1,1,0.044,0.774,0.947
13.83,23.49,52.45,115.02,14.59,49.97,60.64,68.78,8.02,0.027,17630.2,51.7,1.67,221149.0,57.45,2.25,0,1,1,0.246,0.848,0.918
15.66,28.33,49.32,123.48,10.1,32.78,61.18,68.78,6.7,0.187,12169.9,163.1,0.5,87919.0,57.44,0.75,0,1,0,0.045,0.662,0.242
30.17,92.06,201.88,311.55,63.21,123.38,84.62,99.5,9.52,0.439,24707.0,95.1,3.3,161261.0,0.92,1.29,1,1,1,1.0,1.0,1.0
14.04,24.85,53.67,127.23,16.4,34.56,56.48,66.64,7.28,0.006,14508.0,91.2,3.36,156969.0,61.39,1.44,0,1,0,0.047,0.598,0.48
65.91,162.28,292.94,559.73,90.08,197.86,86.6,99.5,10.11,0.871,28818.0,130.7,7.32,141771.0,0.92,1.44,1,1,1,1.0,1.0,1.0
6.67,7.04,14.57,17.72,0.55,2.96,35.74,43.84,5.86,-0.327,11097.0,99.1,6.3,180769.0,75.0,1.8,0,0,0,0.0,0.007,0.001
1.3,4.23,4.32,8.38,2.16,9.88,32.6,35.15,5.88,-0.42,6857.8,129.0,2.92,111946.0,75.0,1.09,0,0,0,0.0,0.001,0.0
1.33,2.1,4.94,17.45,0.29,3.05,35.09,40.41,6.25,-0.216,14748.6,43.9,2.17,225002.0,75.0,1.57,0,0,0,0.0,0.025,0.003
0.77,1.79,5.7,17.83,7.11,9.07,30.12,40.06,5.67,-0.344,8675.4,153.0,7.46,94261.0,75.0,1.44,0,0,0,0.0,0.003,0.0
66.25,145.7,305.05,450.11,67.49,161.19,89.19,99.5,9.57,0.744,26224.1,171.4,9.31,73862.0,0.92,0.42,1,1,1,1.0,1.0,1.0
1.2,3.3,9.69,17.19,1.29,1.9,33.79,39.21,6.75,-0.331,8485.9,129.1,5.68,126079.0,75.0,0.93,0,0,0,0.0,0.008,0.0
14.66,22.72,50.46,89.88,25.42,60.62,54.42,65.02,6.45,0.017,8942.5,173.4,0.5,86108.0,64.36,0.24,0,0,0,0.007,0.4,0.183
1.47,1.87,6.29,20.38,0.01,1.34,36.87,42.89,5.91,-0.204,12328.5,57.0,1.83,200443.0,75.0,2.17,0,0,0,0.0,0.007,0.003
0.11,2.97,3.92,7.61,0.16,2.48,29.34,36.63,5.88,-0.29,10734.8,104.2,1.48,142234.0,75.0,1.5,0,0,0,0.0,0.003,0.0
0.04,4.71,4.82,5.58,2.05,10.75,26.67,31.82,5.5,-0.401,13084.8,122.3,3.83,151835.0,75.0,1.41,0,0,0,0.0,0.001,0.001
2.67,2.89,4.25,13.09,0.05,2.69,34.33,38.07,6.17,-0.207,9306.1,119.4,6.28,129838.0,75.0,0.89,0,0,0,0.0,0.006,0.0
10.82,28.82,71.43,115.16,22.78,50.68,62.9,71.98,5.79,0.127,14951.1,93.2,3.77,149200.0,51.56,1.45,0,0,1,0.01,0.39,0.768
62.41,171.24,366.86,627.69,91.98,208.9,86.12,99.5,10.32,0.798,34000.0,84.0,4.68,171896.0,0.92,2.28,1,1,1,1.0,1.0,1.0
10.51,31.89,53.44,112.82,20.1,54.58,57.01,68.84,8.05,-0.072,16242.8,53.4,2.2,210982.0,57.34,2.18,0,1,1,0.085,0.942,0.85
7.44,27.26,61.07,100.08,18.99,54.35,56.71,69.25,7.51,0.111,16426.5,91.8,1.07,193161.0,56.59,1.51,0,1,1,0.066,0.783,0.821
2.78,3.11,3.14,5.31,9.07,14.19,32.34,36.9,6.55,-0.247,14623.9,58.6,0.5,223569.0,75.0,1.75,0,0,0,0.0,0.047,0.002
35.36,75.68,150.64,287.86,61.36,122.36,86.5,99.5,7.82,0.403,20061.1,141.5,5.33,127433.0,0.92,1.0,1,1,1,0.998,1.0,1.0
9.69,10.07,12.03,37.02,2.1,7.93,36.28,44.83,6.91,-0.26,13831.7,65.3,2.03,213963.0,75.0,2.25,0,0,0,0.0,0.038,0.008
81.31,181.75,312.88,550.0,88.17,229.99,84.01,99.5,10.03,0.852,34000.0,43.5,0.76,242003.0,0.92,2.51,1,1,1,1.0,1.0,1.0
11.65,33.44,75.5,142.98,24.87,57.49,69.54,80.66,6.73,0.019,14292.3,115.1,0.51,131567.0,35.59,1.15,0,1,1,0.108,0.791,0.848
0.77,9.76,13.9,35.92,1.41,4.24,32.13,38.08,5.92,-0.257,8001.2,121.3,2.64,131451.0,75.0,1.25,0,0,0,0.0,0.002,0.001
13.62,34.0,62.45,110.27,14.79,42.5,56.53,63.11,5.87,-0.014,10745.7,161.4,5.08,71438.0,67.88,1.07,0,0,0,0.002,0.119,0.242
53.45,148.46,337.17,613.96,88.86,180.54,81.31,99.5,9.54,0.627,32230.8,118.7,5.58,134448.0,0.92,1.5,1,1,1,1.0,1.0,1.0
0.67,2.97,4.83,7.58,0.51,2.76,32.88,42.95,6.01,-0.258,14131.8,85.1,3.27,188148.0,75.0,1.42,0,0,0,0.0,0.011,0.001
0.29,1.01,9.27,27.39,0.11,1.46,33.57,36.28,5.64,-0.311,9392.4,151.4,9.5,100295.0,75.0,0.1,0,0,0,0.0,0.002,0.0
0.91,1.07,5.66,11.49,1.01,2.09,39.27,44.38,5.29,-0.197,7926.6,113.3,1.85,163664.0,75.0,1.34,0,0,0,0.0,0.002,0.001
9.34,31.99,70.65,147.44,23.98,56.32,55.2,64.67,8.23,-0.002,18926.2,46.5,2.36,207084.0,65.0,2.45,0,1,1,0.115,0.939,0.974
0.36,3.11,12.57,13.43,1.17,1.74,34.83,41.96,6.13,-0.279,12439.7,117.0,4.2,147046.0,75.0,0.87,0,0,0,0.0,0.01,0.0
40.27,99.83,202.61,287.66,61.7,105.4,85.75,99.5,7.48,0.483,17924.5,166.7,7.92,61280.0,0.92,0.49,1,1,1,0.998,1.0,1.0
56.5,135.87,258.96,422.99,84.01,226.76,85.05,99.5,8.64,0.719,27306.1,92.5,2.51,170454.0,0.92,1.47,1,1,1,1.0,1.0,1.0
80.93,184.94,309.14,460.23,84.71,225.94,85.32,99.5,10.75,0.953,34000.0,78.0,4.23,197544.0,0.92,1.79,1,1,1,1.0,1.0,1.0
1.16,3.35,3.54,9.91,1.6,4.79,29.57,34.99,6.21,-0.45,13088.6,55.8,2.25,209819.0,75.0,1.91,0,0,0,0.0,0.006,0.001
5.06,16.45,59.95,115.38,24.07,48.32,57.5,66.08,7.4,-0.053,16454.3,57.0,1.3,219915.0,62.42,2.44,0,1,1,0.023,0.844,0.895
1.06,2.16,3.57,9.93,1.23,2.64,40.95,45.48,5.54,-0.43,9250.9,97.8,3.4,148302.0,75.0,1.52,0,0,0,0.0,0.005,0.001
8.35,26.96,53.38,93.47,25.17,61.88,57.32,64.77,6.94,-0.002,14736.4,121.4,3.72,109396.0,64.82,0.87,0,1,1,0.015,0.552,0.63
42.17,99.37,166.14,315.23,39.81,115.87,85.72,99.5,9.61,0.537,25585.9,46.7,2.05,232328.0,0.92,2.48,1,1,1,1.0,1.0,1.0
7.48,26.17,66.4,123.39,19.42,64.22,57.9,68.12,6.48,-0.07,11679.6,171.2,2.36,100675.0,58.65,0.1,0,0,1,0.005,0.493,0.545
20.56,68.83,173.95,305.36,48.97,124.05,85.69,99.5,7.88,0.311,20298.6,144.5,4.98,91666.0,0.92,1.19,1,1,1,0.989,1.0,1.0
28.05,65.9,132.4,239.32,46.8,108.46,86.24,97.94,8.36,0.365,18696.8,120.1,5.06,154260.0,3.79,1.45,1,1,1,0.996,1.0,1.0
0.88,1.43,2.24,7.44,1.28,2.75,29.98,35.73,5.35,-0.395,9009.6,155.1,5.52,94503.0,75.0,1.07,0,0,0,0.0,0.001,0.0
12.5,25.77,46.08,119.22,14.01,58.01,53.4,63.63,7.46,0.046,16213.3,46.6,2.76,204012.0,66.92,2.16,0,1,1,0.04,0.565,0.906
5.25,8.23,11.02,30.06,4.13,8.46,39.19,44.65,5.78,-0.345,9752.7,104.1,5.1,138057.0,75.0,1.23,0,0,0,0.0,0.002,0.001
6.33,14.38,35.13,74.56,13.65,43.94,46.3,52.3,6.57,-0.183,11883.1,126.4,4.41,128601.0,75.0,1.09,0,0,0,0.001,0.067,0.074
0.88,4.09,4.99,6.16,2.19,4.51,28.3,33.59,5.52,-0.226,8065.7,155.2,6.04,87747.0,75.0,0.63,0,0,0,0.0,0.001,0.0
71.65,164.5,342.07,577.63,92.52,174.72,85.7,99.5,10.31,0.809,30021.3,148.6,5.99,81983.0,0.92,0.55,1,1,1,1.0,1.0,1.0
16.16,30.56,49.63,117.41,19.73,35.69,53.76,65.72,7.45,0.025,15850.9,75.2,3.18,164379.0,63.07,1.63,0,1,1,0.125,0.881,0.73
15.16,30.56,68.21,135.99,12.0,45.4,59.01,69.46,6.17,0.114,12961.7,171.4,0.5,61586.0,56.19,0.31,0,0,1,0.02,0.223,0.695
29.0,85.86,141.17,268.23,57.21,151.49,88.46,99.5,7.98,0.611,22902.2,53.0,1.57,219271.0,0.92,1.76,1,1,1,0.999,1.0,1.0
28.01,69.21,141.17,222.71,44.31,134.61,84.1,97.15,7.3,0.53,13882.3,161.9,1.34,85631.0,5.24,0.76,1,1,1,0.99,0.999,1.0
24.86,78.97,163.32,257.72,41.55,131.68,82.96,99.5,8.16,0.383,17539.8,175.8,9.5,61538.0,0.92,0.34,1,1,1,0.997,0.999,1.0
0.42,2.94,3.53,16.83,0.65,1.58,33.25,40.63,5.85,-0.309,12726.2,60.7,2.06,210204.0,75.0,1.91,0,0,0,0.0,0.003,0.002
6.61,15.41,59.45,110.14,25.55,68.15,50.2,62.72,6.43,-0.111,10806.0,139.7,4.4,127961.0,68.59,0.54,0,0,1,0.002,0.418,0.556
7.65,30.44,66.68,125.58,26.18,44.5,61.04,67.04,7.75,0.039,19218.5,40.8,2.09,236902.0,60.64,1.94,0,1,1,0.107,0.95,0.919
8.43,18.65,60.53,95.47,29.6,47.9,47.03,58.26,6.8,-0.123,15191.7,93.8,4.0,165637.0,75.0,2.11,0,1,0,0.002,0.638,0.47
1.3,4.0,14.71,19.39,0.81,7.36,27.17,39.41,5.54,-0.206,10553.6,109.9,1.61,162088.0,75.0,1.11,0,0,0,0.0,0.001,0.001
4.61,4.69,8.72,12.07,2.6,7.79,29.77,39.16,4.98,-0.45,7863.8,119.2,4.02,122570.0,75.0,1.35,0,0,0,0.0,0.001,0.0
75.5,171.63,295.83,517.7,99.45,252.43,84.71,99.5,10.37,0.95,27253.6,170.7,4.94,71773.0,0.92,0.48,1,1,1,1.0,1.0,1.0
0.72,1.43,1.93,21.1,1.53,5.46,39.33,48.38,4.91,-0.213,9240.3,132.5,0.5,118012.0,75.0,0.15,0,0,0,0.0,0.002,0.0
7.07,15.18,59.21,129.75,18.0,46.71,61.75,72.27,6.14,-0.212,12232.3,104.8,2.37,135703.0,51.03,1.91,0,0,1,0.004,0.297,0.739
3.18,3.76,10.25,10.47,4.17,7.28,33.5,38.41,6.54,-0.45,8699.6,152.4,4.83,90818.0,75.0,0.9,0,0,0,0.0,0.004,0.0
0.78,3.84,4.12,6.73,1.05,4.41,30.13,37.29,4.46,-0.26,4699.6,172.8,5.69,41483.0,75.0,0.17,0,0,0,0.0,0.0,0.0
0.19,1.38,2.59,15.04,5.03,5.67,25.66,32.89,6.28,-0.366,16088.1,38.2,0.5,262843.0,75.0,2.32,0,0,0,0.0,0.014,0.003
7.46,25.67,54.28,120.18,15.76,47.1,55.26,62.34,6.3,-0.026,9377.3,177.5,9.5,52980.0,69.3,0.1,0,0,0,0.003,0.154,0.118
60.47,147.35,322.99,574.41,76.45,206.29,85.32,99.5,10.35,0.885,32434.3,47.5,1.57,246805.0,0.92,2.74,1,1,1,1.0,1.0,1.0
0.24,4.15,5.47,7.72,5.63,7.55,30.6,43.87,5.67,-0.343,8006.0,153.1,5.46,96868.0,75.0,0.41,0,0,0,0.0,0.003,0.0
1.24,5.38,10.01,19.99,0.93,9.71,23.03,31.62,6.57,-0.274,12676.8,75.6,3.19,197695.0,75.0,1.63,0,0,0,0.0,0.008,0.002
6.74,29.76,66.06,124.63,16.49,35.88,56.3,71.51,6.82,0.214,16096.6,54.2,1.13,207669.0,52.43,1.88,0,1,1,0.054,0.753,0.768
10.76,32.08,69.44,131.72,29.85,74.03,65.11,77.07,7.01,0.168,13677.6,98.8,4.27,164584.0,42.19,1.48,0,1,1,0.214,0.838,0.967
61.0,142.55,294.3,552.54,82.93,189.81,85.08,99.5,9.5,0.79,28201.4,128.4,3.64,135709.0,0.92,1.45,1,1,1,1.0,1.0,1.0
14.64,33.69,77.75,135.21,29.35,53.08,67.11,79.45,6.99,0.121,16108.9,90.2,1.7,181683.0,37.81,2.12,0,1,1,0.192,0.952,0.974
16.24,30.21,69.5,145.8,22.46,59.32,64.34,77.54,7.86,0.142,19505.0,42.9,1.94,240127.0,41.33,2.14,0,1,1,0.382,0.963,0.989
17.46,31.84,62.19,137.1,23.46,64.66,65.03,73.5,6.97,0.118,12849.2,121.9,7.54,128169.0,48.77,1.24,0,1,1,0.248,0.725,0.781
35.46,100.05,150.83,258.0,56.96,119.19,85.38,99.5,7.98,0.503,16353.1,165.8,7.97,73776.0,0.92,0.53,1,1,1,0.999,1.0,1.0
9.72,33.89,65.47,105.09,19.44,50.0,53.71,65.87,7.29,-0.125,14527.2,90.6,4.67,147408.0,62.8,1.28,0,1,1,0.007,0.644,0.524
5.38,8.55,11.48,18.27,4.94,8.58,30.63,38.53,6.11,-0.274,12905.8,66.4,1.7,208206.0,75.0,2.65,0,0,0,0.0,0.009,0.003
0.53,2.09,3.39,42.15,2.42,4.16,36.66,45.37,5.46,-0.281,10295.6,99.2,0.62,177227.0,75.0,1.86,0,0,0,0.0,0.002,0.003
52.33,132.95,285.95,491.41,80.89,229.03,83.71,99.5,9.84,0.778,34000.0,42.0,2.6,253825.0,0.92,2.33,1,1,1,1.0,1.0,1.0
44.48,93.67,161.35,302.96,45.74,97.71,84.66,99.5,7.81,0.636,18052.4,154.0,9.5,99813.0,0.92,1.15,1,1,1,1.0,0.999,1.0
0.24,1.06,1.07,35.12,1.13,1.43,30.47,34.63,4.58,-0.45,6677.7,154.8,9.5,82720.0,75.0,1.02,0,0,0,0.0,0.0,0.0
24.12,72.06,155.16,291.46,40.77,133.44,82.52,99.5,8.0,0.299,19925.6,120.3,3.48,110231.0,0.92,1.18,1,1,1,0.993,1.0,1.0
14.88,36.92,61.63,110.68,20.76,49.31,49.37,62.07,6.88,-0.018,18239.3,86.2,1.23,192185.0,69.79,1.74,0,1,1,0.017,0.705,0.781
8.38,33.33,73.78,115.68,27.85,60.45,55.65,64.32,6.33,-0.133,12885.8,151.0,2.39,71894.0,65.66,1.17,0,1,1,0.002,0.501,0.601
0.02,1.08,1.18,2.28,0.39,2.71,30.01,32.87,6.15,-0.398,8972.6,115.4,0.54,136375.0,75.0,0.94,0,0,0,0.0,0.002,0.0
29.53,70.49,144.17,248.51,44.36,93.83,88.85,99.5,7.8,0.387,17030.6,154.8,5.12,90923.0,0.92,1.16,1,1,1,0.997,0.999,1.0
1.13,1.24,3.21,30.24,1.09,3.12,32.67,37.25,6.28,-0.259,9840.5,126.6,8.09,127084.0,75.0,1.0,0,0,0,0.0,0.005,0.001
21.7,80.91,187.1,290.43,43.76,116.11,82.75,99.5,8.85,0.41,22608.0,148.7,4.83,102050.0,0.92,1.2,1,1,1,0.999,1.0,1.0
0.12,7.62,10.14,11.61,0.82,2.46,36.87,41.58,5.58,-0.256,10506.6,121.8,4.93,135922.0,75.0,1.13,0,0,0,0.0,0.003,0.0
28.63,91.36,162.09,268.0,41.27,124.05,84.2,99.5,8.26,0.419,20146.8,95.1,5.68,129709.0,0.92,1.61,1,1,1,0.996,1.0,1.0
0.44,0.48,2.3,6.21,4.79,7.07,23.91,32.08,4.21,-0.396,5272.0,173.9,4.82,71537.0,75.0,0.38,0,0,0,0.0,0.0,0.0
0.32,10.31,11.44,28.72,2.1,4.27,38.73,45.71,5.3,-0.226,7389.4,113.5,8.13,110403.0,75.0,1.09,0,0,0,0.0,0.002,0.0
0.62,5.77,8.35,14.0,0.87,2.0,33.43,38.49,5.45,-0.327,11873.9,122.7,8.7,143698.0,75.0,1.04,0,0,0,0.0,0.001,0.001
0.63,0.95,1.22,10.58,1.21,1.88,35.56,37.61,6.28,-0.307,12422.0,67.0,2.19,191308.0,75.0,2.33,0,0,0,0.0,0.008,0.001
6.39,16.82,41.28,93.86,13.87,51.54,50.37,59.05,6.0,-0.182,10736.5,125.7,3.09,96781.0,75.0,0.38,0,0,0,0.0,0.06,0.216
0.26,0.59,21.44,28.57,0.37,8.25,36.61,45.47,5.93,-0.233,11577.3,117.9,5.61,126327.0,75.0,0.82,0,0,0,0.0,0.008,0.001
54.24,179.78,300.48,558.34,69.21,224.28,79.86,99.5,10.04,0.641,32761.0,61.8,1.78,197287.0,0.92,1.77,1,1,1,1.0,1.0,1.0
12.47,23.69,64.04,113.57,24.66,58.96,53.51,66.57,7.98,0.163,19484.9,43.6,0.62,245492.0,61.51,1.92,0,1,1,0.276,0.975,0.949
14.29,28.13,71.29,129.28,11.55,28.55,53.07,65.29,6.53,0.019,14734.1,122.6,7.12,135791.0,63.86,1.57,0,0,0,0.009,0.372,0.403
1.61,6.35,11.1,15.0,0.51,3.43,38.83,40.78,5.21,-0.239,9034.8,145.7,8.29,110284.0,75.0,1.17,0,0,0,0.0,0.002,0.001
7.56,22.0,55.86,100.11,17.51,43.32,52.07,61.83,6.93,-0.128,14565.6,110.9,4.19,164646.0,70.24,1.46,0,0,1,0.003,0.397,0.531
0.74,3.55,9.64,22.77,0.05,8.0,37.54,44.43,6.82,-0.323,13924.1,67.9,0.83,197099.0,75.0,1.71,0,0,0,0.0,0.034,0.006
34.53,106.34,214.17,331.6,62.07,122.17,87.33,99.5,8.73,0.47,22017.5,131.6,1.69,133338.0,0.92,1.39,1,1,1,0.999,1.0,1.0
0.36,0.55,2.96,16.96,7.53,10.11,33.51,37.65,6.98,-0.45,12866.7,46.6,1.72,234320.0,75.0,1.73,0,0,0,0.0,0.024,0.003
38.36,109.21,191.8,285.14,59.69,131.27,83.92,99.5,8.24,0.319,22183.4,99.1,2.58,141824.0,0.92,2.1,1,1,1,0.999,1.0,1.0
14.86,34.05,50.89,89.34,15.72,39.27,56.78,63.42,6.37,-0.029,17297.8,58.7,1.69,231669.0,67.3,1.83,0,0,1,0.006,0.228,0.754
78.57,184.46,301.97,496.17,87.82,187.94,82.86,99.5,10.3,0.78,32111.8,61.7,3.3,184600.0,0.92,1.91,1,1,1,1.0,1.0,1.0
0.05,1.24,3.72,31.94,4.78,7.21,34.84,40.16,6.12,-0.325,13081.1,64.3,3.1,216561.0,75.0,1.82,0,0,0,0.0,0.005,0.004
0.77,3.32,4.52,8.55,0.01,0.29,27.97,36.6,5.74,-0.383,9264.8,91.1,5.45,147957.0,75.0,1.25,0,0,0,0.0,0.002,0.0
7.32,26.21,47.59,83.79,22.33,56.88,47.79,55.46,7.53,-0.373,17927.7,42.4,0.73,238118.0,75.0,2.84,0,1,1,0.003,0.515,0.767
47.39,163.76,328.31,523.9,109.16,189.98,87.12,99.5,9.78,0.577,34000.0,92.7,2.67,196713.0,0.92,1.78,1,1,1,1.0,1.0,1.0
12.08,22.8,47.68,84.34,23.36,50.41,54.54,61.6,6.5,-0.051,13339.6,109.2,5.31,145768.0,70.65,1.68,0,1,0,0.003,0.531,0.362
5.15,7.8,17.77,21.08,0.77,2.34,36.02,39.72,5.86,-0.188,9413.3,105.1,4.53,150061.0,75.0,1.0,0,0,0,0.0,0.003,0.0
15.9,27.5,70.9,103.08,27.8,56.34,64.77,67.71,7.28,0.003,16365.0,90.5,5.66,180552.0,59.42,1.63,0,1,1,0.061,0.914,0.619
66.04,195.88,384.18,650.75,89.28,245.78,83.91,99.5,9.68,0.675,29716.5,156.7,6.67,87048.0,0.92,0.79,1,1,1,1.0,1.0,1.0
1.4,5.67,10.78,29.0,2.03,6.57,36.37,45.45,6.84,-0.432,14850.8,56.1,3.83,239987.0,75.0,2.15,0,0,0,0.0,0.02,0.01
0.69,3.75,5.05,17.14,1.48,9.49,33.15,37.66,5.78,-0.404,8051.6,108.3,4.84,152892.0,75.0,0.98,0,0,0,0.0,0.001,0.0
36.83,95.7,164.48,313.5,31.9,121.38,82.37,99.5,8.0,0.435,23553.8,44.0,2.38,222402.0,0.92,2.57,1,1,1,0.998,0.999,1.0
36.32,78.9,183.08,289.19,35.89,93.44,81.74,99.5,9.77,0.493,25664.4,45.3,1.32,217515.0,0.92,2.26,1,1,1,1.0,1.0,1.0
44.03,109.14,214.14,318.05,32.89,103.84,83.94,99.5,8.16,0.6,22370.7,118.2,4.17,124153.0,0.92,0.9,1,1,1,1.0,1.0,1.0
64.32,177.56,336.4,531.9,60.23,177.65,89.53,99.5,10.38,0.832,32315.5,117.1,6.02,130096.0,0.92,0.64,1,1,1,1.0,1.0,1.0
0.15,6.53,16.72,36.26,0.34,0.9,39.44,44.37,5.38,-0.267,8081.3,162.3,9.5,79962.0,75.0,0.73,0,0,0,0.0,0.001,0.0
12.32,32.69,74.83,149.53,13.11,57.97,63.08,73.09,7.23,0.001,12750.7,115.9,5.58,133615.0,49.52,1.95,0,1,1,0.052,0.717,0.923
7.04,29.32,61.93,125.84,22.08,63.17,56.13,70.95,6.71,0.029,10958.6,174.2,5.84,61124.0,53.44,0.1,0,0,1,0.025,0.494,0.628
35.93,104.87,164.14,313.47,64.75,141.14,83.02,99.5,9.53,0.383,26676.4,42.1,2.51,261010.0,0.92,2.32,1,1,1,1.0,1.0,1.0
44.41,88.2,187.96,281.49,48.06,124.58,88.16,99.5,9.33,0.601,26335.9,49.2,0.5,205495.0,0.92,2.5,1,1,1,1.0,1.0,1.0
71.41,181.66,320.55,596.87,60.33,190.01,83.9,99.5,10.18,0.877,34000.0,41.4,0.5,232532.0,0.92,1.9,1,1,1,1.0,1.0,1.0
16.26,39.41,76.01,134.76,19.15,47.63,73.21,79.68,7.32,0.153,18521.8,61.9,2.92,214650.0,37.39,1.84,0,1,1,0.287,0.942,0.963
0.66,3.67,8.93,17.61,2.7,5.33,34.17,38.88,5.08,-0.436,9541.4,113.5,4.0,153271.0,75.0,0.99,0,0,0,0.0,0.0,0.0
6.27,28.74,69.86,113.18,25.73,56.06,57.52,68.12,6.63,-0.127,14340.2,128.6,5.9,124791.0,58.67,1.33,0,1,1,0.005,0.506,0.76
6.61,21.38,38.67,108.0,13.92,33.86,48.73,58.25,7.3,-0.08,15906.2,41.6,1.5,226458.0,75.0,2.67,0,1,1,0.007,0.505,0.613
0.28,0.92,5.4,17.62,0.28,4.79,33.45,39.55,5.02,-0.384,8060.0,172.2,7.8,80174.0,75.0,0.46,0,0,0,0.0,0.0,0.0
28.73,82.03,139.52,276.21,43.17,117.93,80.95,99.5,8.65,0.48,19199.6,157.1,3.2,95461.0,0.92,0.37,1,1,1,0.999,1.0,1.0
0.67,0.79,5.66,15.31,1.14,1.93,37.21,40.91,5.83,-0.384,13332.7,78.0,3.53,182505.0,75.0,1.62,0,0,0,0.0,0.006,0.001
1.17,1.98,4.22,4.92,3.0,3.33,32.85,37.35,6.06,-0.132,13003.1,46.2,2.44,201141.0,75.0,2.02,0,0,0,0.0,0.005,0.001
16.58,39.33,83.46,158.88,29.43,71.05,60.53,71.96,7.66,0.06,17912.7,59.6,3.4,201421.0,51.59,1.73,0,1,1,0.254,0.951,0.992
22.81,75.32,129.89,253.51,48.54,139.26,84.3,99.5,8.73,0.469,20214.8,53.4,3.8,198713.0,0.92,2.08,1,1,1,0.999,1.0,1.0
4.2,4.95,8.44,15.93,1.58,4.24,35.57,39.46,5.62,-0.122,10399.6,52.9,2.08,206541.0,75.0,2.29,0,0,0,0.0,0.005,0.001
42.85,113.7,171.06,278.67,56.35,133.97,89.65,99.5,8.65,0.663,21094.0,110.2,4.4,148269.0,0.92,1.44,1,1,1,1.0,1.0,1.0
13.21,38.1,63.21,118.97,29.58,65.45,63.87,70.64,7.23,0.009,15853.5,70.6,0.54,200604.0,54.02,1.86,0,1,1,0.108,0.922,0.954
1.26,1.68,2.81,8.5,1.25,3.66,29.15,33.74,5.96,-0.397,13013.7,86.9,2.21,202390.0,75.0,1.65,0,0,0,0.0,0.003,0.001
2.79,3.07,4.21,6.08,2.66,15.0,31.15,39.06,4.59,-0.45,5350.1,178.5,5.63,57765.0,75.0,0.3,0,0,0,0.0,0.0,0.0
42.35,106.28,157.57,265.33,60.23,136.15,80.74,99.5,8.41,0.382,19599.7,134.2,7.24,130549.0,0.92,0.56,1,1,1,0.999,1.0,1.0
7.72,23.66,41.29,97.33,28.02,44.18,52.4,61.28,6.23,-0.097,10794.4,172.6,4.14,77467.0,71.24,0.45,0,0,0,0.001,0.314,0.204
69.56,153.54,352.68,501.79,90.86,191.37,82.62,99.5,10.26,0.795,34000.0,55.7,2.75,232635.0,0.92,1.9,1,1,1,1.0,1.0,1.0
16.47,26.54,54.42,93.69,25.99,51.53,50.86,59.38,6.66,-0.113,13641.1,90.4,3.16,180151.0,74.75,1.18,0,0,0,0.008,0.338,0.367
0.25,3.48,10.28,17.73,0.95,4.45,36.06,41.57,5.76,-0.332,8567.7,115.4,3.67,126349.0,75.0,1.33,0,0,0,0.0,0.003,0.0
1.26,3.97,5.26,39.28,0.48,2.12,37.59,42.11,5.6,-0.367,13447.9,46.1,1.82,198798.0,75.0,2.03,0,0,0,0.0,0.004,0.004
0.4,7.09,14.14,34.15,0.01,4.06,42.48,53.42,6.66,-0.312,16113.3,35.6,1.0,241940.0,75.0,2.43,0,0,0,0.0,0.09,0.022
7.99,32.45,63.37,121.6,17.13,48.23,51.31,62.98,5.95,0.002,11365.7,132.2,3.61,113418.0,68.12,1.24,0,0,0,0.001,0.125,0.421
14.75,32.3,66.54,120.16,24.33,66.31,57.22,68.24,6.24,-0.07,12499.3,128.1,0.55,111619.0,58.43,0.76,0,0,1,0.013,0.355,0.663
21.28,60.57,151.7,261.92,39.86,89.68,85.23,99.5,8.1,0.414,20830.2,94.6,2.89,147509.0,0.92,1.55,1,1,1,0.996,1.0,1.0
1.02,2.09,4.92,43.13,2.84,8.4,38.93,45.2,6.65,-0.277,12628.4,106.0,2.79,155217.0,75.0,0.81,0,0,0,0.0,0.023,0.004
0.16,1.14,1.59,43.09,2.29,2.36,42.06,41.9,6.2,-0.223,12103.8,95.2,2.45,188329.0,75.0,1.97,0,0,0,0.0,0.01,0.003
0.77,1.54,4.64,7.01,0.12,1.48,30.05,42.0,5.87,-0.364,13688.7,38.5,1.64,227693.0,75.0,1.91,0,0,0,0.0,0.01,0.003
0.42,3.58,6.15,10.28,1.69,1.95,37.3,40.62,6.07,-0.448,11752.8,83.6,3.92,188499.0,75.0,1.52,0,0,0,0.0,0.006,0.0
13.61,24.11,47.51,91.61,19.32,62.91,56.43,63.27,7.19,-0.071,15856.8,60.7,2.38,205654.0,67.58,2.41,0,1,1,0.018,0.554,0.891
57.99,144.87,270.06,464.93,69.1,160.12,82.29,99.5,9.89,0.722,31625.5,49.3,2.61,201533.0,0.92,2.1,1,1,1,1.0,1.0,1.0
16.15,25.04,61.37,101.49,10.23,49.09,52.02,62.59,5.76,0.079,11014.9,173.7,7.88,82553.0,68.83,0.1,0,0,0,0.004,0.121,0.185
37.56,85.93,140.69,249.54,36.35,127.63,88.98,99.5,7.59,0.586,18218.4,121.9,3.62,117291.0,0.92,1.34,1,1,1,0.999,0.999,1.0
0.91,9.2,10.94,20.69,0.42,6.21,29.34,36.34,4.6,-0.389,7210.0,140.7,3.75,111538.0,75.0,1.07,0,0,0,0.0,0.0,0.0
0.05,3.02,5.01,15.38,1.79,6.14,33.77,41.52,7.14,-0.343,13545.9,80.7,3.28,178004.0,75.0,1.53,0,0,0,0.001,0.068,0.002
0.27,2.17,4.4,8.37,1.37,12.0,31.68,36.92,5.49,-0.317,13429.4,92.0,4.17,182989.0,75.0,1.4,0,0,0,0.0,0.006,0.001
3.57,4.39,13.01,38.13,0.57,3.77,42.84,48.89,5.67,-0.156,11932.4,69.4,4.17,180903.0,75.0,1.75,0,0,0,0.0,0.007,0.004
16.31,33.06,59.16,121.7,13.45,33.3,58.92,66.39,7.28,0.059,17312.9,49.1,2.77,226991.0,61.85,2.11,0,1,1,0.034,0.734,0.851
2.15,2.25,8.76,12.88,1.32,4.06,41.78,46.09,5.71,-0.255,14049.9,61.0,1.54,194252.0,75.0,1.43,0,0,0,0.0,0.01,0.005
39.18,109.53,207.78,333.57,42.18,111.14,86.53,99.5,8.47,0.557,24313.4,150.6,5.0,91566.0,0.92,0.67,1,1,1,1.0,1.0,1.0
46.2,130.9,273.85,458.62,64.76,148.82,79.8,99.5,8.61,0.629,21839.1,133.2,6.27,65579.0,0.92,1.5,1,1,1,1.0,1.0,1.0
0.66,0.85,2.2,9.93,0.47,0.76,29.29,34.58,5.8,-0.367,10659.8,114.3,6.2,174216.0,75.0,0.97,0,0,0,0.0,0.002,0.0
30.8,83.74,188.68,278.91,51.52,109.11,86.24,99.5,8.82,0.374,22425.4,103.9,5.39,163593.0,0.92,1.21,1,1,1,1.0,1.0,1.0
6.61,21.29,49.13,97.31,25.31,65.49,52.3,59.51,6.44,-0.251,10521.9,168.8,5.71,65986.0,74.5,0.11,0,0,0,0.0,0.152,0.252
0.19,0.65,2.84,7.47,3.42,23.54,24.38,30.76,6.04,-0.45,13338.6,45.5,0.57,208474.0,75.0,2.4,0,0,0,0.0,0.003,0.004
52.24,168.0,332.65,562.87,73.22,161.0,82.02,99.5,9.89,0.631,32488.6,75.7,1.29,181741.0,0.92,2.15,1,1,1,1.0,1.0,1.0
0.94,3.32,16.51,30.01,1.17,19.08,38.13,48.07,6.22,-0.221,11140.6,85.7,3.42,187864.0,75.0,2.0,0,0,0,0.0,0.017,0.005
29.33,70.83,157.91,259.21,62.28,125.81,85.74,99.5,8.53,0.417,17906.8,148.5,6.11,73477.0,0.92,0.38,1,1,1,0.999,1.0,1.0
0.19,0.58,4.77,10.24,0.9,4.22,33.61,36.58,5.31,-0.36,6018.2,178.9,2.72,63179.0,75.0,0.47,0,0,0,0.0,0.001,0.0
7.88,18.35,53.07,83.33,28.15,48.64,49.75,58.11,6.52,-0.115,15451.9,69.9,2.5,222683.0,75.0,2.3,0,0,0,0.003,0.351,0.393
10.82,22.42,43.96,115.71,21.7,46.04,60.05,73.8,6.31,0.08,8252.5,161.8,7.5,68861.0,48.21,0.71,0,0,0,0.044,0.256,0.231
26.28,69.79,153.06,291.52,38.87,97.15,85.02,99.5,8.04,0.374,16856.9,155.4,2.22,94677.0,0.92,0.79,1,1,1,0.994,0.999,1.0
1.53,4.87,5.8,11.58,4.08,8.8,24.66,31.81,5.65,-0.45,13841.8,67.6,3.71,231959.0,75.0,1.76,0,0,0,0.0,0.004,0.002
0.21,1.43,15.92,24.87,2.54,2.88,32.24,40.1,5.79,-0.45,11088.0,92.9,2.62,177998.0,75.0,1.61,0,0,0,0.0,0.003,0.001
15.82,34.1,54.37,103.38,11.66,49.97,51.83,62.06,6.82,0.019,13163.9,94.4,5.44,168606.0,69.81,1.89,0,0,1,0.035,0.21,0.556
1.64,3.32,5.73,13.2,0.08,1.68,28.28,35.61,6.07,-0.45,9734.0,176.8,4.49,75389.0,75.0,0.44,0,0,0,0.0,0.001,0.0
6.67,17.81,61.68,104.76,19.67,61.31,52.58,65.18,6.93,-0.06,16761.5,61.2,1.01,200512.0,64.06,1.62,0,1,1,0.016,0.651,0.88
30.34,86.48,146.61,249.42,47.71,107.78,88.45,99.5,7.34,0.52,17563.1,150.9,4.04,118441.0,0.92,0.58,1,1,1,0.994,0.999,1.0
20.96,71.99,170.9,260.18,30.66,77.18,79.86,99.5,8.9,0.343,22675.3,83.5,2.78,173861.0,0.92,2.04,1,1,1,0.998,1.0,1.0
37.17,103.96,156.88,307.89,51.96,120.45,83.1,99.5,7.77,0.547,17190.5,141.0,3.95,81441.0,0.92,0.95,1,1,1,0.999,1.0,1.0
55.14,147.45,342.67,610.29,91.27,217.59,84.04,99.5,10.13,0.663,31608.0,95.9,2.98,159049.0,0.92,1.54,1,1,1,1.0,1.0,1.0
25.26,98.39,193.72,304.3,58.55,110.21,87.64,99.5,8.22,0.398,19026.8,118.9,4.87,122864.0,0.92,1.01,1,1,1,0.998,1.0,1.0
53.53,170.99,331.32,549.14,88.68,178.75,85.31,99.5,9.56,0.668,28048.1,155.7,4.97,88908.0,0.92,1.0,1,1,1,1.0,1.0,1.0
0.52,2.64,3.78,12.2,1.63,11.64,34.47,41.38,5.19,-0.278,7422.3,151.6,5.13,94189.0,75.0,1.2,0,0,0,0.0,0.002,0.0
8.2,23.66,68.11,107.45,25.6,45.92,55.79,67.81,6.91,-0.059,12205.2,160.6,0.68,105204.0,59.22,0.96,0,0,0,0.013,0.469,0.41
79.0,178.28,375.77,539.59,94.4,230.02,87.44,99.5,10.05,0.841,34000.0,43.6,1.84,238056.0,0.92,2.68,1,1,1,1.0,1.0,1.0
14.35,24.06,47.72,94.62,16.49,51.74,49.16,60.21,6.9,-0.012,14749.3,135.3,4.52,121532.0,73.22,0.83,0,1,0,0.007,0.62,0.309
21.37,85.57,167.17,261.01,37.91,83.28,85.1,99.5,9.45,0.349,26717.1,55.3,3.54,213598.0,0.92,1.93,1,1,1,1.0,1.0,1.0
0.74,3.0,6.48,45.83,0.7,5.73,38.79,46.13,5.89,-0.347,10943.7,95.3,1.72,149765.0,75.0,1.46,0,0,0,0.0,0.005,0.002
38.08,75.53,181.33,335.83,43.87,106.84,85.78,99.5,8.6,0.578,19942.4,114.5,0.5,109828.0,0.92,1.25,1,1,1,1.0,1.0,1.0
15.65,32.07,71.05,102.85,15.01,32.74,66.85,74.03,6.87,0.25,14855.9,93.4,4.31,169621.0,47.79,1.97,0,1,1,0.124,0.703,0.53
0.73,5.54,8.91,17.73,0.91,1.14,37.22,41.71,6.93,-0.291,11717.3,110.3,4.55,159507.0,75.0,1.64,0,0,0,0.0,0.021,0.002
1.75,3.86,14.55,21.34,1.03,13.85,34.12,40.52,5.34,-0.264,6744.5,179.5,3.02,62979.0,75.0,0.47,0,0,0,0.0,0.001,0.0
0.18,0.91,3.59,12.49,1.59,2.43,36.6,38.13,6.84,-0.352,14370.2,54.6,0.5,206449.0,75.0,1.66,0,0,0,0.0,0.025,0.004
82.07,194.28,327.54,508.73,104.02,214.45,88.52,99.5,10.35,1.081,31334.4,132.9,8.33,127438.0,0.92,0.47,1,1,1,1.0,1.0,1.0
12.23,22.28,44.83,95.66,23.12,46.53,56.09,62.64,7.11,0.013,12726.2,92.4,5.59,167846.0,68.75,1.62,0,1,0,0.018,0.646,0.351
83.03,166.24,346.35,537.39,101.67,255.52,85.28,99.5,10.43,0.932,34000.0,54.3,0.5,240142.0,0.92,2.36,1,1,1,1.0,1.0,1.0
7.43,23.79,43.42,108.71,26.64,53.33,47.72,58.41,7.65,-0.075,17666.4,58.0,1.55,228871.0,75.0,2.02,0,1,1,0.019,0.851,0.858
60.87,143.1,280.69,466.03,67.78,172.57,78.66,99.5,9.8,0.789,26148.5,172.6,9.5,87219.0,0.92,0.98,1,1,1,1.0,1.0,1.0
16.79,30.33,53.56,102.79,29.21,67.14,51.79,60.31,6.15,-0.044,9640.2,162.5,4.3,96315.0,73.03,0.22,0,0,0,0.006,0.242,0.342
0.27,3.76,9.58,45.56,4.43,4.78,31.66,34.97,4.74,-0.29,5912.3,166.5,4.36,60822.0,75.0,0.13,0,0,0,0.0,0.0,0.0
0.73,3.76,18.27,19.33,0.92,3.29,31.6,41.11,6.1,-0.435,7522.0,178.8,5.35,75418.0,75.0,0.12,0,0,0,0.0,0.001,0.0
61.53,158.88,302.1,577.98,100.16,239.1,85.61,99.5,10.14,0.791,32270.7,65.2,0.97,207398.0,0.92,1.73,1,1,1,1.0,1.0,1.0
0.63,5.97,6.36,8.22,6.16,9.09,30.62,37.34,6.0,-0.4,11972.1,86.5,0.5,185250.0,75.0,1.79,0,0,0,0.0,0.003,0.002
0.21,7.66,22.39,47.98,0.55,1.69,42.25,48.21,6.21,-0.408,11551.6,132.0,7.12,128945.0,75.0,0.86,0,0,0,0.0,0.009,0.002
0.63,2.79,22.2,59.72,5.08,5.41,42.75,52.11,5.94,-0.233,12112.8,105.2,0.5,160610.0,75.0,0.9,0,0,0,0.0,0.031,0.014
1.7,6.93,8.56,11.53,2.76,3.09,34.35,42.55,6.39,-0.345,13253.0,95.7,3.77,205713.0,75.0,1.77,0,0,0,0.0,0.019,0.002
43.52,84.76,162.22,320.84,64.59,147.27,84.42,99.5,8.55,0.534,20783.9,86.9,4.43,174598.0,0.92,1.1,1,1,1,1.0,1.0,1.0
15.91,40.35,83.17,144.28,24.69,57.51,60.4,74.52,7.17,0.012,15548.0,121.1,1.08,148727.0,46.88,0.82,0,1,1,0.165,0.87,0.845
11.58,34.56,71.7,144.69,11.92,44.21,68.06,77.25,6.92,0.237,13729.1,118.5,2.18,130782.0,41.87,0.69,0,1,1,0.178,0.636,0.806
58.18,158.98,324.15,582.56,61.59,154.71,84.63,99.5,10.28,0.531,33843.1,58.4,3.32,221766.0,0.92,2.1,1,1,1,1.0,1.0,1.0
16.98,41.42,58.09,104.67,10.19,47.92,45.52,56.92,6.37,-0.212,13328.4,103.4,4.61,170007.0,75.0,1.45,0,0,0,0.002,0.104,0.492
37.05,94.64,186.14,309.16,38.36,119.85,83.04,99.5,9.11,0.558,23499.0,115.3,2.75,147162.0,0.92,1.8,1,1,1,1.0,1.0,1.0
1.83,6.65,18.97,35.49,0.11,0.19,37.7,42.62,6.49,-0.273,14013.3,117.7,6.67,163809.0,75.0,1.46,0,0,0,0.0,0.02,0.002
74.59,147.96,286.39,445.46,108.44,213.76,83.82,99.5,10.27,0.781,30690.5,65.5,3.71,188177.0,0.92,2.37,1,1,1,1.0,1.0,1.0
0.07,7.54,11.29,11.73,3.58,4.16,35.28,39.42,5.53,-0.402,10193.8,142.6,5.68,101536.0,75.0,0.92,0,0,0,0.0,0.003,0.0
40.06,99.17,159.8,300.01,45.91,121.0,82.09,99.5,9.45,0.597,24713.0,38.7,0.73,236801.0,0.92,2.03,1,1,1,1.0,1.0,1.0
16.3,28.73,54.71,134.57,20.16,51.92,62.34,74.16,7.25,0.076,13733.8,86.5,2.38,189471.0,47.55,1.67,0,1,1,0.204,0.706,0.885
0.4,1.75,4.53,8.12,0.54,3.76,27.27,32.29,5.27,-0.347,8551.9,148.1,5.95,104934.0,75.0,0.93,0,0,0,0.0,0.001,0.0
7.39,24.8,60.98,100.9,24.92,50.71,67.68,73.08,6.65,-0.004,13984.4,116.8,3.69,159169.0,49.53,1.41,0,1,0,0.039,0.557,0.421
5.87,15.54,21.95,26.98,5.54,29.01,30.36,37.86,6.45,-0.351,13520.6,72.9,3.78,182632.0,75.0,1.69,0,0,0,0.0,0.011,0.007
0.74,3.13,3.15,3.69,1.39,4.68,31.0,34.63,4.95,-0.45,9755.1,135.8,1.01,99969.0,75.0,1.08,0,0,0,0.0,0.001,0.0
9.06,18.75,57.21,108.15,22.98,57.48,53.5,61.56,6.37,-0.085,12826.0,117.3,0.95,143896.0,70.73,0.92,0,0,0,0.002,0.305,0.465
66.87,147.58,313.03,498.12,100.96,196.41,88.94,99.5,9.66,0.763,28399.1,150.5,5.76,98296.0,0.92,0.41,1,1,1,1.0,1.0,1.0
8.78,24.27,61.47,127.51,16.74,47.06,62.63,69.68,6.73,0.065,13547.2,141.6,3.7,118249.0,55.78,0.51,0,1,0,0.021,0.664,0.469
8.05,29.14,50.04,121.01,28.74,73.49,56.14,67.4,6.39,0.035,14011.2,123.5,2.93,131430.0,59.98,1.12,0,1,1,0.008,0.684,0.902
2.33,2.96,5.12,6.23,0.36,0.54,29.69,38.02,5.93,-0.363,11420.1,105.8,0.5,147957.0,75.0,1.01,0,0,0,0.0,0.003,0.0
1.23,3.13,13.09,20.55,2.06,3.85,35.75,46.23,5.81,-0.289,12485.7,54.3,1.92,213702.0,75.0,1.97,0,0,0,0.0,0.007,0.002
15.78,39.53,67.48,101.62,13.27,49.89,56.41,65.67,7.04,-0.008,15051.9,72.9,2.48,192961.0,63.16,2.1,0,1,1,0.029,0.563,0.739
58.01,175.13,352.61,589.81,100.71,241.24,87.11,99.5,10.23,0.683,34000.0,95.8,4.48,160502.0,0.92,1.19,1,1,1,1.0,1.0,1.0
35.81,70.98,151.92,279.54,63.62,139.4,87.43,99.5,8.01,0.418,18511.7,121.9,4.42,130675.0,0.92,0.98,1,1,1,0.999,1.0,1.0
1.03,2.98,3.41,10.11,0.29,0.48,23.84,28.81,4.99,-0.428,8694.0,109.5,3.57,142561.0,75.0,1.33,0,0,0,0.0,0.0,0.0
9.28,28.26,69.26,139.78,15.89,32.27,62.75,73.7,7.88,0.0,18294.2,76.8,4.31,200706.0,48.4,1.85,0,1,1,0.164,0.955,0.918
10.23,23.59,49.72,107.68,10.61,36.73,59.02,65.24,7.16,0.082,16978.4,35.9,0.5,239786.0,63.95,2.21,0,1,1,0.036,0.533,0.738
12.26,27.59,62.61,101.91,13.08,37.31,51.07,62.32,6.98,-0.07,17682.7,107.0,4.78,185506.0,69.33,1.58,0,1,1,0.013,0.585,0.565
6.32,18.34,35.95,86.04,24.23,47.83,42.75,57.58,6.54,0.052,13707.8,76.4,0.5,190712.0,75.0,1.96,0,0,0,0.001,0.327,0.4
20.09,77.38,168.89,280.2,40.39,107.38,87.46,99.5,8.66,0.491,17837.9,141.5,2.82,101915.0,0.92,1.19,1,1,1,0.998,1.0,1.0
0.13,2.71,8.0,22.63,0.8,7.27,34.02,43.44,6.85,-0.378,16224.2,38.5,0.51,273893.0,75.0,2.3,0,0,0,0.0,0.039,0.013
82.87,170.7,304.34,542.92,95.41,216.25,83.85,99.5,10.27,0.969,30339.6,119.8,5.88,142444.0,0.92,1.01,1,1,1,1.0,1.0,1.0
3.08,3.48,6.07,6.5,0.11,0.3,33.4,37.95,4.72,-0.45,7901.2,171.5,5.8,89035.0,75.0,0.22,0,0,0,0.0,0.0,0.0
11.39,29.41,44.51,106.14,19.79,41.51,54.91,65.96,7.35,-0.053,18268.1,60.3,2.1,216534.0,62.64,2.1,0,1,1,0.045,0.798,0.901
45.6,124.97,289.0,521.24,92.35,184.61,87.28,99.5,9.35,0.632,29703.8,103.4,1.56,165278.0,0.92,1.28,1,1,1,1.0,1.0,1.0
16.85,31.83,69.87,108.2,19.41,50.06,60.66,63.51,7.15,0.031,18069.1,48.3,1.43,230127.0,67.14,2.01,0,1,1,0.022,0.737,0.851
1.77,4.19,6.23,10.22,7.22,8.39,33.38,41.64,5.51,-0.383,10470.8,125.7,2.67,112600.0,75.0,0.94,0,0,0,0.0,0.002,0.0
0.17,1.06,2.64,4.28,2.46,5.84,25.26,29.32,6.16,-0.443,10779.7,114.8,4.81,147720.0,75.0,1.03,0,0,0,0.0,0.002,0.0
9.12,34.0,68.65,133.81,21.14,52.69,57.39,67.51,7.08,0.01,13837.2,94.1,1.61,147245.0,59.78,1.59,0,0,1,0.035,0.49,0.779
0.02,3.71,13.37,14.94,3.18,5.85,30.55,35.02,5.46,-0.401,10906.6,110.6,6.52,144665.0,75.0,0.87,0,0,0,0.0,0.001,0.0
8.71,32.36,47.89,91.59,27.72,57.16,52.92,64.03,5.92,0.045,9692.9,165.0,0.8,71112.0,66.19,0.61,0,0,0,0.002,0.087,0.135
1.1,4.56,5.2,8.11,13.18,14.13,26.45,33.03,6.17,-0.404,12854.5,63.5,1.3,209207.0,75.0,2.17,0,0,0,0.0,0.008,0.002
33.48,80.43,181.51,338.45,34.95,107.98,83.01,99.5,9.57,0.354,26174.6,38.3,2.49,239086.0,0.92,2.15,1,1,1,1.0,1.0,1.0
2.0,6.33,8.65,11.72,0.98,5.85,30.44,37.17,5.56,-0.45,6464.2,159.9,4.35,95287.0,75.0,1.16,0,0,0,0.0,0.001,0.0
17.92,35.34,56.2,88.29,28.87,58.36,56.6,67.9,6.9,0.032,12847.1,118.7,1.34,141891.0,59.07,1.18,0,1,1,0.02,0.671,0.586
14.32,33.54,75.26,118.57,18.83,61.24,53.33,70.11,7.27,-0.051,11859.5,164.1,6.39,73923.0,55.0,0.1,0,1,1,0.087,0.806,0.569
12.61,21.83,42.66,84.52,29.88,51.6,53.32,62.46,6.48,-0.166,11215.8,121.6,3.21,130216.0,69.07,1.05,0,0,0,0.005,0.267,0.16
2.45,2.65,3.45,28.12,4.58,5.26,35.91,43.13,5.2,-0.334,7326.9,152.5,3.04,110838.0,75.0,0.71,0,0,0,0.0,0.001,0.0
7.99,25.01,41.59,118.85,17.24,46.92,52.06,63.36,6.42,-0.012,14019.7,97.3,1.49,179255.0,67.42,1.62,0,0,1,0.007,0.326,0.656
6.37,14.92,43.95,80.04,22.61,61.44,49.01,57.39,5.53,-0.179,9504.8,143.7,9.5,90323.0,75.0,0.74,0,0,0,0.0,0.042,0.12
0.04,2.41,9.17,16.12,6.42,6.84,33.64,39.59,4.42,-0.327,4630.7,167.4,5.1,56167.0,75.0,0.18,0,0,0,0.0,0.0,0.0
28.07,72.28,182.05,285.58,43.58,130.2,83.58,99.5,8.45,0.542,19228.8,118.0,0.5,127547.0,0.92,0.86,1,1,1,0.999,1.0,1.0
43.25,115.76,199.25,332.31,42.22,115.61,84.6,99.5,9.95,0.609,26811.2,61.2,3.79,222221.0,0.92,1.8,1,1,1,1.0,1.0,1.0
0.43,3.86,5.33,30.71,0.31,3.28,42.84,52.11,6.46,-0.319,13229.4,74.0,3.4,209452.0,75.0,1.65,0,0,0,0.0,0.03,0.009
11.77,24.25,40.09,77.52,29.36,72.6,45.41,56.87,7.48,-0.094,14829.2,63.8,1.35,189565.0,75.0,1.62,0,1,1,0.011,0.811,0.682
6.55,20.92,49.88,103.78,15.98,58.36,61.01,66.01,6.98,-0.103,15201.0,70.8,1.29,199657.0,62.53,1.64,0,1,1,0.01,0.578,0.878
2.87,2.92,7.12,8.04,1.82,8.88,32.53,39.73,6.19,-0.283,11549.2,79.4,3.74,212200.0,75.0,1.93,0,0,0,0.0,0.008,0.001
1.26,2.84,15.51,31.98,0.57,2.29,28.93,33.25,4.94,-0.379,9848.9,115.5,3.53,147636.0,75.0,1.72,0,0,0,0.0,0.0,0.001
75.4,146.55,262.31,522.63,62.15,196.43,91.07,99.5,9.66,0.877,26991.1,120.3,0.5,157012.0,0.92,1.38,1,1,1,1.0,1.0,1.0
9.15,31.19,71.61,149.27,11.91,39.6,64.62,77.23,7.11,0.058,16520.3,96.8,6.5,178770.0,41.89,1.88,0,1,1,0.223,0.857,0.948
67.96,192.92,326.91,476.94,70.09,189.73,85.73,99.5,9.77,0.8,27623.0,124.2,3.38,117264.0,0.92,1.39,1,1,1,1.0,1.0,1.0
13.85,33.6,50.84,118.91,23.2,50.43,56.18,59.25,7.16,-0.179,13842.1,46.8,2.9,220956.0,74.97,2.45,0,0,1,0.008,0.488,0.655
1.02,4.67,5.88,39.65,0.3,8.43,34.73,45.71,6.78,-0.447,15539.1,47.7,2.77,223246.0,75.0,2.09,0,0,0,0.0,0.022,0.012
1.62,4.32,4.67,34.83,0.7,5.49,45.34,49.42,6.63,-0.185,13805.1,59.9,1.02,209664.0,75.0,2.06,0,0,0,0.001,0.052,0.009
42.12,86.89,191.77,320.72,53.07,143.36,85.13,99.5,8.63,0.649,21954.9,110.1,5.9,161599.0,0.92,1.17,1,1,1,1.0,1.0,1.0
11.85,27.34,61.34,119.04,11.23,31.64,55.27,66.51,7.41,0.004,16360.3,66.0,1.54,206895.0,61.62,1.86,0,1,1,0.039,0.853,0.516
0.02,0.3,5.54,5.59,0.73,2.81,39.33,46.13,6.52,-0.223,9605.5,76.1,0.5,144665.0,75.0,1.81,0,0,0,0.0,0.014,0.0
17.19,30.75,69.24,119.68,11.97,29.94,60.81,72.61,7.03,0.231,14785.6,93.0,2.55,148653.0,50.4,1.76,0,1,0,0.182,0.753,0.44
30.81,68.13,152.42,271.92,54.59,104.8,88.52,99.5,7.65,0.418,15281.8,152.7,6.44,63925.0,0.92,0.82,1,1,1,0.997,0.999,1.0
34.82,76.8,170.14,274.71,51.5,140.05,84.53,99.5,8.15,0.436,23797.5,37.0,0.99,238218.0,0.92,2.29,1,1,1,0.999,1.0,1.0
0.8,1.34,10.03,15.36,2.62,3.97,42.74,48.24,6.07,-0.215,10241.1,129.2,3.81,128615.0,75.0,1.04,0,0,0,0.0,0.01,0.001
0.42,2.99,3.67,27.88,0.98,1.05,31.5,38.61,5.58,-0.246,11289.7,132.0,7.34,125864.0,75.0,1.12,0,0,0,0.0,0.005,0.001
57.22,174.32,361.66,581.16,74.71,196.93,85.31,99.5,9.88,0.664,31093.8,150.8,5.57,84650.0,0.92,0.92,1,1,1,1.0,1.0,1.0
40.91,88.55,161.68,284.85,61.05,133.07,83.62,99.5,8.12,0.673,17603.7,170.2,3.37,85813.0,0.92,0.1,1,1,1,1.0,1.0,1.0
0.28,0.51,0.91,36.92,3.46,8.54,31.91,41.72,5.74,-0.363,14246.7,37.9,1.81,245240.0,75.0,2.01,0,0,0,0.0,0.007,0.006
32.41,94.31,151.95,281.62,58.38,101.79,87.85,99.5,8.61,0.488,20909.6,57.3,2.21,192414.0,0.92,2.39,1,1,1,1.0,1.0,1.0
0.42,0.71,1.92,19.69,0.81,4.9,35.28,40.49,5.16,-0.371,5520.4,163.5,0.5,61816.0,75.0,0.52,0,0,0,0.0,0.0,0.0
1.78,6.02,14.29,25.21,0.66,1.23,37.24,41.55,6.3,-0.299,11782.9,101.5,4.33,158216.0,75.0,1.29,0,0,0,0.0,0.007,0.001
0.84,1.11,10.78,17.79,4.13,8.45,36.39,44.96,5.99,-0.384,12901.7,116.9,4.91,166638.0,75.0,1.12,0,0,0,0.0,0.008,0.002
2.34,7.72,7.94,23.44,0.51,16.39,33.4,35.81,6.38,-0.279,11907.0,131.1,4.64,148129.0,75.0,0.92,0,0,0,0.0,0.004,0.001
39.46,74.61,180.26,283.64,44.58,118.26,85.74,99.5,8.55,0.41,20908.1,133.5,6.81,128293.0,0.92,1.13,1,1,1,1.0,1.0,1.0
16.91,40.68,72.58,118.42,15.58,41.52,57.23,66.89,6.07,-0.032,10971.8,170.1,3.89,64927.0,60.93,0.11,0,0,0,0.004,0.061,0.241
0.24,3.01,6.01,23.83,0.2,1.99,42.78,47.31,4.87,-0.183,7085.6,179.6,7.37,77833.0,75.0,0.31,0,0,0,0.0,0.001,0.0
26.0,82.4,160.5,276.46,41.05,121.02,83.75,99.5,7.93,0.587,19059.9,139.4,0.95,105906.0,0.92,0.95,1,1,1,0.998,0.999,1.0
32.04,75.13,157.98,285.71,30.75,81.96,87.81,99.5,8.87,0.424,21563.3,76.6,3.24,176511.0,0.92,1.9,1,1,1,1.0,1.0,1.0
0.33,1.05,2.14,5.94,0.61,8.15,27.95,34.83,5.16,-0.267,5678.6,162.6,9.5,52764.0,75.0,0.62,0,0,0,0.0,0.0,0.0
9.16,23.1,46.09,124.47,20.71,54.03,57.34,67.36,6.22,0.073,15742.0,42.1,0.72,230971.0,60.05,2.42,0,1,1,0.008,0.638,0.958
38.39,86.74,194.86,287.05,46.02,94.02,82.23,99.5,8.67,0.562,23394.6,68.5,1.46,188344.0,0.92,1.72,1,1,1,0.999,1.0,1.0
39.76,79.05,162.29,250.67,45.84,101.26,81.7,99.5,7.83,0.505,16606.6,165.1,3.67,83301.0,0.92,0.23,1,1,1,0.999,1.0,1.0
42.58,79.71,168.7,304.32,61.11,149.39,83.41,99.5,9.31,0.684,21670.4,72.1,2.69,158932.0,0.92,2.58,1,1,1,1.0,1.0,1.0
4.53,5.26,6.55,12.62,1.54,3.14,32.4,38.59,6.58,-0.331,12491.8,67.0,1.06,202154.0,75.0,1.82,0,0,0,0.0,0.009,0.002
1.62,1.64,1.71,16.82,4.29,9.54,35.68,40.36,6.33,-0.294,14493.3,55.0,2.34,177499.0,75.0,2.03,0,0,0,0.0,0.022,0.002
22.93,95.33,176.64,316.02,37.04,107.22,82.97,99.5,8.34,0.202,19839.4,159.6,8.02,104834.0,0.92,0.8,1,1,1,0.995,1.0,1.0
28.25,102.24,180.69,321.14,51.11,96.3,86.04,99.5,8.35,0.396,24041.6,107.5,4.8,158818.0,0.92,1.81,1,1,1,0.998,1.0,1.0
0.94,2.88,7.91,12.57,3.94,7.35,29.31,35.42,4.7,-0.428,10727.5,132.9,0.5,116389.0,75.0,0.81,0,0,0,0.0,0.0,0.0
0.05,3.12,12.61,26.41,0.96,4.08,34.91,42.53,6.19,-0.318,13888.9,69.7,3.69,204843.0,75.0,1.58,0,0,0,0.0,0.014,0.003
24.28,83.34,163.39,245.49,41.27,91.78,86.15,99.5,8.37,0.364,17838.4,144.9,7.52,91430.0,0.92,0.43,1,1,1,0.997,0.999,1.0
10.08,22.19,62.22,127.1,24.8,50.63,53.36,64.38,6.37,-0.087,10951.4,145.2,7.25,106845.0,65.54,1.28,0,0,0,0.003,0.489,0.433
0.0,0.62,6.25,17.33,1.55,2.7,37.6,38.86,5.67,-0.36,11808.9,80.3,3.35,195530.0,75.0,1.41,0,0,0,0.0,0.004,0.0
0.09,3.94,4.09,4.82,0.7,3.68,37.41,42.73,6.12,-0.388,9880.4,94.5,3.68,120127.0,75.0,1.51,0,0,0,0.0,0.006,0.001
17.9,27.44,56.63,116.72,26.46,62.15,58.46,72.8,7.94,-0.03,16095.8,65.4,3.5,194806.0,50.05,1.64,0,1,1,0.271,0.927,0.863
15.5,32.38,60.4,121.34,28.02,59.54,60.99,72.11,5.6,0.037,9316.3,176.6,9.5,67739.0,51.33,0.1,0,0,0,0.016,0.158,0.329
12.87,26.62,59.5,120.89,25.07,57.23,50.93,61.82,6.44,-0.058,12345.7,128.6,2.3,122721.0,70.25,0.95,0,0,1,0.005,0.321,0.605
0.26,2.44,3.86,4.96,3.49,3.73,27.98,37.74,5.19,-0.306,8184.3,170.5,9.28,97246.0,75.0,0.15,0,0,0,0.0,0.001,0.0
70.27,199.58,317.46,488.28,98.04,185.79,87.22,99.5,10.04,0.832,31521.3,79.0,2.64,168352.0,0.92,1.54,1,1,1,1.0,1.0,1.0
78.31,148.33,338.42,487.78,106.1,255.26,87.28,99.5,9.46,0.96,29034.4,148.4,4.85,92634.0,0.92,1.35,1,1,1,1.0,1.0,1.0
66.58,183.26,300.0,458.92,78.46,201.46,82.76,99.5,10.3,0.754,25980.9,146.0,1.07,76003.0,0.92,0.91,1,1,1,1.0,1.0,1.0
41.71,98.41,188.32,322.72,60.71,143.44,86.35,99.5,8.08,0.561,18890.1,135.3,4.04,140306.0,0.92,1.22,1,1,1,0.999,1.0,1.0
17.7,26.04,47.28,123.8,25.84,48.87,63.46,72.08,6.3,-0.044,9188.1,175.0,2.98,66284.0,51.37,0.62,0,0,0,0.03,0.324,0.198
4.39,9.49,9.76,29.77,3.07,3.94,31.27,36.83,5.73,-0.383,9968.4,92.1,2.45,162945.0,75.0,1.53,0,0,0,0.0,0.002,0.001
1.33,10.11,14.62,34.79,0.21,4.76,36.44,40.06,5.88,-0.45,14394.9,54.0,0.82,214468.0,75.0,1.97,0,0,0,0.0,0.004,0.004
0.27,0.46,3.67,20.34,1.58,10.97,39.61,45.73,5.83,-0.395,9497.3,132.4,3.56,130666.0,75.0,1.05,0,0,0,0.0,0.003,0.002
1.43,1.74,12.64,14.64,2.84,3.4,41.8,45.8,5.26,-0.389,10147.8,140.7,3.9,116311.0,75.0,0.91,0,0,0,0.0,0.003,0.0
17.98,31.63,61.51,114.85,12.04,41.86,53.96,66.93,7.86,0.103,16198.4,118.4,4.35,177658.0,60.86,1.01,0,1,1,0.358,0.835,0.729
50.98,169.1,365.35,618.48,81.55,161.74,84.94,99.5,10.75,0.684,34000.0,65.0,0.5,208823.0,0.92,1.98,1,1,1,1.0,1.0,1.0
5.48,21.89,57.28,128.25,21.99,66.34,63.31,73.89,6.25,0.073,11028.0,108.1,0.97,143246.0,48.03,1.11,0,0,1,0.014,0.382,0.834
11.42,29.62,51.52,98.51,23.66,56.71,51.85,64.4,6.75,-0.138,14376.4,80.3,3.33,175259.0,65.5,1.67,0,1,1,0.009,0.577,0.685
9.81,19.71,44.99,77.2,21.62,46.31,47.85,59.41,6.61,-0.024,10836.3,97.0,2.0,157729.0,74.68,1.39,0,0,0,0.004,0.217,0.084
0.57,2.71,6.2,16.85,1.35,3.7,26.31,35.62,5.57,-0.427,8807.7,128.6,6.99,103204.0,75.0,0.65,0,0,0,0.0,0.0,0.0
77.85,175.9,334.14,612.5,69.05,207.17,84.69,99.5,9.07,1.068,29602.4,143.1,5.59,108931.0,0.92,0.12,1,1,1,1.0,1.0,1.0
11.15,33.27,60.39,105.54,14.16,55.32,53.4,64.12,7.14,-0.052,16130.0,68.7,3.15,209345.0,66.03,1.61,0,1,1,0.018,0.561,0.864
1.52,1.72,6.72,7.15,0.4,3.55,23.81,31.81,6.18,-0.275,11143.3,93.8,5.66,158273.0,75.0,2.07,0,0,0,0.0,0.005,0.001
63.54,183.97,348.68,623.78,102.76,209.98,87.62,99.5,9.27,1.011,32756.7,74.0,2.18,179055.0,0.92,1.72,1,1,1,1.0,1.0,1.0
15.84,38.63,82.72,113.35,27.49,44.59,58.05,67.12,7.94,0.068,21149.5,63.8,1.57,226177.0,60.5,2.19,0,1,1,0.11,0.982,0.938
11.87,26.91,69.51,119.77,21.92,57.68,61.93,74.99,6.16,0.203,10972.0,148.6,7.53,80293.0,46.02,0.11,0,1,0,0.058,0.533,0.428
5.25,23.29,53.83,113.53,11.51,28.18,53.98,62.91,6.47,-0.133,8867.0,166.8,7.37,48773.0,68.25,0.19,0,0,0,0.001,0.062,0.021
24.44,94.22,165.61,280.33,43.66,122.95,83.98,99.5,8.25,0.495,20903.6,88.7,2.8,156286.0,0.92,1.2,1,1,1,0.997,1.0,1.0
0.36,0.54,2.44,18.05,4.93,5.11,22.12,30.62,5.06,-0.43,8193.3,143.9,8.64,84171.0,75.0,0.75,0,0,0,0.0,0.0,0.0
40.26,77.91,147.75,229.53,61.9,140.78,85.26,99.5,7.91,0.594,15254.5,165.1,5.15,87716.0,0.92,1.24,1,1,1,0.999,1.0,1.0
59.77,152.41,320.0,472.55,67.25,215.03,88.67,99.5,9.25,0.784,28777.4,157.7,5.61,85364.0,0.92,0.76,1,1,1,1.0,1.0,1.0
7.63,27.98,49.76,84.16,28.0,70.05,55.07,60.63,6.89,-0.116,15080.4,61.5,2.18,202895.0,72.44,2.5,0,1,1,0.007,0.594,0.796
12.87,28.72,60.31,110.71,25.14,62.78,57.66,67.54,6.4,-0.11,10456.7,173.7,3.16,88899.0,59.73,0.31,0,0,0,0.006,0.33,0.364
40.47,96.39,194.47,286.93,31.05,106.7,83.49,99.5,8.85,0.442,24260.1,89.6,3.26,162088.0,0.92,2.0,1,1,1,1.0,1.0,1.0
6.37,23.73,60.37,110.72,10.88,52.49,58.62,67.31,6.51,0.034,15496.6,84.2,5.06,190598.0,60.14,2.29,0,0,1,0.013,0.356,0.853
46.73,171.01,285.75,528.67,106.24,258.8,85.24,99.5,10.04,0.628,33968.0,44.1,1.89,249807.0,0.92,2.21,1,1,1,1.0,1.0,1.0
16.61,39.63,69.94,127.82,22.39,64.27,60.55,71.64,7.01,0.158,15144.9,105.5,3.75,146571.0,52.19,1.2,0,1,1,0.097,0.844,0.899
15.9,37.21,72.48,133.4,28.45,49.23,73.75,81.29,6.91,0.113,18029.5,50.8,1.63,230087.0,34.43,1.75,0,1,1,0.239,0.975,0.967
7.51,32.21,63.8,117.97,27.01,67.5,58.93,70.49,7.25,-0.049,16345.9,71.0,2.91,191127.0,54.29,1.76,0,1,1,0.037,0.844,0.916
7.3,18.25,57.1,126.39,14.5,54.75,61.8,69.89,6.95,-0.057,15311.1,81.0,3.93,196713.0,55.4,1.74,0,1,1,0.032,0.629,0.893
0.78,2.37,19.36,28.15,0.29,1.45,40.29,46.98,5.73,-0.418,7673.9,152.3,7.0,73692.0,75.0,1.31,0,0,0,0.0,0.004,0.0
28.34,101.68,167.52,281.96,56.24,111.31,84.95,99.5,8.15,0.402,17303.3,161.9,4.7,60982.0,0.92,0.17,1,1,1,0.998,1.0,1.0
14.12,25.65,47.92,127.24,17.38,54.27,54.98,69.54,6.3,0.012,13343.8,78.9,3.22,179502.0,56.04,1.76,0,1,1,0.014,0.537,0.839
41.0,89.88,161.31,303.15,51.25,111.14,87.33,99.5,7.71,0.555,17525.0,159.5,6.96,75253.0,0.92,0.1,1,1,1,0.999,0.999,1.0
1.66,6.64,7.72,8.01,0.64,4.57,34.97,38.68,4.98,-0.364,7667.0,159.3,2.69,81091.0,75.0,0.47,0,0,0,0.0,0.001,0.0
16.9,39.57,61.24,135.29,26.21,63.25,68.18,79.66,6.21,0.258,9937.5,145.9,5.55,101658.0,37.42,0.88,0,1,1,0.216,0.518,0.76
37.21,104.49,206.19,351.72,34.26,113.98,87.16,99.5,9.08,0.471,25926.8,56.3,0.5,223275.0,0.92,2.22,1,1,1,1.0,1.0,1.0
78.65,159.79,289.04,539.07,77.2,189.17,85.61,99.5,9.66,0.999,26173.5,135.1,5.9,111769.0,0.92,1.12,1,1,1,1.0,1.0,1.0
29.43,72.94,179.27,323.74,38.77,84.6,81.33,99.5,7.6,0.464,16975.6,172.0,8.07,61208.0,0.92,0.53,1,1,1,0.996,0.996,1.0
29.32,80.93,131.35,282.33,59.79,146.55,82.15,99.5,8.0,0.441,15709.3,134.0,6.49,113965.0,0.92,1.13,1,1,1,0.994,1.0,1.0
1.97,5.27,9.3,48.01,2.49,5.97,42.82,50.56,6.41,-0.182,12606.7,83.1,2.32,168761.0,75.0,1.7,0,0,0,0.001,0.036,0.007
39.72,84.57,192.6,274.13,52.69,96.93,80.35,99.5,9.32,0.516,23179.8,107.6,4.36,136889.0,0.92,1.02,1,1,1,1.0,1.0,1.0
2.3,10.88,12.98,36.33,0.82,1.43,42.68,46.91,5.35,-0.311,7632.6,128.6,7.8,101449.0,75.0,0.48,0,0,0,0.0,0.002,0.0
0.39,1.29,5.27,24.36,0.46,0.78,36.04,43.03,5.29,-0.35,8967.1,109.0,6.59,150203.0,75.0,1.15,0,0,0,0.0,0.001,0.001
0.3,1.18,2.49,5.47,1.25,8.04,28.9,33.59,6.09,-0.384,12880.6,52.4,1.81,208598.0,75.0,2.08,0,0,0,0.0,0.004,0.001
22.51,91.99,171.81,304.65,58.54,115.28,82.12,99.5,8.4,0.224,25013.0,80.2,3.01,198195.0,0.92,2.1,1,1,1,0.995,1.0,1.0
3.7,3.92,6.92,10.45,1.05,3.13,29.92,33.3,5.6,-0.382,9612.9,151.3,8.32,76672.0,75.0,0.68,0,0,0,0.0,0.001,0.0
2.95,4.41,9.2,45.58,1.36,3.2,40.42,47.97,5.57,-0.199,6520.8,159.9,1.28,79982.0,75.0,0.53,0,0,0,0.0,0.006,0.0
4.33,8.73,19.97,26.04,2.38,3.39,37.25,44.78,6.67,-0.269,12828.8,54.9,1.6,241303.0,75.0,2.2,0,0,0,0.0,0.011,0.002
16.26,40.12,63.15,98.4,14.01,48.0,60.14,66.6,6.07,0.044,8035.6,173.1,9.5,58191.0,61.45,0.32,0,0,0,0.007,0.043,0.102
26.8,87.35,158.36,311.71,45.84,113.21,87.85,99.5,8.15,0.451,19425.5,82.7,4.35,177237.0,0.92,1.93,1,1,1,0.998,1.0,1.0
9.52,18.77,48.58,117.29,29.06,46.36,61.06,69.63,7.26,-0.001,11535.2,131.0,5.46,104520.0,55.88,1.59,0,1,0,0.047,0.522,0.333
15.37,27.91,67.59,114.69,12.29,45.65,59.73,69.65,6.49,-0.079,11568.4,144.0,1.14,86956.0,55.84,1.47,0,0,0,0.012,0.194,0.356
2.69,3.19,3.28,29.11,2.39,8.18,41.55,50.4,5.34,-0.12,9070.7,152.7,5.21,119931.0,75.0,0.72,0,0,0,0.0,0.004,0.001
0.07,5.6,7.78,35.12,0.13,7.7,38.83,46.54,5.58,-0.086,8403.4,172.1,4.2,76005.0,75.0,0.51,0,0,0,0.0,0.004,0.001
1.34,3.36,3.62,17.61,1.82,6.36,30.39,36.74,5.7,-0.242,13849.2,80.4,3.29,185557.0,75.0,2.2,0,0,0,0.0,0.004,0.001
14.32,29.86,51.0,126.95,28.51,49.87,54.27,62.7,5.68,-0.035,10274.8,159.5,3.26,63175.0,68.64,0.55,0,0,0,0.001,0.136,0.386
13.2,24.65,65.48,100.39,29.8,63.13,55.51,65.4,7.54,-0.077,18427.2,54.1,0.89,220468.0,63.66,2.3,0,1,1,0.043,0.894,0.922
0.03,5.37,9.98,24.32,0.64,2.08,31.65,37.25,4.85,-0.252,8071.9,137.2,0.5,132684.0,75.0,0.57,0,0,0,0.0,0.0,0.0
42.86,103.26,154.28,260.47,50.95,99.09,88.43,99.5,7.79,0.586,18304.1,142.6,8.13,126138.0,0.92,0.74,1,1,1,1.0,1.0,1.0
48.93,122.49,289.25,474.13,78.68,163.49,87.43,99.5,9.25,0.71,29534.2,133.3,3.71,130101.0,0.92,1.31,1,1,1,1.0,1.0,1.0
1.61,5.25,12.32,24.98,2.97,5.98,31.62,39.49,5.98,-0.418,11408.5,71.6,2.71,177155.0,75.0,1.63,0,0,0,0.0,0.006,0.001
0.81,1.56,1.78,5.92,2.3,11.45,36.69,42.29,5.28,-0.282,8679.3,161.6,5.65,90787.0,75.0,0.52,0,0,0,0.0,0.002,0.0
26.41,88.2,166.89,297.1,30.06,76.8,82.64,99.5,9.13,0.441,24199.0,59.5,0.94,218632.0,0.92,1.55,1,1,1,1.0,1.0,1.0
0.29,5.89,6.06,16.17,5.28,8.98,33.35,37.46,6.42,-0.257,13748.6,42.8,0.53,201751.0,75.0,2.86,0,0,0,0.0,0.018,0.003
11.3,25.86,59.58,113.6,24.11,57.64,56.46,60.75,5.62,0.001,10322.8,139.0,2.35,96342.0,72.21,1.26,0,0,0,0.002,0.132,0.475
12.38,36.64,76.71,137.16,20.77,57.49,55.9,66.81,7.59,0.011,16769.6,103.9,2.28,168590.0,61.06,1.44,0,1,1,0.088,0.85,0.912
77.16,164.87,334.9,493.82,81.52,236.6,86.55,99.5,9.55,1.069,28826.1,158.1,6.58,103398.0,0.92,0.76,1,1,1,1.0,1.0,1.0
9.24,19.86,39.25,88.93,14.5,42.31,54.6,59.49,5.99,-0.117,12737.3,90.6,1.87,148060.0,74.55,1.7,0,0,0,0.001,0.184,0.184
1.52,7.0,7.47,25.02,0.22,1.89,30.75,36.58,6.37,-0.241,13747.2,59.4,3.95,220645.0,75.0,2.44,0,0,0,0.0,0.012,0.003
6.8,6.98,7.07,11.94,6.04,6.11,28.72,32.34,6.18,-0.301,9271.7,156.3,8.36,93889.0,75.0,0.48,0,0,0,0.0,0.006,0.0
0.3,2.61,3.68,4.34,0.11,2.97,28.86,28.9,5.66,-0.38,11433.8,114.6,5.68,154205.0,75.0,1.45,0,0,0,0.0,0.001,0.0
0.99,4.05,4.62,12.93,1.84,2.72,30.71,38.88,5.09,-0.112,10307.7,62.4,2.05,195562.0,75.0,2.3,0,0,0,0.0,0.001,0.001
12.12,32.16,76.88,136.7,27.22,67.23,63.12,77.31,7.17,-0.089,12733.5,139.5,8.68,122331.0,41.75,1.24,0,1,1,0.2,0.821,0.924
43.51,107.43,170.21,274.06,57.46,126.11,81.46,99.5,9.05,0.47,20848.0,109.1,3.39,161724.0,0.92,0.63,1,1,1,1.0,1.0,1.0
0.35,3.02,12.5,17.81,1.81,4.86,33.99,37.77,5.34,-0.271,10596.3,122.6,4.22,127580.0,75.0,0.94,0,0,0,0.0,0.003,0.001
6.65,16.18,57.87,134.54,28.08,54.98,61.14,74.91,6.56,0.081,13543.6,101.8,3.88,158070.0,46.16,1.11,0,1,1,0.042,0.695,0.861
0.41,7.53,16.11,36.67,0.81,4.38,38.71,43.89,5.3,-0.303,6663.4,155.2,7.39,84077.0,75.0,0.7,0,0,0,0.0,0.005,0.0
1.67,3.81,7.5,24.46,2.91,3.87,37.96,40.66,4.56,-0.238,7376.5,155.3,7.22,118431.0,75.0,0.1,0,0,0,0.0,0.001,0.0
60.63,177.5,311.03,579.21,101.94,253.58,82.92,99.5,10.53,0.663,29351.9,137.9,3.65,112762.0,0.92,0.29,1,1,1,1.0,1.0,1.0
0.42,0.7,1.13,10.87,0.73,1.8,28.38,35.63,5.65,-0.226,10190.3,50.3,1.28,205830.0,75.0,2.8,0,0,0,0.0,0.003,0.001
0.3,2.37,5.54,12.13,0.3,9.55,31.54,35.14,5.41,-0.277,8420.6,156.6,7.29,81302.0,75.0,0.82,0,0,0,0.0,0.001,0.0
0.67,1.0,1.15,3.14,0.71,4.19,31.6,37.03,5.4,-0.233,7277.3,132.3,6.33,123145.0,75.0,1.02,0,0,0,0.0,0.001,0.0
17.62,30.25,68.94,144.51,17.83,40.43,52.4,68.6,6.57,-0.061,12918.1,136.1,3.8,128018.0,57.77,1.04,0,0,1,0.025,0.434,0.591
64.64,188.45,299.43,507.56,97.88,225.97,88.4,99.5,9.33,0.878,28285.2,87.6,0.56,154804.0,0.92,1.66,1,1,1,1.0,1.0,1.0
0.83,2.84,6.7,20.46,0.88,3.43,33.14,37.36,4.93,-0.364,7593.1,162.5,5.08,112720.0,75.0,0.85,0,0,0,0.0,0.0,0.0
8.56,33.28,53.9,91.44,15.38,57.98,53.43,63.98,5.93,0.126,11668.3,140.2,6.48,116415.0,66.29,0.68,0,0,0,0.003,0.135,0.321
1.29,2.81,13.19,40.84,1.03,3.93,41.34,49.87,6.69,-0.234,14212.5,51.3,3.46,225406.0,75.0,2.19,0,0,0,0.0,0.063,0.006
42.63,90.41,164.86,308.3,54.45,97.13,86.33,99.5,8.77,0.501,19587.9,94.1,1.26,165589.0,0.92,1.59,1,1,1,1.0,1.0,1.0
6.53,28.91,44.8,120.8,15.44,48.39,58.81,69.32,6.53,0.006,9348.6,163.5,4.47,84059.0,56.45,0.22,0,0,0,0.019,0.396,0.297
12.34,27.08,43.02,82.64,22.3,50.69,54.02,63.38,7.01,-0.167,16539.7,41.8,1.17,227564.0,67.38,2.66,0,1,1,0.014,0.859,0.547
10.38,20.04,45.45,101.78,11.55,28.55,53.33,62.29,6.12,0.024,10528.5,174.4,9.5,85980.0,69.38,0.25,0,0,0,0.002,0.112,0.109
64.66,168.34,301.53,487.13,99.84,249.38,82.53,99.5,9.8,0.758,25734.5,133.5,4.59,119707.0,0.92,1.27,1,1,1,1.0,1.0,1.0
9.23,23.28,63.18,141.88,16.41,55.07,67.34,80.28,6.58,0.064,13049.2,126.5,2.36,139646.0,36.29,1.1,0,1,1,0.101,0.678,0.906
11.24,23.72,59.17,112.3,15.36,33.58,53.36,63.33,5.92,-0.023,12987.9,74.2,3.34,184415.0,67.47,2.3,0,0,1,0.002,0.12,0.633
16.27,39.21,56.46,119.63,13.25,47.64,54.49,66.34,7.09,0.007,15283.2,71.1,1.97,197645.0,61.93,1.54,0,0,1,0.038,0.488,0.742
16.8,29.22,54.66,124.42,24.71,51.97,63.98,74.46,6.52,0.235,8930.8,171.6,2.22,62023.0,46.99,0.1,0,1,0,0.057,0.582,0.372
2.26,8.6,11.01,11.49,1.42,6.13,31.03,35.09,5.24,-0.391,14006.8,78.2,1.48,204349.0,75.0,1.48,0,0,0,0.0,0.002,0.001
0.3,0.56,1.9,2.04,2.51,3.07,35.07,36.3,5.59,-0.336,8517.8,147.4,9.5,90556.0,75.0,0.81,0,0,0,0.0,0.002,0.0
1.54,2.21,21.56,30.66,0.08,5.27,33.55,41.71,5.43,-0.275,10862.0,92.0,3.86,164722.0,75.0,2.02,0,0,0,0.0,0.002,0.002
10.33,28.66,72.19,128.06,26.09,50.17,67.34,76.61,6.98,0.062,17801.0,55.2,2.04,209045.0,43.04,2.56,0,1,1,0.145,0.925,0.948
14.29,23.98,65.78,105.77,16.04,59.78,55.36,60.94,7.31,-0.096,18833.5,36.6,1.11,230826.0,71.87,1.66,0,1,1,0.009,0.639,0.881
0.2,0.94,4.41,51.78,2.35,2.78,41.51,46.04,5.3,-0.45,9583.1,113.9,4.59,154137.0,75.0,1.32,0,0,0,0.0,0.001,0.003
14.73,29.97,74.74,136.18,20.64,52.36,57.39,68.99,5.8,0.127,11747.5,176.5,7.07,63465.0,57.07,0.1,0,0,1,0.013,0.374,0.646
36.04,100.31,155.01,245.47,40.52,106.8,83.8,99.5,8.68,0.423,22323.9,88.5,3.56,194679.0,0.92,1.85,1,1,1,1.0,1.0,1.0
0.45,1.05,11.41,11.81,5.58,13.91,30.46,31.38,5.7,-0.257,11046.9,86.8,3.22,163571.0,75.0,1.97,0,0,0,0.0,0.002,0.001
1.38,1.46,2.49,48.9,4.73,16.42,37.62,44.8,5.38,-0.346,11762.9,84.9,4.3,180669.0,75.0,1.65,0,0,0,0.0,0.003,0.005
44.9,82.46,166.71,313.44,41.19,105.15,84.5,99.5,7.47,0.696,18276.7,110.5,3.91,135789.0,0.92,1.32,1,1,1,0.999,0.999,1.0
8.69,17.34,34.52,65.59,20.54,54.1,44.06,53.26,6.63,-0.142,13235.3,98.9,1.72,167639.0,75.0,1.48,0,0,0,0.002,0.19,0.196
0.44,4.82,13.57,15.38,0.11,1.45,36.73,40.93,5.47,-0.211,6817.9,162.6,3.9,84656.0,75.0,0.31,0,0,0,0.0,0.001,0.0
14.27,30.9,60.54,98.16,17.03,60.8,46.26,61.67,5.63,0.004,13862.8,108.3,0.5,147713.0,70.53,1.45,0,0,1,0.002,0.169,0.551
9.43,27.48,44.23,77.42,18.49,51.61,49.72,60.87,6.07,-0.043,13203.7,108.6,7.76,167477.0,71.99,1.25,0,0,0,0.002,0.201,0.375
9.84,20.88,57.96,94.96,23.36,67.06,53.06,65.31,7.14,-0.133,16638.7,55.1,2.78,204108.0,63.83,2.36,0,1,1,0.012,0.793,0.915
11.12,22.52,62.78,118.06,28.46,65.08,62.05,68.33,6.71,0.058,12048.6,177.5,3.56,75801.0,58.28,0.3,0,1,0,0.017,0.735,0.474
10.6,29.09,49.19,98.55,21.88,54.58,53.96,62.8,7.03,0.02,14888.7,71.2,2.13,182970.0,68.46,1.6,0,1,1,0.014,0.649,0.556
34.68,99.42,155.76,241.65,35.18,118.76,84.07,99.5,9.27,0.507,24914.8,45.6,1.07,226925.0,0.92,1.76,1,1,1,1.0,1.0,1.0
0.08,0.72,1.89,14.4,1.03,1.8,38.6,46.02,5.06,-0.211,6780.7,131.2,8.23,104679.0,75.0,0.44,0,0,0,0.0,0.001,0.0
31.24,93.66,190.82,280.73,55.02,95.26,81.12,99.5,8.8,0.491,22932.2,121.3,1.15,124468.0,0.92,1.53,1,1,1,1.0,1.0,1.0
73.97,183.63,335.81,494.98,98.23,183.97,87.97,99.5,9.83,0.983,31290.8,95.2,3.53,164533.0,0.92,1.37,1,1,1,1.0,1.0,1.0
16.64,37.79,75.02,142.74,11.35,56.05,61.92,73.88,6.9,0.108,15320.9,96.2,3.18,191758.0,48.06,1.6,0,1,1,0.22,0.751,0.9
41.46,96.78,189.95,329.09,59.04,113.09,86.06,99.5,7.66,0.649,19819.2,148.8,7.42,102911.0,0.92,1.28,1,1,1,0.999,1.0,1.0
0.56,4.58,10.44,19.31,1.01,13.1,31.68,39.2,6.4,-0.33,13820.9,63.4,2.1,228766.0,75.0,1.8,0,0,0,0.0,0.03,0.003
0.64,4.25,6.38,10.83,2.05,7.82,33.07,39.08,4.46,-0.187,6116.8,153.9,0.52,98581.0,75.0,0.48,0,0,0,0.0,0.0,0.0
84.26,163.19,352.04,565.42,65.39,208.94,82.28,99.5,9.34,0.962,30097.0,129.1,3.93,119312.0,0.92,0.99,1,1,1,1.0,1.0,1.0
0.48,5.55,6.24,21.14,0.72,1.76,32.71,39.21,5.66,-0.359,7874.5,95.8,1.68,188190.0,75.0,1.51,0,0,0,0.0,0.001,0.0
0.06,1.71,3.69,4.46,0.51,2.85,33.11,35.89,5.48,-0.437,9312.0,101.4,3.69,164858.0,75.0,1.99,0,0,0,0.0,0.001,0.0
15.51,39.31,69.77,119.93,29.1,72.98,59.01,69.11,7.46,0.017,15315.9,72.2,4.39,183703.0,56.83,2.31,0,1,1,0.074,0.902,0.869
7.48,24.51,64.14,135.25,23.7,52.84,62.36,72.27,6.81,-0.048,14285.6,144.1,0.53,114191.0,51.03,1.0,0,1,1,0.024,0.669,0.83
10.25,31.96,53.73,105.15,21.34,61.29,54.62,64.07,6.54,0.118,14085.3,109.4,2.25,144371.0,66.11,1.74,0,0,1,0.01,0.466,0.672
0.56,2.55,3.86,25.62,3.08,9.08,40.15,42.44,6.33,-0.157,10748.1,81.5,2.04,152336.0,75.0,1.65,0,0,0,0.0,0.009,0.002
0.07,1.74,2.32,15.76,0.75,5.96,30.29,38.04,5.93,-0.375,12671.3,121.4,3.42,148327.0,75.0,1.23,0,0,0,0.0,0.004,0.001
5.85,22.57,41.28,99.18,22.15,51.01,54.9,65.0,5.88,0.031,7320.2,179.4,8.67,81166.0,64.4,0.22,0,0,0,0.003,0.07,0.125
8.64,17.18,52.05,125.57,24.67,66.46,60.46,70.58,6.98,-0.022,15160.8,98.1,3.13,189833.0,54.13,1.08,0,1,1,0.029,0.88,0.966
17.08,32.73,68.67,118.53,28.39,60.28,63.55,77.69,7.02,0.17,13831.9,168.5,7.16,84132.0,41.05,0.83,0,1,1,0.36,0.926,0.818
14.78,23.03,55.3,122.39,15.14,30.57,60.27,70.53,6.8,0.175,14116.4,85.0,2.02,174236.0,54.22,1.82,0,1,1,0.091,0.512,0.624
14.67,28.41,56.28,114.38,12.21,30.31,53.81,63.22,7.53,-0.028,16911.5,42.9,1.68,241001.0,67.68,2.26,0,1,1,0.028,0.649,0.776
3.89,4.92,6.1,6.69,0.38,2.36,31.37,36.57,6.35,-0.42,14420.7,64.6,3.17,215209.0,75.0,1.95,0,0,0,0.0,0.007,0.002
28.55,80.54,172.77,304.11,47.26,132.08,84.87,99.5,8.52,0.469,22415.6,95.7,2.09,189721.0,0.92,1.05,1,1,1,0.998,1.0,1.0
2.34,4.57,5.07,11.33,2.01,2.24,30.67,38.05,6.41,-0.407,14132.8,66.8,3.28,199114.0,75.0,1.62,0,0,0,0.0,0.008,0.0
0.02,7.43,12.67,14.66,1.18,1.93,33.44,44.12,6.05,-0.313,15810.2,35.0,1.26,235477.0,75.0,2.47,0,0,0,0.0,0.017,0.004
20.26,70.92,159.83,316.16,56.94,109.6,85.03,99.5,8.15,0.375,16336.2,167.7,9.02,68057.0,0.92,0.32,1,1,1,0.995,1.0,1.0
0.49,2.33,3.18,24.65,0.37,1.57,30.28,38.26,4.94,-0.305,9013.9,157.4,4.94,99227.0,75.0,0.56,0,0,0,0.0,0.001,0.0
12.51,22.6,56.34,133.55,23.83,63.21,61.17,72.24,6.09,0.099,10375.0,142.6,5.97,85617.0,51.07,0.8,0,0,1,0.021,0.255,0.688
0.69,1.83,3.42,16.38,1.46,3.7,28.38,35.59,6.01,-0.355,13669.0,59.3,2.03,220442.0,75.0,1.82,0,0,0,0.0,0.003,0.002
6.31,25.76,62.52,102.33,25.19,66.58,48.18,61.04,7.44,-0.043,18306.8,52.5,1.75,225874.0,71.7,1.83,0,1,1,0.006,0.725,0.905
0.23,1.73,10.09,18.11,3.38,4.23,36.28,41.62,7.02,-0.209,14155.7,44.8,1.78,235013.0,75.0,1.75,0,0,0,0.001,0.059,0.004
47.56,121.13,318.64,481.7,103.24,208.5,86.33,99.5,10.33,0.69,30848.1,140.0,6.25,114092.0,0.92,0.83,1,1,1,1.0,1.0,1.0
5.52,17.62,47.78,83.12,28.44,70.44,50.92,56.66,5.56,-0.071,10827.7,169.7,2.12,99382.0,75.0,0.63,0,0,0,0.0,0.081,0.26
6.94,27.47,56.29,135.4,11.11,40.24,61.76,73.98,6.76,-0.069,15227.6,97.4,5.92,176167.0,47.89,0.99,0,0,1,0.049,0.469,0.843
27.14,91.19,147.86,278.11,63.18,128.15,84.67,99.5,7.84,0.435,20745.5,52.3,0.5,208163.0,0.92,2.12,1,1,1,0.995,1.0,1.0
10.9,27.33,54.8,107.18,19.26,64.21,49.7,57.46,5.86,-0.062,12322.4,109.3,2.48,140006.0,75.0,1.39,0,0,1,0.001,0.109,0.575
6.51,19.36,40.69,97.9,10.06,52.69,49.28,54.97,6.28,0.026,13498.5,85.6,2.85,164108.0,75.0,1.35,0,0,0,0.001,0.091,0.355
11.9,35.14,60.49,97.98,13.85,42.97,40.2,52.44,7.43,-0.303,16423.1,89.3,3.79,181050.0,75.0,2.02,0,0,0,0.002,0.356,0.393
5.52,26.81,65.53,130.63,27.93,59.41,62.95,78.38,6.96,0.096,14316.5,125.1,7.93,114886.0,39.77,0.97,0,1,1,0.118,0.874,0.858
31.98,88.15,149.07,270.05,48.96,131.01,88.05,99.5,7.86,0.51,17445.6,139.2,0.5,129194.0,0.92,0.85,1,1,1,0.998,1.0,1.0
0.51,0.76,4.39,23.01,6.98,7.32,27.81,37.67,6.28,-0.305,13428.4,51.0,1.32,238600.0,75.0,2.09,0,0,0,0.0,0.006,0.004
38.66,97.49,148.41,285.87,30.92,114.11,86.87,99.5,8.12,0.424,21373.4,40.2,0.5,218622.0,0.92,1.77,1,1,1,0.999,1.0,1.0
14.38,34.07,52.67,128.62,27.98,69.99,69.18,77.47,6.35,0.122,9918.8,179.2,6.37,62203.0,41.45,0.61,0,1,1,0.133,0.617,0.754
29.01,83.7,140.59,224.68,32.06,103.34,86.58,99.5,8.85,0.586,23062.9,68.7,2.74,197755.0,0.92,1.6,1,1,1,1.0,1.0,1.0
0.47,2.63,6.22,34.73,4.28,8.72,33.63,42.51,7.42,-0.416,14503.3,42.8,2.72,241893.0,75.0,2.19,0,0,0,0.0,0.06,0.014
40.46,75.59,126.52,243.21,52.88,136.55,82.35,99.5,8.96,0.608,21985.3,62.5,2.32,229102.0,0.92,2.16,1,1,1,1.0,1.0,1.0
0.71,7.75,14.5,15.8,1.16,19.62,35.35,41.76,6.97,-0.375,13712.1,40.6,2.19,205939.0,75.0,2.73,0,0,0,0.0,0.027,0.019
30.25,80.7,148.34,267.26,55.54,98.16,88.95,99.5,8.27,0.583,19781.9,91.8,4.18,165052.0,0.92,1.24,1,1,1,0.999,1.0,1.0
15.86,39.46,77.9,153.68,11.9,40.4,67.93,74.79,6.71,0.166,11002.6,151.3,4.11,94392.0,46.38,0.58,0,0,1,0.087,0.467,0.546
5.92,28.15,71.73,116.61,20.71,44.64,57.15,66.36,7.24,-0.033,16289.4,84.5,0.81,157613.0,61.9,2.08,0,1,1,0.01,0.823,0.57
9.93,26.03,64.75,102.1,13.14,34.2,47.63,60.72,6.06,-0.137,14554.2,99.4,3.97,153435.0,72.28,1.59,0,0,0,0.002,0.095,0.367
0.07,2.64,3.49,10.39,2.31,4.4,36.16,42.06,4.55,-0.344,8489.1,133.0,1.08,126864.0,75.0,1.17,0,0,0,0.0,0.001,0.0
16.78,37.85,61.04,97.57,27.89,54.8,51.57,61.28,6.76,-0.034,17353.4,108.8,6.34,145272.0,71.25,1.0,0,1,1,0.009,0.545,0.546
0.58,4.73,4.77,11.97,2.51,9.12,37.05,43.53,5.73,-0.385,6337.0,159.9,5.13,64939.0,75.0,0.47,0,0,0,0.0,0.001,0.0
16.51,32.42,72.86,104.64,16.11,31.42,49.47,63.08,6.24,-0.005,11767.5,160.6,9.07,130421.0,67.94,0.53,0,0,0,0.007,0.112,0.078
24.14,88.13,138.39,260.24,44.49,91.25,85.18,99.5,9.2,0.231,23993.8,36.4,0.96,240268.0,0.92,2.09,1,1,1,0.999,1.0,1.0
1.39,4.34,9.53,26.92,0.76,18.74,30.27,40.04,5.68,-0.278,6276.4,147.8,5.89,104295.0,75.0,0.26,0,0,0,0.0,0.001,0.0
5.95,24.96,69.08,110.3,15.56,47.84,47.62,63.46,6.33,-0.128,14646.5,101.8,3.95,141363.0,67.23,1.26,0,0,1,0.001,0.202,0.517
15.16,28.75,68.85,110.9,27.49,50.08,55.65,64.81,6.95,-0.048,11262.5,178.4,6.1,69852.0,64.75,0.73,0,0,0,0.017,0.395,0.396
1.15,2.26,3.81,9.06,1.38,7.91,38.45,39.59,5.54,-0.45,11971.6,105.1,2.86,151454.0,75.0,1.39,0,0,0,0.0,0.001,0.001
75.37,172.33,307.73,567.33,103.51,219.8,82.49,99.5,8.74,0.933,23570.6,178.1,7.49,37952.0,0.92,0.74,1,1,1,1.0,1.0,1.0
14.05,28.32,47.8,93.87,23.64,61.72,51.53,62.01,5.68,0.128,9984.8,144.4,2.65,90651.0,69.89,0.86,0,0,0,0.004,0.179,0.207
2.29,2.33,5.0,8.84,2.3,3.29,30.06,32.74,6.12,-0.412,12886.5,71.0,0.94,206667.0,75.0,1.63,0,0,0,0.0,0.004,0.001
1.0,4.11,9.99,13.76,0.18,1.05,34.17,36.79,6.02,-0.257,12784.2,113.1,6.49,173480.0,75.0,1.64,0,0,0,0.0,0.004,0.0
12.79,21.48,41.24,121.02,17.65,47.54,54.03,63.25,6.38,0.018,9509.4,178.9,8.6,70876.0,67.62,0.38,0,0,0,0.003,0.159,0.204
5.14,23.21,47.96,104.47,20.52,64.55,57.59,69.84,6.91,-0.063,11655.9,159.3,5.77,105336.0,55.5,0.88,0,1,1,0.019,0.517,0.742
0.37,2.49,4.41,10.99,0.11,4.2,38.85,41.81,7.13,-0.175,14956.2,49.1,3.19,218722.0,75.0,1.85,0,0,0,0.001,0.064,0.004
0.26,1.84,4.12,11.7,0.94,1.91,33.33,42.83,5.82,-0.45,8311.5,137.4,4.15,113793.0,75.0,1.22,0,0,0,0.0,0.002,0.001
10.83,19.62,41.89,111.13,26.86,63.32,50.35,60.77,7.4,-0.057,16542.3,85.1,5.01,194234.0,72.18,1.98,0,1,1,0.017,0.767,0.844
13.22,35.01,53.85,110.11,12.33,50.66,52.38,59.9,7.19,-0.08,18608.1,36.0,1.37,261727.0,73.79,2.44,0,1,1,0.007,0.557,0.917
0.88,5.03,11.45,18.99,1.37,1.47,32.42,42.75,6.23,-0.293,13560.2,93.5,1.55,187311.0,75.0,1.29,0,0,0,0.0,0.022,0.001
11.81,31.32,53.33,132.66,29.5,52.98,58.56,67.75,6.99,-0.093,14326.0,69.0,4.71,181157.0,59.34,1.87,0,1,1,0.013,0.78,0.91
73.52,145.32,315.24,542.6,101.11,205.46,87.42,99.5,9.09,0.945,28615.0,153.7,8.12,94512.0,0.92,0.86,1,1,1,1.0,1.0,1.0
80.12,201.6,371.86,577.99,90.92,229.32,88.77,99.5,10.84,0.817,34000.0,83.9,2.75,183467.0,0.92,1.74,1,1,1,1.0,1.0,1.0
44.38,84.25,153.03,295.49,44.32,121.31,83.6,99.5,7.62,0.641,15854.2,155.0,7.45,90116.0,0.92,0.84,1,1,1,0.999,0.999,1.0
23.33,86.69,177.14,304.0,56.78,145.19,83.47,99.5,9.42,0.339,27020.5,35.1,0.97,243714.0,0.92,2.67,1,1,1,1.0,1.0,1.0
2.12,2.46,7.92,15.09,0.81,8.22,30.13,33.34,5.43,-0.347,12910.8,79.6,3.98,196748.0,75.0,1.54,0,0,0,0.0,0.002,0.001
0.98,2.72,8.86,18.53,3.9,4.28,32.85,40.46,6.46,-0.393,15872.6,70.0,0.5,211079.0,75.0,1.53,0,0,0,0.0,0.015,0.005
15.09,25.87,47.63,86.6,14.77,51.72,51.93,62.0,7.39,-0.084,16169.6,68.9,1.15,222647.0,69.91,1.88,0,1,1,0.019,0.527,0.582
13.52,25.43,48.53,83.5,18.29,44.65,56.54,65.58,7.37,0.125,16829.1,44.9,2.36,221194.0,63.34,2.13,0,1,1,0.093,0.863,0.607
23.65,92.03,193.19,281.91,39.32,119.81,85.51,99.5,9.22,0.518,24002.2,62.1,1.9,184980.0,0.92,2.22,1,1,1,1.0,1.0,1.0
2.45,2.63,11.94,12.7,2.01,2.09,32.85,44.25,5.87,-0.382,11417.9,115.6,4.48,146708.0,75.0,0.9,0,0,0,0.0,0.004,0.0
17.07,31.08,65.54,104.78,16.43,53.84,56.76,70.21,7.02,0.085,14700.0,77.2,0.83,215560.0,54.81,2.07,0,1,1,0.104,0.621,0.815
17.65,42.51,81.8,154.16,29.39,45.6,69.53,87.19,7.13,0.282,14008.4,95.5,6.52,158219.0,23.57,1.91,1,1,1,0.669,0.988,0.952
7.21,16.11,46.14,124.07,21.65,53.31,53.76,68.15,7.29,-0.049,15328.8,89.6,5.06,182728.0,58.61,1.59,0,1,1,0.024,0.798,0.914
15.75,39.54,75.5,150.26,13.5,43.61,68.94,84.4,6.99,0.175,12420.4,162.0,5.08,96029.0,28.7,0.58,1,1,1,0.646,0.769,0.771
0.54,1.55,2.52,29.45,1.2,3.84,37.42,44.68,4.85,-0.248,4649.3,166.3,4.61,83350.0,75.0,0.27,0,0,0,0.0,0.001,0.0
56.05,183.82,348.83,488.93,73.39,233.34,84.26,99.5,9.07,0.75,32021.9,106.5,5.7,152329.0,0.92,1.19,1,1,1,1.0,1.0,1.0
17.67,34.93,66.85,141.93,24.17,67.14,57.04,73.43,7.09,0.069,14653.5,82.9,5.86,166701.0,48.89,1.57,0,1,1,0.098,0.771,0.951
11.23,35.82,67.01,129.25,11.65,45.0,54.65,67.04,6.35,0.03,15415.5,50.5,2.63,185192.0,60.65,2.58,0,0,1,0.017,0.28,0.825
1.75,3.2,5.99,11.99,6.95,9.22,33.95,44.4,5.64,-0.317,7094.0,173.2,9.5,55430.0,75.0,0.37,0,0,0,0.0,0.005,0.0
6.64,15.13,53.31,110.69,10.06,36.53,55.35,65.71,7.76,-0.098,18316.9,43.7,0.8,221666.0,63.09,1.85,0,1,1,0.037,0.628,0.787
2.94,10.32,10.54,12.13,0.01,7.12,26.95,33.64,4.76,-0.432,10457.9,78.2,1.58,202670.0,75.0,1.83,0,0,0,0.0,0.0,0.001
0.09,0.37,1.41,31.31,2.33,5.69,41.57,45.2,6.17,-0.364,11562.2,78.2,1.06,184590.0,75.0,2.0,0,0,0,0.0,0.009,0.002
1.84,4.8,10.28,11.2,1.78,6.68,37.03,43.98,6.19,-0.278,11946.2,81.5,3.5,174465.0,75.0,1.7,0,0,0,0.0,0.009,0.001
1.0,1.03,1.98,41.51,2.44,6.52,34.39,42.25,5.99,-0.444,10499.6,58.8,2.24,196049.0,75.0,2.47,0,0,0,0.0,0.003,0.003
13.58,23.76,38.88,90.91,18.89,58.24,47.99,57.23,5.87,-0.195,12238.0,148.6,4.79,111582.0,75.0,0.98,0,0,0,0.0,0.065,0.219
7.36,20.04,37.38,87.38,15.12,38.01,48.45,58.89,7.29,-0.132,16938.0,52.8,2.62,237061.0,75.0,1.8,0,1,1,0.003,0.706,0.616
26.35,70.61,139.8,262.73,45.32,88.81,87.93,99.5,7.76,0.41,19803.2,127.1,7.27,143478.0,0.92,0.89,1,1,1,0.995,1.0,1.0
0.67,5.35,5.77,40.44,0.74,0.79,39.1,46.99,6.63,-0.369,13365.6,53.0,0.5,225543.0,75.0,2.18,0,0,0,0.0,0.012,0.005
0.35,0.53,3.87,8.44,3.29,7.91,38.56,44.03,6.24,-0.173,11818.0,45.2,1.1,203593.0,75.0,1.73,0,0,0,0.0,0.016,0.002
31.71,89.14,175.67,277.32,34.88,95.59,86.55,99.5,7.74,0.403,17210.9,166.9,8.3,74484.0,0.92,0.59,1,1,1,0.998,0.996,1.0
0.12,1.06,4.28,13.6,0.26,0.29,37.24,45.76,6.6,-0.353,14072.2,62.6,1.66,234127.0,75.0,1.45,0,0,0,0.0,0.027,0.002
0.11,0.2,2.25,8.18,0.55,1.4,30.32,40.97,5.04,-0.4,7859.1,154.1,3.18,111932.0,75.0,0.98,0,0,0,0.0,0.001,0.0
0.61,0.83,1.8,8.04,0.2,6.63,29.91,36.6,5.41,-0.296,9811.5,114.0,6.08,120172.0,75.0,1.52,0,0,0,0.0,0.001,0.0
36.9,87.23,146.25,241.78,34.2,83.01,86.17,99.5,9.68,0.651,26141.0,46.3,0.55,223619.0,0.92,2.36,1,1,1,1.0,1.0,1.0
30.56,75.39,178.46,335.34,54.2,138.68,80.34,99.5,8.58,0.374,18901.8,173.5,5.13,77198.0,0.92,0.19,1,1,1,0.999,1.0,1.0
0.35,3.09,3.33,42.02,2.22,3.55,38.64,44.71,5.28,-0.24,9447.4,70.8,2.9,183596.0,75.0,1.91,0,0,0,0.0,0.001,0.004
15.05,23.32,49.61,124.39,15.26,50.3,60.71,68.95,5.83,0.063,8920.3,159.6,3.94,53784.0,57.13,0.44,0,0,0,0.011,0.11,0.236
9.68,24.35,61.73,137.24,13.33,36.64,62.57,69.52,6.84,-0.068,15392.2,59.5,2.92,210109.0,56.09,1.71,0,1,1,0.011,0.536,0.812
64.51,171.34,323.44,576.22,98.4,210.82,86.27,99.5,9.39,0.812,27155.7,158.8,3.93,77598.0,0.92,0.5,1,1,1,1.0,1.0,1.0
0.05,0.59,3.26,34.75,1.68,4.32,39.35,45.44,6.31,-0.41,13619.7,36.9,2.23,223941.0,75.0,2.55,0,0,0,0.0,0.01,0.008
38.1,79.19,138.01,245.64,64.82,153.0,85.04,99.5,8.56,0.507,18362.2,109.2,3.58,143630.0,0.92,1.32,1,1,1,0.999,1.0,1.0
1.37,2.61,5.84,10.19,2.24,4.14,27.47,35.88,5.79,-0.45,6903.0,146.6,6.9,102112.0,75.0,1.21,0,0,0,0.0,0.001,0.0
6.56,18.22,51.48,116.21,11.92,51.17,57.59,70.54,7.06,-0.057,10482.3,170.5,8.26,75209.0,54.21,0.66,0,0,0,0.022,0.376,0.248
2.09,5.3,9.9,13.07,5.04,6.14,30.48,40.96,5.75,-0.316,4356.0,166.8,3.95,66539.0,75.0,0.69,0,0,0,0.0,0.001,0.0
24.56,85.1,156.95,311.59,46.11,95.11,84.75,99.5,7.35,0.511,17962.6,153.8,0.5,92082.0,0.92,0.19,1,1,1,0.991,0.999,1.0
17.45,34.21,64.77,114.06,26.72,50.35,64.23,74.27,6.08,0.114,8791.8,163.8,6.8,57093.0,47.34,0.45,0,1,0,0.033,0.626,0.407
5.18,21.63,64.41,108.07,15.33,52.47,63.56,74.43,7.15,-0.091,17227.7,63.9,2.32,208001.0,47.05,1.64,0,1,1,0.031,0.662,0.909
15.08,30.49,70.5,109.09,17.34,44.47,61.11,71.06,6.34,0.061,12768.3,76.2,3.43,145708.0,53.26,1.73,0,0,0,0.026,0.171,0.315
9.07,20.77,45.91,76.81,24.07,59.59,46.32,52.25,7.23,-0.323,14819.7,76.9,2.38,183377.0,75.0,1.56,0,0,0,0.001,0.381,0.39
31.26,79.17,155.22,310.14,51.12,131.35,81.26,99.5,8.97,0.527,23430.3,89.7,2.44,186180.0,0.92,1.48,1,1,1,1.0,1.0,1.0
0.31,0.56,0.91,8.57,2.52,7.73,33.52,39.25,5.0,-0.418,9516.8,92.0,6.55,153672.0,75.0,1.88,0,0,0,0.0,0.001,0.0
14.37,37.88,54.44,127.21,23.21,43.48,53.55,62.27,7.61,0.131,12985.2,114.0,0.97,153994.0,69.42,1.39,0,1,0,0.069,0.692,0.432
1.38,3.17,4.95,8.37,1.25,2.2,34.66,42.16,5.7,-0.245,14458.1,58.2,2.81,227517.0,75.0,2.34,0,0,0,0.0,0.01,0.001
6.08,28.46,61.25,109.43,18.93,59.88,51.36,66.67,6.12,-0.058,10412.5,135.2,3.33,68105.0,61.33,0.46,0,0,1,0.005,0.258,0.536
28.0,78.2,174.17,270.21,53.07,116.96,82.01,99.5,8.67,0.402,22302.9,59.3,1.72,206573.0,0.92,2.04,1,1,1,0.999,1.0,1.0
11.5,32.88,77.67,149.25,13.21,34.95,62.52,75.05,6.79,0.023,15951.8,80.0,2.34,140870.0,45.91,2.02,0,1,1,0.049,0.751,0.788
30.25,94.02,174.58,326.72,31.7,85.92,84.95,99.5,8.85,0.419,22255.2,108.0,2.22,148645.0,0.92,1.78,1,1,1,0.999,1.0,1.0
0.3,3.71,6.21,6.39,2.97,4.54,33.47,39.28,5.4,-0.354,9576.4,150.5,6.81,99312.0,75.0,0.26,0,0,0,0.0,0.002,0.0
8.39,19.49,62.87,139.97,11.53,33.51,66.97,73.13,6.81,-0.022,11106.2,142.2,8.54,72094.0,49.44,0.73,0,0,0,0.02,0.376,0.437
13.4,32.8,60.33,118.75,24.05,67.57,61.53,69.61,7.37,0.075,16398.9,128.6,5.59,154550.0,55.92,1.34,0,1,1,0.22,0.867,0.911
74.0,150.62,325.23,474.71,85.13,207.28,84.52,99.5,9.08,1.003,31934.6,57.6,2.12,215186.0,0.92,1.99,1,1,1,1.0,1.0,1.0
1.81,1.84,10.15,23.23,0.06,0.67,31.27,36.43,5.27,-0.353,11558.6,114.3,1.97,130079.0,75.0,0.97,0,0,0,0.0,0.001,0.0
5.51,26.53,46.66,78.94,12.76,44.55,45.17,49.41,7.28,-0.128,16987.5,47.7,2.11,244765.0,75.0,1.73,0,0,0,0.002,0.448,0.333
32.39,77.24,183.81,332.2,41.01,107.11,87.85,99.5,8.61,0.364,21080.7,89.7,6.62,145405.0,0.92,1.31,1,1,1,0.999,1.0,1.0
65.67,181.04,329.56,546.06,80.63,221.65,85.41,99.5,9.45,0.831,30452.5,95.0,2.67,147611.0,0.92,1.01,1,1,1,1.0,1.0,1.0
12.23,34.3,50.91,126.13,26.39,65.94,58.53,63.76,6.79,-0.023,16094.2,40.8,1.15,196581.0,66.68,2.31,0,1,1,0.017,0.588,0.939
6.82,19.3,63.71,141.22,14.53,42.52,63.2,76.99,7.59,-0.085,18244.1,74.7,1.86,217342.0,42.34,2.07,0,1,1,0.279,0.9,0.976
7.03,19.49,40.03,74.08,21.59,43.81,51.99,61.25,5.09,-0.123,8622.0,173.6,4.55,76702.0,71.3,0.1,0,0,0,0.0,0.038,0.02
5.83,7.64,9.42,38.75,1.94,2.41,47.16,46.17,6.4,-0.172,7765.4,173.3,0.5,81959.0,75.0,0.47,0,0,0,0.0,0.008,0.0
11.47,26.97,64.92,129.61,17.42,46.5,61.14,69.84,7.21,-0.202,18993.1,86.1,3.64,181210.0,55.49,1.9,0,1,1,0.028,0.796,0.913
65.75,161.1,280.79,547.56,93.63,211.21,84.22,99.5,10.04,0.787,31606.1,41.2,0.82,239107.0,0.92,2.28,1,1,1,1.0,1.0,1.0
1.01,1.61,4.64,21.08,1.53,3.82,38.18,44.61,6.85,-0.338,12535.0,61.0,0.5,208009.0,75.0,1.52,0,0,0,0.0,0.022,0.004
11.01,31.96,69.56,137.06,14.92,48.46,61.45,71.77,7.32,0.046,17336.7,91.9,4.46,173818.0,51.95,1.67,0,1,1,0.103,0.907,0.811
39.47,96.95,193.69,342.04,36.09,92.93,88.75,99.5,8.0,0.613,17185.1,172.4,2.68,74700.0,0.92,0.39,1,1,1,0.999,0.999,1.0
1.1,1.96,13.31,15.9,0.88,18.97,33.3,36.81,5.83,-0.31,13693.1,55.5,1.6,204302.0,75.0,2.03,0,0,0,0.0,0.004,0.007
7.46,23.09,47.5,117.99,16.08,35.93,56.69,66.92,5.69,0.027,8063.5,145.7,8.95,104449.0,60.87,0.63,0,0,0,0.003,0.031,0.079
43.33,91.02,185.53,288.77,36.25,120.38,80.38,99.5,8.49,0.674,23819.7,50.8,0.5,223193.0,0.92,2.17,1,1,1,1.0,1.0,1.0
47.22,137.14,317.35,529.05,94.48,179.82,82.76,99.5,9.62,0.589,25415.8,177.3,1.31,68919.0,0.92,0.49,1,1,1,1.0,1.0,1.0
14.75,25.67,64.93,123.14,24.78,46.17,56.04,65.75,6.39,-0.182,13142.3,90.3,3.6,149432.0,63.02,2.3,0,0,1,0.003,0.363,0.754
0.6,4.65,14.32,17.4,3.15,3.56,33.81,40.16,4.87,-0.289,6304.5,147.4,8.21,82934.0,75.0,0.8,0,0,0,0.0,0.0,0.0
0.67,7.65,19.26,23.48,0.43,1.0,36.1,39.25,5.9,-0.43,13575.8,84.7,0.56,194632.0,75.0,2.12,0,0,0,0.0,0.008,0.003
11.25,20.82,46.52,77.37,15.19,57.2,41.56,49.58,6.57,-0.135,13498.9,126.0,5.34,124181.0,75.0,1.18,0,0,0,0.001,0.107,0.305
0.71,0.9,5.07,42.45,1.25,4.67,37.67,41.85,6.85,-0.441,15732.9,62.8,2.86,213360.0,75.0,1.94,0,0,0,0.0,0.034,0.014
3.02,4.38,8.75,15.72,6.55,9.0,28.21,37.52,5.1,-0.4,11489.9,56.2,0.5,196211.0,75.0,2.11,0,0,0,0.0,0.004,0.003
42.14,97.43,187.53,298.42,62.11,137.7,83.26,99.5,8.1,0.614,18522.1,171.0,8.44,52680.0,0.92,0.1,1,1,1,1.0,1.0,1.0
20.5,56.12,146.69,235.84,55.07,112.78,86.31,99.5,7.97,0.315,17050.2,168.1,8.53,65675.0,0.92,0.56,1,1,1,0.992,0.999,1.0
33.47,75.45,140.22,255.18,53.29,101.86,89.74,99.5,8.25,0.347,16004.2,163.7,4.81,80242.0,0.92,0.1,1,1,1,0.996,1.0,1.0
0.4,0.98,8.92,21.45,1.26,11.54,30.13,35.86,5.15,-0.45,9992.4,125.7,7.23,119197.0,75.0,0.82,0,0,0,0.0,0.001,0.0
1.6,8.33,11.97,13.75,2.25,3.04,39.48,44.01,5.31,-0.21,9779.2,152.2,8.44,116770.0,75.0,0.73,0,0,0,0.0,0.003,0.001
28.65,84.03,143.48,225.14,41.45,126.79,87.92,99.5,9.08,0.404,23547.9,45.0,1.66,228680.0,0.92,2.59,1,1,1,0.999,1.0,1.0
20.38,59.76,158.17,262.64,62.84,123.75,86.96,99.5,8.58,0.323,22079.7,83.5,2.25,207481.0,0.92,2.11,1,1,1,0.996,1.0,1.0
39.92,85.27,138.98,289.5,62.46,141.4,86.45,99.5,8.62,0.496,18483.4,80.5,1.41,189482.0,0.92,1.65,1,1,1,1.0,1.0,1.0
75.8,146.23,324.07,530.18,82.64,205.85,83.69,99.5,9.92,0.782,27902.9,127.2,4.36,91209.0,0.92,1.1,1,1,1,1.0,1.0,1.0
26.78,89.63,157.37,282.06,34.79,111.92,88.37,99.5,8.59,0.392,21264.1,86.6,3.92,191904.0,0.92,1.93,1,1,1,0.998,1.0,1.0
7.46,18.36,34.09,70.18,14.65,36.32,48.19,60.58,6.62,-0.005,13726.5,56.5,1.65,189517.0,72.54,1.66,0,0,0,0.005,0.267,0.217
0.48,0.62,11.56,13.08,2.42,5.1,26.49,34.89,5.76,-0.45,11330.0,121.5,0.5,137673.0,75.0,1.26,0,0,0,0.0,0.002,0.001
12.19,21.98,44.28,113.27,19.27,47.99,57.25,61.86,6.33,-0.197,11552.4,153.1,8.85,84677.0,70.17,0.44,0,0,0,0.002,0.115,0.21
12.1,27.47,66.66,134.09,16.34,55.7,61.86,71.72,7.37,0.097,17017.2,90.4,3.47,203651.0,52.04,1.53,0,1,1,0.117,0.85,0.929
0.88,3.35,11.39,19.15,2.82,6.29,29.19,37.98,6.76,-0.351,13360.1,54.2,1.53,236579.0,75.0,1.96,0,0,0,0.0,0.016,0.005
30.67,97.23,153.54,280.04,31.62,80.21,80.99,99.5,7.7,0.468,21503.2,63.5,3.2,192649.0,0.92,2.09,1,1,1,0.997,0.999,1.0
1.1,2.02,3.23,40.67,0.91,3.82,30.76,40.53,5.77,-0.304,11372.4,69.4,4.34,194768.0,75.0,2.04,0,0,0,0.0,0.006,0.002
33.36,70.84,161.29,282.33,43.35,86.98,89.66,99.5,8.74,0.34,22475.5,78.5,0.5,189487.0,0.92,2.02,1,1,1,0.999,1.0,1.0
0.42,5.8,6.57,9.54,0.46,8.21,41.21,48.72,5.54,-0.282,9358.3,128.2,5.49,139105.0,75.0,1.14,0,0,0,0.0,0.003,0.001
14.1,37.09,79.5,155.9,19.71,49.0,61.73,74.15,7.04,0.095,15498.3,122.1,1.14,133873.0,47.57,1.18,0,1,1,0.101,0.681,0.92
40.72,89.0,140.33,246.86,55.07,101.87,88.65,99.5,7.49,0.55,15841.2,135.9,5.98,101509.0,0.92,1.49,1,1,1,0.998,0.999,1.0
1.84,6.07,6.49,7.73,0.44,1.99,29.27,33.7,6.68,-0.388,13703.1,87.6,3.27,164161.0,75.0,1.16,0,0,0,0.0,0.013,0.001
11.93,28.18,68.77,105.89,23.95,55.42,50.13,59.94,5.93,0.028,10116.2,154.5,7.17,94557.0,73.71,1.17,0,0,0,0.002,0.186,0.133
1.6,2.65,5.2,5.55,0.25,1.89,33.66,36.48,5.97,-0.328,14018.3,64.6,1.68,221006.0,75.0,1.86,0,0,0,0.0,0.005,0.001
32.03,70.46,169.96,325.64,50.87,93.81,86.07,99.5,8.56,0.516,19712.3,103.0,0.5,162804.0,0.92,1.57,1,1,1,0.999,1.0,1.0
38.47,82.16,176.18,290.92,31.87,87.2,86.08,99.5,8.04,0.518,19770.6,151.1,4.06,87035.0,0.92,0.61,1,1,1,0.999,0.999,1.0
62.08,176.26,298.23,478.41,64.18,193.44,83.9,99.5,10.1,0.562,32539.0,61.1,2.59,216378.0,0.92,1.79,1,1,1,1.0,1.0,1.0
31.86,104.02,198.45,340.68,35.75,90.42,82.34,99.5,8.76,0.438,26089.9,50.9,2.71,213079.0,0.92,2.29,1,1,1,1.0,1.0,1.0
32.83,68.37,170.58,312.79,32.03,118.72,82.05,99.5,7.76,0.472,17565.1,163.1,2.27,97595.0,0.92,0.85,1,1,1,0.998,0.999,1.0
0.01,0.31,0.54,8.36,3.07,3.75,33.84,39.51,6.36,-0.37,14429.0,84.7,4.53,216235.0,75.0,1.8,0,0,0,0.0,0.012,0.001
1.77,2.28,20.92,43.97,2.67,5.81,40.85,48.04,5.42,-0.271,10433.9,134.2,3.13,113624.0,75.0,0.79,0,0,0,0.0,0.003,0.001
8.15,18.18,46.99,97.12,23.49,43.59,52.6,60.47,7.08,-0.081,16861.8,38.7,1.61,245613.0,72.74,3.4,0,1,1,0.006,0.786,0.853
12.31,32.09,56.06,125.06,18.64,38.52,54.48,65.35,6.62,0.06,11606.0,135.1,3.49,106751.0,63.76,1.3,0,0,0,0.021,0.253,0.281
24.87,71.03,130.51,255.55,63.22,152.5,87.78,99.5,7.33,0.326,18876.3,80.8,3.09,181314.0,0.92,2.0,1,1,1,0.982,0.999,1.0
0.47,5.47,17.79,21.97,4.71,25.59,33.09,42.82,6.06,-0.338,13668.0,43.1,2.2,228745.0,75.0,2.15,0,0,0,0.0,0.028,0.031
1.92,3.15,6.91,12.34,11.02,11.27,35.09,40.05,6.55,-0.207,8729.9,123.4,1.59,128987.0,75.0,0.92,0,0,0,0.0,0.02,0.0
16.61,25.88,42.14,119.14,27.35,53.19,52.31,64.22,7.02,-0.112,16286.0,69.9,1.59,233045.0,65.83,1.79,0,1,1,0.012,0.764,0.87
3.79,8.74,18.03,28.88,6.36,12.16,32.38,38.81,6.44,-0.344,11925.2,91.1,3.49,166097.0,75.0,1.89,0,0,0,0.0,0.014,0.002
17.22,30.01,60.97,134.35,21.59,60.63,61.0,74.47,7.5,-0.065,17772.9,46.7,3.65,232782.0,46.97,1.91,0,1,1,0.176,0.889,0.965
17.65,39.33,63.79,99.72,15.45,50.34,53.61,64.15,6.72,0.007,14668.7,56.3,1.1,183442.0,65.97,1.75,0,0,1,0.015,0.385,0.648
20.27,62.86,132.48,282.49,31.79,74.53,81.9,99.5,8.89,0.357,21511.3,78.2,5.61,192632.0,0.92,1.92,1,1,1,0.998,1.0,1.0
0.96,1.45,2.56,5.01,1.74,1.94,25.01,32.37,6.91,-0.45,15651.2,48.0,3.41,239513.0,75.0,2.28,0,0,0,0.0,0.017,0.002
82.6,159.99,355.63,604.57,101.4,195.23,86.98,99.5,9.52,0.989,30553.8,167.1,5.55,71602.0,0.92,0.25,1,1,1,1.0,1.0,1.0
1.33,5.58,8.84,18.45,0.35,2.22,35.23,45.54,5.94,-0.345,13722.6,35.9,1.06,199294.0,75.0,2.03,0,0,0,0.0,0.017,0.004
0.2,9.21,13.83,14.43,1.3,4.85,37.44,42.13,4.92,-0.244,8046.6,105.2,2.37,153229.0,75.0,1.8,0,0,0,0.0,0.001,0.001
6.24,25.55,45.87,96.26,22.51,48.46,56.21,63.63,6.53,-0.053,14901.1,52.9,1.79,216813.0,66.93,2.22,0,1,1,0.003,0.51,0.655
0.58,5.21,6.69,19.47,3.78,4.36,39.75,44.62,6.37,-0.349,10764.2,79.6,0.77,195325.0,75.0,1.33,0,0,0,0.0,0.019,0.001
0.06,4.42,7.63,28.73,0.48,6.74,34.38,40.52,5.2,-0.362,6363.2,169.3,5.69,107029.0,75.0,0.1,0,0,0,0.0,0.001,0.0
0.12,5.49,12.4,22.46,1.87,3.36,39.64,49.84,7.08,-0.143,14706.6,58.4,3.62,204164.0,75.0,1.93,0,0,0,0.001,0.05,0.007
7.62,23.36,58.09,138.01,26.35,54.37,53.17,67.09,6.02,-0.057,11474.5,175.0,4.2,57101.0,60.55,0.59,0,0,1,0.003,0.344,0.523
38.58,77.9,152.81,266.8,64.96,126.46,81.62,99.5,8.12,0.424,21560.2,64.8,1.99,184688.0,0.92,2.12,1,1,1,0.998,1.0,1.0
6.08,15.23,51.18,95.63,27.38,56.87,46.83,58.55,6.21,-0.226,12115.9,142.5,0.62,111939.0,75.0,1.17,0,0,0,0.001,0.182,0.214
9.29,30.2,57.73,124.59,24.28,60.98,59.13,68.76,6.86,-0.032,13324.2,114.3,4.77,150068.0,57.48,0.79,0,1,1,0.011,0.599,0.748
2.33,7.05,11.42,49.17,0.04,9.37,42.05,53.63,5.71,-0.123,8688.7,163.2,6.49,75916.0,75.0,0.61,0,0,0,0.0,0.007,0.002
0.19,0.79,7.59,13.73,1.11,2.17,31.7,37.9,6.11,-0.405,10982.6,115.3,4.17,153285.0,75.0,1.65,0,0,0,0.0,0.004,0.001
0.31,0.59,1.46,11.5,2.45,7.15,33.47,39.26,5.81,-0.441,9561.2,112.5,3.5,151967.0,75.0,1.66,0,0,0,0.0,0.002,0.001
29.25,101.13,170.85,259.75,63.08,132.82,83.82,99.5,9.14,0.439,24330.1,63.3,1.88,204639.0,0.92,2.07,1,1,1,0.999,1.0,1.0
4.26,5.52,11.18,12.58,3.85,4.5,34.01,40.81,6.4,-0.274,12633.9,59.1,2.6,195540.0,75.0,2.73,0,0,0,0.0,0.017,0.003
47.75,123.61,283.78,464.64,108.05,256.26,87.77,99.5,9.48,0.665,25007.6,167.9,5.79,71303.0,0.92,0.66,1,1,1,1.0,1.0,1.0
1.95,6.1,14.95,39.0,5.27,14.8,39.98,45.56,5.07,-0.42,11547.7,82.5,3.36,144510.0,75.0,2.01,0,0,0,0.0,0.003,0.006
8.88,20.61,54.9,91.07,14.22,52.41,50.14,56.92,7.42,-0.095,19331.3,89.0,3.46,176794.0,75.0,1.61,0,1,1,0.008,0.642,0.616
70.97,180.02,375.58,609.05,81.54,183.97,83.65,99.5,10.73,0.876,34000.0,145.2,8.02,106186.0,0.92,0.56,1,1,1,1.0,1.0,1.0
9.4,22.12,38.17,81.25,26.71,63.55,48.46,54.7,7.62,-0.169,14148.7,84.1,3.97,181872.0,75.0,1.41,0,1,1,0.011,0.675,0.643
35.55,106.63,172.48,298.7,31.1,120.16,85.33,99.5,7.77,0.592,16812.6,173.0,6.66,79906.0,0.92,0.45,1,1,1,0.999,0.998,1.0
10.82,21.84,44.02,116.44,12.18,54.93,61.12,71.29,5.19,0.055,8542.1,142.0,8.85,115388.0,52.82,0.78,0,0,0,0.004,0.056,0.355
0.56,1.28,2.9,9.21,1.59,4.68,32.31,39.16,6.41,-0.42,10907.7,121.6,5.18,132392.0,75.0,0.6,0,0,0,0.0,0.005,0.0
0.71,2.19,3.53,9.34,1.26,4.44,37.3,43.19,5.07,-0.279,8561.4,162.7,9.5,85454.0,75.0,0.24,0,0,0,0.0,0.001,0.0
23.27,88.83,179.66,283.56,46.08,138.16,89.85,99.5,9.02,0.228,23645.2,42.2,1.94,208304.0,0.92,2.17,1,1,1,0.999,1.0,1.0
0.02,4.19,7.06,18.64,2.31,4.44,32.74,36.74,6.17,-0.415,11964.6,72.3,0.5,184515.0,75.0,2.06,0,0,0,0.0,0.007,0.001
0.26,6.26,11.66,21.5,1.19,3.61,36.74,38.2,5.94,-0.395,11373.1,102.4,5.99,157841.0,75.0,1.4,0,0,0,0.0,0.002,0.001
77.94,148.69,336.57,483.12,90.8,197.45,79.86,99.5,9.54,0.978,34000.0,67.9,2.54,187468.0,0.92,1.88,1,1,1,1.0,1.0,1.0
1.36,1.58,4.83,28.03,1.36,1.67,33.73,39.47,5.71,-0.098,10967.9,142.9,4.87,121463.0,75.0,0.53,0,0,0,0.0,0.007,0.0
5.49,24.05,41.13,74.7,18.51,39.79,53.77,60.84,5.06,-0.145,7291.6,168.3,6.74,68178.0,72.05,0.47,0,0,0,0.0,0.01,0.012
53.17,152.03,287.3,458.0,85.72,188.99,85.54,99.5,10.02,0.795,30299.9,96.4,2.78,167509.0,0.92,1.89,1,1,1,1.0,1.0,1.0
6.04,25.65,58.22,98.82,21.64,65.31,55.96,64.32,6.62,0.022,15456.9,84.6,3.31,180217.0,65.66,1.71,0,1,1,0.013,0.579,0.869
17.43,34.48,52.42,105.33,10.54,38.0,47.62,57.17,5.12,-0.139,9616.3,174.4,4.25,81884.0,75.0,0.1,0,0,0,0.0,0.009,0.066
42.74,96.43,179.46,272.11,30.55,125.18,87.6,99.5,9.14,0.68,23757.8,99.5,5.76,174108.0,0.92,1.07,1,1,1,1.0,1.0,1.0
0.5,1.31,4.7,21.12,0.58,3.18,28.94,38.76,5.31,-0.412,10793.5,105.9,3.49,163316.0,75.0,1.54,0,0,0,0.0,0.002,0.001
0.49,2.12,2.83,11.39,0.1,6.51,36.48,43.36,5.81,-0.316,9864.4,86.0,2.42,145223.0,75.0,1.58,0,0,0,0.0,0.001,0.0
13.16,37.16,70.16,109.27,19.68,54.62,60.29,70.57,6.35,0.22,12493.8,166.9,3.06,97651.0,54.15,0.46,0,1,1,0.061,0.662,0.522
29.36,86.46,146.22,288.39,61.83,119.15,83.14,99.5,8.56,0.481,19510.8,117.5,4.68,161911.0,0.92,1.01,1,1,1,0.999,1.0,1.0
1.89,2.13,3.27,10.7,0.98,4.36,24.94,29.26,5.64,-0.45,8577.9,145.5,5.58,98150.0,75.0,0.94,0,0,0,0.0,0.0,0.0
12.32,21.8,40.75,73.34,29.05,63.41,41.91,55.08,6.06,-0.065,9852.6,152.7,6.41,100295.0,75.0,0.6,0,0,0,0.001,0.204,0.102
2.32,4.27,5.13,16.95,1.41,3.24,27.85,36.58,6.08,-0.45,13069.0,84.6,1.4,165156.0,75.0,1.61,0,0,0,0.0,0.007,0.002
0.56,3.18,7.03,9.0,3.39,6.93,36.69,39.42,5.53,-0.264,9952.1,97.9,0.6,133312.0,75.0,1.22,0,0,0,0.0,0.002,0.0
11.97,32.7,52.31,128.29,15.41,38.29,54.99,63.98,5.56,-0.082,9295.9,158.0,7.31,79285.0,66.28,0.89,0,0,0,0.001,0.066,0.194
2.02,3.04,10.14,14.92,1.6,2.52,33.47,40.49,5.76,-0.45,11808.9,87.7,5.41,166691.0,75.0,1.55,0,0,0,0.0,0.004,0.001
14.51,25.35,67.33,115.91,19.43,35.15,52.7,59.12,6.7,-0.074,12975.4,150.1,2.48,94533.0,75.0,0.91,0,0,0,0.002,0.311,0.172
17.69,39.51,67.92,143.93,28.62,59.61,61.55,68.33,6.76,0.022,8319.1,171.4,9.5,59884.0,58.28,0.1,0,0,1,0.034,0.198,0.545
0.32,1.99,3.56,10.69,4.85,6.01,33.57,34.17,5.89,-0.355,10284.7,125.4,5.03,118560.0,75.0,1.6,0,0,0,0.0,0.002,0.0
2.19,9.04,15.58,24.57,1.66,7.65,29.27,39.98,5.93,-0.421,9497.8,142.5,4.97,108792.0,75.0,1.22,0,0,0,0.0,0.002,0.001
0.05,3.38,6.39,12.47,2.91,4.0,37.45,39.99,5.29,-0.322,7409.3,151.7,4.23,86360.0,75.0,0.13,0,0,0,0.0,0.0,0.0
2.71,5.63,9.39,18.28,0.48,3.84,25.5,33.42,5.42,-0.432,7412.5,157.5,1.59,99116.0,75.0,0.38,0,0,0,0.0,0.001,0.0
14.42,22.62,48.62,120.24,22.64,56.1,55.0,63.82,6.03,-0.013,14952.4,92.3,4.87,179486.0,66.56,1.7,0,0,1,0.004,0.333,0.845
7.97,26.72,65.3,115.39,13.64,30.96,56.9,65.15,7.17,0.025,18540.9,42.4,0.89,264786.0,64.13,1.87,0,1,1,0.019,0.831,0.647
0.85,3.72,4.43,11.0,1.68,2.27,38.55,40.62,5.94,-0.248,9532.6,93.3,1.96,184959.0,75.0,1.5,0,0,0,0.0,0.003,0.001
8.51,26.85,63.6,125.4,24.27,56.72,59.56,68.69,6.84,0.076,12084.5,132.7,7.01,124413.0,57.61,1.1,0,0,1,0.034,0.472,0.826
78.43,198.04,379.7,600.26,109.71,192.84,85.27,99.5,10.17,0.869,34000.0,100.3,0.5,150335.0,0.92,1.38,1,1,1,1.0,1.0,1.0
0.26,4.4,11.4,31.89,4.12,6.04,30.9,38.81,5.13,-0.334,9707.5,143.6,1.09,112087.0,75.0,0.98,0,0,0,0.0,0.001,0.001
17.11,28.67,71.78,129.61,13.28,50.36,54.61,69.21,7.09,0.092,15839.6,86.8,3.01,180784.0,56.66,1.42,0,1,1,0.093,0.782,0.894
27.4,71.22,131.54,213.89,56.76,123.52,74.55,90.25,7.32,0.443,15769.2,127.0,5.12,119855.0,17.94,0.38,1,1,1,0.961,0.998,1.0
4.62,6.07,13.48,54.82,0.05,0.43,49.97,54.66,6.84,-0.208,13224.6,62.0,2.71,217319.0,75.0,2.28,0,0,0,0.003,0.098,0.017
28.7,98.5,198.78,308.12,37.0,121.12,84.66,99.5,8.57,0.314,19988.5,143.7,4.25,86638.0,0.92,1.11,1,1,1,0.997,1.0,1.0
68.88,140.77,323.15,597.13,62.1,164.97,88.73,99.5,10.6,0.903,31284.1,114.1,9.19,139383.0,0.92,1.99,1,1,1,1.0,1.0,1.0
2.05,4.25,22.42,52.07,0.39,4.32,36.08,44.56,7.04,-0.184,15272.0,64.6,2.0,210831.0,75.0,1.29,0,0,0,0.001,0.13,0.005
36.33,75.77,131.14,256.69,44.1,114.1,86.54,99.5,7.95,0.535,18424.6,77.3,2.39,182894.0,0.92,1.99,1,1,1,0.999,1.0,1.0
8.1,25.57,52.07,126.45,16.12,57.25,59.6,69.62,6.59,-0.11,11329.2,143.5,2.96,104641.0,55.9,0.23,0,0,1,0.012,0.227,0.537
0.59,2.75,4.1,23.97,3.71,9.51,32.05,33.9,6.62,-0.222,11286.5,105.0,3.91,151961.0,75.0,1.9,0,0,0,0.0,0.012,0.001
13.32,26.5,60.59,138.57,22.97,66.66,59.85,71.07,6.82,0.052,14658.5,66.3,3.06,187877.0,53.23,2.07,0,1,1,0.067,0.731,0.974
0.44,5.11,10.18,30.71,2.48,4.77,37.94,45.01,5.86,-0.357,9896.3,175.3,9.5,87303.0,75.0,0.1,0,0,0,0.0,0.004,0.0
13.93,37.77,65.3,142.88,10.99,26.41,63.36,70.96,6.46,0.135,11238.2,138.7,1.14,98298.0,53.43,1.12,0,0,0,0.051,0.237,0.177
0.82,5.54,6.67,20.86,1.58,2.79,25.52,36.16,5.39,-0.241,8215.2,173.8,5.31,76231.0,75.0,0.22,0,0,0,0.0,0.003,0.0
27.14,65.08,147.25,263.26,40.13,133.5,84.22,99.5,8.14,0.289,21328.7,96.9,4.17,169888.0,0.92,1.58,1,1,1,0.993,1.0,1.0
15.64,32.56,63.22,102.9,22.98,66.59,47.03,60.22,7.04,0.018,12868.5,103.9,4.73,141103.0,73.2,1.45,0,0,1,0.012,0.293,0.677
16.68,26.12,42.71,120.77,14.0,45.51,54.84,64.6,5.75,0.126,9662.1,165.2,5.8,82852.0,65.13,1.03,0,0,0,0.005,0.069,0.112
0.09,4.73,5.23,17.61,0.12,0.71,32.78,39.81,6.64,-0.359,11183.3,111.1,4.97,132997.0,75.0,1.83,0,0,0,0.0,0.007,0.001
11.66,20.43,41.3,78.11,10.81,54.94,47.64,54.27,6.84,-0.103,11377.7,137.6,2.81,135799.0,75.0,0.73,0,0,0,0.002,0.106,0.134
0.72,5.61,7.39,7.91,2.38,2.52,29.07,32.83,5.98,-0.413,11954.8,71.6,4.51,177040.0,75.0,2.17,0,0,0,0.0,0.002,0.001
33.82,74.38,164.63,316.05,63.45,132.48,83.86,99.5,8.13,0.607,18915.9,99.8,5.27,150461.0,0.92,1.55,1,1,1,0.999,1.0,1.0
0.91,1.01,6.89,44.43,1.15,6.68,37.11,46.48,5.99,-0.375,13126.5,52.9,0.57,198156.0,75.0,1.69,0,0,0,0.0,0.011,0.005
15.37,36.72,74.48,115.24,25.03,44.36,56.2,65.89,7.09,-0.001,15839.8,64.9,1.02,181794.0,62.77,1.74,0,1,1,0.019,0.664,0.752
1.5,1.5,11.55,32.63,2.3,2.64,41.61,45.12,7.23,-0.12,16592.2,35.1,0.57,261704.0,75.0,3.07,0,0,0,0.001,0.217,0.025
15.72,38.6,74.24,153.04,11.86,48.12,61.79,75.58,7.28,0.054,17980.3,40.7,1.92,239310.0,44.94,2.4,0,1,1,0.228,0.857,0.964
11.82,22.3,57.05,127.03,13.29,52.1,52.77,66.5,6.84,-0.134,10361.2,176.7,2.1,70057.0,61.64,0.65,0,0,0,0.007,0.23,0.47
6.21,24.26,63.22,100.51,21.43,49.18,47.54,61.35,7.32,-0.111,15367.9,70.1,2.04,185982.0,71.12,1.81,0,1,0,0.014,0.611,0.489
12.89,28.11,50.63,93.32,27.29,46.99,48.87,62.01,6.0,0.049,9481.6,131.2,5.66,136198.0,69.9,0.84,0,0,0,0.002,0.199,0.115
6.6,16.25,33.48,64.2,13.21,33.99,48.66,57.27,6.2,-0.143,8997.6,156.7,5.3,79633.0,75.0,0.64,0,0,0,0.001,0.06,0.009
26.74,66.7,122.35,245.67,55.15,129.81,81.06,99.5,7.87,0.374,19657.2,114.8,4.55,154090.0,0.92,1.15,1,1,1,0.994,1.0,1.0
33.92,86.54,174.58,326.73,51.96,95.31,83.64,99.5,8.59,0.525,22284.3,57.2,0.9,198265.0,0.92,1.61,1,1,1,0.999,1.0,1.0
12.42,29.33,57.89,116.33,23.45,39.57,61.66,71.19,7.28,0.233,10732.4,140.6,6.43,101640.0,53.02,0.56,0,1,0,0.281,0.781,0.143
32.01,99.69,181.54,266.97,57.13,148.9,79.25,99.5,9.24,0.445,23154.0,122.0,2.92,144930.0,0.92,1.34,1,1,1,1.0,1.0,1.0
41.3,90.8,172.89,300.19,55.05,131.69,87.04,99.5,8.59,0.725,20679.1,141.0,4.11,123720.0,0.92,0.74,1,1,1,1.0,1.0,1.0
7.59,29.92,70.4,120.61,12.62,45.88,61.99,68.73,6.63,-0.002,12455.5,146.6,5.76,113026.0,57.54,0.78,0,0,0,0.011,0.174,0.474
0.53,3.91,5.43,9.09,4.05,7.39,33.64,34.09,5.01,-0.45,6159.3,176.4,6.5,52533.0,75.0,0.42,0,0,0,0.0,0.0,0.0
6.12,25.84,63.42,105.18,29.35,55.54,61.04,67.48,6.58,0.073,12508.1,118.2,4.19,131499.0,59.84,1.28,0,1,0,0.009,0.533,0.405
17.23,30.22,63.49,119.37,29.84,57.09,62.94,66.95,7.18,0.019,18535.3,84.5,1.82,180908.0,60.82,2.01,0,1,1,0.067,0.881,0.955
7.33,29.5,45.76,120.0,12.21,44.37,58.15,67.73,6.82,-0.17,12285.1,129.0,3.82,112428.0,59.38,0.7,0,0,0,0.017,0.196,0.398
14.27,27.99,68.33,128.02,17.9,42.66,62.36,71.0,8.35,0.075,21002.9,44.9,1.57,246656.0,53.36,2.4,0,1,1,0.34,0.987,0.961
6.46,25.34,51.26,97.29,29.0,52.18,47.37,56.47,5.7,-0.185,8580.9,165.1,1.69,45824.0,75.0,0.74,0,0,0,0.0,0.098,0.133
16.4,40.97,80.65,111.63,27.37,48.77,59.96,68.6,7.37,0.197,16305.9,52.3,1.4,205547.0,57.78,2.42,0,1,1,0.241,0.859,0.925
9.59,34.45,61.6,124.34,16.21,42.3,60.67,70.98,6.84,0.036,15695.8,82.5,3.46,173312.0,53.41,1.27,0,1,1,0.022,0.732,0.756
1.09,8.5,9.83,13.24,0.05,0.84,29.42,39.5,5.33,-0.386,7636.8,153.3,1.84,53401.0,75.0,0.76,0,0,0,0.0,0.001,0.0
0.37,0.53,3.84,5.47,1.43,2.16,31.66,41.67,5.42,-0.263,10085.6,121.6,6.79,113124.0,75.0,1.65,0,0,0,0.0,0.006,0.0
17.16,30.39,48.17,119.98,18.04,57.64,61.92,67.52,6.49,0.051,12454.1,92.1,5.33,178887.0,59.76,1.53,0,0,1,0.026,0.371,0.895
9.06,25.56,53.92,111.82,18.03,47.94,55.11,64.38,6.81,-0.03,14042.3,103.6,1.3,156076.0,65.53,1.54,0,0,0,0.006,0.314,0.498
36.98,88.57,179.63,316.78,56.21,122.11,88.13,99.5,8.24,0.325,18027.7,158.9,9.45,112906.0,0.92,0.84,1,1,1,0.999,1.0,1.0
0.0,3.51,13.1,25.78,1.49,4.36,32.68,40.12,5.86,-0.441,12575.7,84.3,2.73,202018.0,75.0,1.36,0,0,0,0.0,0.007,0.002
1.23,17.53,17.78,18.04,6.66,8.69,33.94,42.55,5.84,-0.298,9206.6,161.1,6.85,93177.0,75.0,1.12,0,0,0,0.0,0.004,0.0
12.96,33.77,71.03,133.39,19.44,51.72,62.29,73.54,7.41,-0.043,19825.0,47.8,1.25,227363.0,48.69,2.34,0,1,1,0.053,0.941,0.979
14.49,36.95,55.77,99.67,17.95,52.92,51.37,58.13,6.43,-0.102,11737.1,147.6,7.62,103826.0,75.0,0.92,0,0,0,0.002,0.151,0.254
0.6,1.29,1.42,23.6,1.09,2.48,40.17,43.17,5.77,-0.243,4081.1,157.9,6.68,50700.0,75.0,0.12,0,0,0,0.0,0.002,0.0
11.9,21.99,48.91,116.5,24.72,62.88,63.87,74.59,7.03,0.099,15552.6,61.4,1.25,185445.0,46.76,2.23,0,1,1,0.069,0.78,0.926
0.76,1.91,9.03,11.31,2.58,10.24,36.26,40.73,5.24,-0.243,10248.5,97.4,1.37,164630.0,75.0,1.63,0,0,0,0.0,0.002,0.001
0.4,0.96,3.83,6.76,4.09,5.07,24.11,28.79,6.34,-0.438,13092.2,59.0,0.51,218443.0,75.0,2.52,0,0,0,0.0,0.007,0.001
0.45,5.93,6.86,32.79,0.47,8.97,38.49,41.0,5.72,-0.392,9125.9,137.5,5.28,119396.0,75.0,0.81,0,0,0,0.0,0.003,0.001
9.13,21.32,50.63,99.09,14.03,39.19,52.26,57.16,6.46,-0.003,11622.1,112.6,5.1,131463.0,75.0,0.97,0,0,0,0.002,0.19,0.13
37.83,106.11,205.35,345.9,30.19,93.65,82.61,99.5,9.36,0.528,23715.7,127.1,5.94,141515.0,0.92,0.85,1,1,1,1.0,1.0,1.0
0.22,0.41,5.74,24.67,3.37,11.11,38.03,43.62,6.22,-0.403,14824.8,63.5,2.09,226048.0,75.0,1.81,0,0,0,0.0,0.016,0.009
1.07,16.77,19.42,45.22,0.24,0.8,34.98,44.08,6.35,-0.175,15539.9,65.7,0.93,215226.0,75.0,1.6,0,0,0,0.0,0.031,0.007
34.76,74.72,129.24,224.93,57.56,148.57,86.62,99.5,9.19,0.499,24573.6,41.0,0.93,245623.0,0.92,2.67,1,1,1,1.0,1.0,1.0
28.34,102.33,200.9,298.99,50.51,144.51,83.59,99.5,9.3,0.508,23986.7,81.7,4.55,173572.0,0.92,2.1,1,1,1,1.0,1.0,1.0
2.27,3.4,4.86,25.39,1.59,2.22,31.93,39.91,5.69,-0.304,9158.2,116.2,3.05,156743.0,75.0,1.15,0,0,0,0.0,0.004,0.001
9.26,28.51,48.11,113.04,24.2,47.32,51.3,66.35,6.02,0.04,9012.6,159.4,5.99,90906.0,61.92,0.48,0,0,0,0.005,0.246,0.141
0.61,7.46,12.99,31.6,1.45,2.29,35.35,38.4,6.12,-0.306,11976.0,131.7,2.06,129628.0,75.0,0.45,0,0,0,0.0,0.007,0.0
1.07,4.77,4.79,6.24,1.29,3.3,28.17,32.58,6.34,-0.425,13076.5,98.1,4.03,167723.0,75.0,1.68,0,0,0,0.0,0.005,0.001
17.77,27.34,52.05,122.8,22.25,54.1,60.47,70.4,5.88,0.052,11271.4,173.2,4.64,70335.0,54.46,0.89,0,0,1,0.019,0.371,0.526
74.65,147.05,342.32,509.1,64.09,171.21,86.65,99.5,9.28,0.949,29212.7,139.3,7.5,99951.0,0.92,0.69,1,1,1,1.0,1.0,1.0
14.13,26.07,42.56,75.43,15.13,34.19,52.91,64.48,6.32,0.005,11288.5,169.9,8.31,74919.0,65.35,0.41,0,0,0,0.01,0.159,0.021
59.9,140.28,281.27,483.5,97.13,195.32,82.28,99.5,9.86,0.744,28592.3,111.5,2.91,161001.0,0.92,1.41,1,1,1,1.0,1.0,1.0
11.18,33.04,77.63,135.49,18.65,52.59,68.37,78.82,8.36,0.051,17152.9,72.5,2.37,186329.0,38.97,2.35,1,1,1,0.617,0.968,0.973
32.16,73.75,151.31,309.64,52.42,108.0,87.47,99.5,9.02,0.446,25130.2,42.7,1.07,242208.0,0.92,2.32,1,1,1,0.999,1.0,1.0
3.53,4.76,6.74,18.24,1.68,2.88,38.17,43.34,5.98,-0.408,10678.1,140.3,1.33,122717.0,75.0,0.93,0,0,0,0.0,0.002,0.001
0.76,1.77,7.12,8.69,2.77,3.39,35.38,36.91,6.0,-0.327,14024.7,52.6,1.03,212409.0,75.0,2.17,0,0,0,0.0,0.008,0.002
27.65,75.98,185.41,312.59,57.21,127.76,85.99,99.5,9.5,0.371,26321.8,78.9,3.04,206149.0,0.92,1.32,1,1,1,1.0,1.0,1.0
17.78,28.8,61.94,131.81,22.57,64.48,66.7,76.97,6.48,0.145,13576.3,112.2,4.58,140017.0,42.37,0.83,0,1,1,0.13,0.608,0.905
1.1,5.48,6.25,9.9,1.17,7.85,40.59,45.33,5.92,-0.3,10743.3,116.8,4.4,162435.0,75.0,0.96,0,0,0,0.0,0.007,0.001
10.55,29.21,56.09,126.37,14.01,46.82,56.35,66.97,6.24,-0.004,12795.0,122.1,3.61,140010.0,60.77,1.43,0,0,1,0.006,0.183,0.519
1.03,2.33,7.21,7.56,3.68,5.18,31.98,41.27,5.17,-0.326,11835.0,59.1,3.06,208834.0,75.0,1.93,0,0,0,0.0,0.001,0.001
15.31,28.5,49.13,98.61,25.95,62.05,52.23,61.4,7.22,0.018,10237.4,90.1,3.26,158609.0,71.03,1.43,0,0,0,0.029,0.403,0.49
0.62,7.56,9.66,14.85,0.31,0.57,42.66,48.09,6.32,-0.347,10911.1,124.5,5.93,129284.0,75.0,0.93,0,0,0,0.0,0.018,0.0
28.75,67.43,145.19,293.99,46.66,113.1,82.43,99.5,7.9,0.428,15245.2,175.6,0.54,66195.0,0.92,0.32,1,1,1,0.998,0.999,1.0
0.35,0.81,1.81,11.88,1.79,2.66,27.93,36.99,5.78,-0.369,8327.0,140.5,0.5,92518.0,75.0,1.37,0,0,0,0.0,0.001,0.0
10.19,27.85,65.67,111.66,15.43,52.34,50.12,61.1,6.89,-0.141,11449.1,168.8,6.77,74203.0,71.58,0.41,0,0,0,0.005,0.26,0.202
0.87,5.72,6.67,24.36,0.35,3.43,32.74,34.59,5.38,-0.45,7978.2,145.5,1.36,93318.0,75.0,0.56,0,0,0,0.0,0.001,0.0
27.09,66.13,153.14,273.68,47.01,119.6,85.81,99.5,8.76,0.371,20799.6,120.8,3.77,143831.0,0.92,1.15,1,1,1,0.999,1.0,1.0
9.84,29.23,48.16,113.91,21.6,51.19,53.42,63.21,7.12,-0.044,17878.0,62.8,1.86,224182.0,67.68,2.5,0,1,1,0.007,0.839,0.858
0.16,0.98,2.38,5.57,6.17,14.82,25.14,32.43,5.04,-0.45,6846.9,131.7,8.37,103593.0,75.0,0.84,0,0,0,0.0,0.0,0.0
0.95,1.52,11.21,27.81,0.08,2.44,39.45,45.6,5.63,-0.218,12811.4,125.4,5.29,155217.0,75.0,0.73,0,0,0,0.0,0.008,0.002
1.11,1.29,1.49,8.96,0.0,0.17,36.38,42.25,5.88,-0.369,10258.8,122.4,4.65,131242.0,75.0,0.97,0,0,0,0.0,0.003,0.0
7.15,30.62,68.6,121.13,19.58,55.16,61.74,71.29,6.5,-0.018,12855.7,106.0,5.31,138152.0,52.83,1.4,0,1,1,0.008,0.562,0.782
11.17,20.25,57.42,90.3,19.72,60.57,52.04,53.85,6.41,-0.069,13297.4,111.7,4.65,157380.0,75.0,1.48,0,0,0,0.002,0.097,0.252
0.15,3.22,3.41,63.05,2.29,14.45,43.63,49.87,6.2,-0.384,9808.4,83.5,2.23,173110.0,75.0,1.98,0,0,0,0.0,0.005,0.008
13.69,25.81,68.6,129.93,21.52,49.39,59.79,72.38,7.18,0.166,15044.8,110.3,5.99,146414.0,50.82,0.98,0,1,1,0.105,0.857,0.852
27.11,83.32,155.28,303.6,31.01,100.16,81.11,99.5,9.02,0.346,22100.6,63.6,0.96,197561.0,0.92,1.68,1,1,1,0.999,1.0,1.0
2.17,2.24,3.57,4.21,1.81,3.14,30.67,37.73,4.58,-0.241,4237.6,151.8,6.19,85649.0,75.0,0.61,0,0,0,0.0,0.0,0.0
17.48,35.95,67.81,143.67,14.47,46.34,59.86,71.77,7.47,0.131,16847.3,61.9,0.5,216535.0,51.94,2.19,0,1,1,0.157,0.772,0.86
12.06,21.45,64.41,129.43,27.76,72.24,59.12,67.12,6.99,-0.148,16946.1,47.3,1.83,218921.0,60.51,1.82,0,1,1,0.012,0.851,0.983
11.24,32.9,65.22,144.08,14.94,30.36,56.94,68.81,6.76,-0.01,13925.1,98.3,3.78,140543.0,57.39,1.29,0,0,1,0.015,0.488,0.505
0.25,0.59,2.89,3.85,0.5,0.85,31.11,39.52,5.21,-0.414,7487.6,130.5,8.5,131720.0,75.0,0.83,0,0,0,0.0,0.001,0.0
0.8,1.58,4.12,5.24,1.45,1.94,36.88,41.81,5.36,-0.196,10116.5,98.5,0.67,143754.0,75.0,1.75,0,0,0,0.0,0.002,0.0
0.13,1.05,9.35,28.0,6.4,8.55,33.71,41.48,6.1,-0.32,13460.9,75.1,1.82,172546.0,75.0,1.96,0,0,0,0.0,0.009,0.006
9.06,33.57,60.02,90.48,26.4,46.48,57.27,65.68,7.09,-0.2,14534.9,115.9,5.77,158767.0,63.14,1.49,0,1,0,0.01,0.573,0.457
14.33,22.59,40.92,95.1,11.36,53.02,54.21,66.26,6.4,0.113,13818.7,85.3,3.5,159676.0,62.08,2.05,0,0,0,0.026,0.473,0.403
1.66,2.66,6.3,21.38,2.82,4.58,33.5,40.79,5.05,-0.283,7195.7,170.3,6.51,40934.0,75.0,0.35,0,0,0,0.0,0.001,0.0
2.75,9.86,10.73,39.79,2.49,10.16,36.25,44.36,5.94,-0.253,7634.7,168.8,3.0,86803.0,75.0,0.1,0,0,0,0.0,0.004,0.001
0.66,3.37,4.44,21.13,1.74,4.04,36.6,41.85,6.31,-0.326,9951.3,107.8,2.63,146029.0,75.0,0.98,0,0,0,0.0,0.009,0.001
37.32,94.41,190.33,339.01,58.02,114.93,84.22,99.5,9.24,0.405,24077.3,82.5,4.74,177683.0,0.92,1.14,1,1,1,1.0,1.0,1.0
4.48,7.1,8.67,9.19,8.86,12.06,31.16,40.25,6.02,-0.177,7402.6,141.9,4.83,105021.0,75.0,0.71,0,0,0,0.0,0.007,0.001
7.96,24.31,51.23,128.8,19.85,49.39,55.49,69.12,7.76,-0.047,16467.4,40.3,1.68,235087.0,56.83,2.18,0,1,1,0.065,0.885,0.909
39.86,90.5,152.29,293.76,61.85,104.37,83.79,99.5,7.83,0.66,17176.6,103.8,3.42,144099.0,0.92,1.62,1,1,1,0.999,1.0,1.0
41.5,94.01,161.36,244.49,37.19,95.5,81.04,99.5,9.93,0.562,25643.4,83.8,1.15,201621.0,0.92,1.68,1,1,1,1.0,1.0,1.0
5.92,17.13,54.23,118.58,25.4,45.35,52.39,62.85,6.77,-0.116,10120.6,168.5,8.73,55683.0,68.35,0.32,0,0,0,0.003,0.375,0.214
0.05,1.63,3.31,21.3,1.55,10.91,36.26,41.91,6.24,-0.45,13399.1,36.7,1.62,242585.0,75.0,2.31,0,0,0,0.0,0.011,0.005
21.53,71.08,145.39,235.46,50.41,92.62,81.62,99.5,8.5,0.305,20746.4,115.2,8.81,151442.0,0.92,0.91,1,1,1,0.997,1.0,1.0
37.82,74.32,176.72,261.93,45.97,94.52,86.7,99.5,7.74,0.63,18078.1,142.4,2.38,97730.0,0.92,1.14,1,1,1,0.999,1.0,1.0
23.33,87.18,183.63,322.77,44.14,138.63,88.03,99.5,8.47,0.437,21469.4,105.3,5.25,138251.0,0.92,1.13,1,1,1,0.999,1.0,1.0
0.5,1.2,23.83,69.24,1.79,2.61,48.86,54.29,6.22,-0.184,15749.6,47.4,0.54,238397.0,75.0,1.85,0,0,0,0.0,0.045,0.044
0.33,2.17,8.15,9.12,2.33,2.71,31.77,35.41,4.73,-0.338,5511.2,176.0,6.66,53929.0,75.0,0.6,0,0,0,0.0,0.0,0.0
15.97,33.02,77.71,145.36,19.94,39.18,61.85,71.52,7.14,0.073,13551.5,110.1,5.79,138766.0,52.4,1.47,0,1,1,0.123,0.755,0.775
66.7,143.56,335.03,507.24,103.27,207.58,85.17,99.5,9.83,0.775,32967.6,124.1,0.5,144441.0,0.92,0.58,1,1,1,1.0,1.0,1.0
25.55,72.72,165.17,287.19,33.76,81.3,85.5,99.5,8.62,0.337,23047.2,69.3,2.17,197351.0,0.92,2.14,1,1,1,0.998,1.0,1.0
29.46,78.0,179.11,304.89,36.54,78.09,83.06,99.5,8.9,0.404,22583.1,105.1,2.61,126914.0,0.92,1.15,1,1,1,0.999,1.0,1.0
6.33,26.24,66.65,135.78,25.8,48.63,61.98,73.0,6.94,-0.0,14928.1,97.2,2.17,189534.0,49.69,1.37,0,1,1,0.045,0.86,0.86
5.42,5.65,12.53,13.75,0.62,3.02,34.4,40.04,6.69,-0.357,13374.6,45.9,1.92,217018.0,75.0,2.27,0,0,0,0.0,0.019,0.002
5.69,20.39,45.9,108.26,24.36,42.08,52.37,59.72,7.44,-0.127,15891.3,50.4,2.78,213487.0,74.11,2.33,0,1,1,0.01,0.615,0.612
20.95,86.99,168.67,291.44,64.33,128.4,80.6,99.5,8.01,0.362,19772.6,156.4,5.1,96117.0,0.92,0.77,1,1,1,0.994,1.0,1.0
7.55,27.12,66.59,121.71,23.84,54.25,63.09,73.6,7.05,-0.009,15978.3,69.8,2.7,205647.0,48.57,1.86,0,1,1,0.049,0.789,0.923
61.29,133.35,258.99,466.16,79.83,227.26,87.23,99.5,10.02,0.627,31416.1,63.3,2.34,233494.0,0.92,1.84,1,1,1,1.0,1.0,1.0
6.41,15.26,32.88,96.78,21.89,55.86,52.17,63.14,6.08,-0.177,11393.2,108.2,3.79,125244.0,67.82,1.45,0,0,1,0.001,0.164,0.563
0.2,2.02,7.86,21.68,1.15,1.54,32.81,38.92,6.45,-0.37,10667.6,146.5,2.25,116627.0,75.0,0.74,0,0,0,0.0,0.008,0.0
79.83,181.4,371.47,572.89,71.85,176.44,79.92,99.5,10.23,0.773,34000.0,44.0,2.42,238366.0,0.92,2.78,1,1,1,1.0,1.0,1.0
0.65,3.03,8.89,12.23,0.42,1.21,40.17,47.06,5.87,-0.203,7749.3,118.6,4.78,135578.0,75.0,1.35,0,0,0,0.0,0.003,0.0
17.15,27.94,53.31,107.6,21.12,61.87,49.75,62.91,6.42,0.116,15938.1,52.3,2.2,229066.0,68.24,1.85,0,1,1,0.011,0.541,0.803
22.82,62.14,131.13,244.18,43.08,104.64,83.19,99.5,8.26,0.442,21831.9,40.3,0.83,245670.0,0.92,2.15,1,1,1,0.997,1.0,1.0
2.29,6.82,13.37,30.26,0.08,0.65,35.15,41.49,5.77,-0.292,13036.9,42.6,1.14,208093.0,75.0,2.28,0,0,0,0.0,0.005,0.002
38.3,97.1,187.54,324.89,61.9,136.83,83.06,99.5,8.14,0.43,22337.2,156.0,4.96,119102.0,0.92,1.03,1,1,1,0.999,1.0,1.0
0.39,0.6,2.87,17.71,0.66,1.11,35.15,41.84,5.84,-0.306,11925.7,52.1,0.5,194091.0,75.0,2.55,0,0,0,0.0,0.006,0.003
44.97,96.72,159.7,252.87,60.2,145.28,85.51,99.5,8.94,0.708,23367.4,41.5,0.5,213114.0,0.92,2.16,1,1,1,1.0,1.0,1.0
1.14,3.12,15.22,18.33,1.07,1.16,32.21,38.01,6.46,-0.446,11087.1,98.5,2.38,157879.0,75.0,1.18,0,0,0,0.0,0.005,0.001
10.44,24.97,68.46,116.37,26.7,64.69,60.28,70.5,6.74,0.213,13697.3,157.4,6.99,120019.0,54.27,0.3,0,1,1,0.053,0.78,0.81
6.91,31.28,65.21,125.04,10.23,46.21,55.03,70.24,7.07,0.037,15132.5,73.0,1.7,187717.0,54.76,1.9,0,0,1,0.061,0.353,0.779
5.72,16.87,34.83,83.74,25.91,62.14,52.03,61.68,6.65,-0.197,12719.5,96.1,1.6,164143.0,70.51,2.19,0,0,0,0.004,0.218,0.446
6.39,27.96,56.79,88.42,14.48,53.03,47.12,61.97,7.06,-0.184,18256.8,40.8,0.83,252535.0,69.98,2.45,0,1,1,0.004,0.708,0.858
74.33,155.63,269.05,450.38,99.75,254.82,83.59,99.5,9.43,0.849,27653.3,100.1,2.68,155356.0,0.92,0.96,1,1,1,1.0,1.0,1.0
34.32,72.97,153.09,312.99,62.85,157.48,89.18,99.5,8.81,0.485,17863.5,118.8,3.4,119819.0,0.92,0.96,1,1,1,1.0,1.0,1.0
72.98,168.54,358.92,624.25,67.22,209.25,86.92,99.5,10.08,0.845,30906.8,117.8,8.71,132404.0,0.92,1.0,1,1,1,1.0,1.0,1.0
16.95,40.23,76.43,133.3,25.53,56.02,64.06,79.56,8.54,-0.075,18454.1,83.2,4.49,200720.0,37.61,1.44,1,1,1,0.525,0.988,0.986
9.18,21.58,52.8,105.6,20.49,43.31,50.79,61.35,6.85,-0.185,14886.3,80.8,4.32,184160.0,71.13,1.6,0,1,1,0.002,0.566,0.533
1.07,3.78,10.36,21.06,2.82,3.47,39.23,46.67,6.58,-0.284,16620.0,50.5,2.83,248407.0,75.0,2.26,0,0,0,0.0,0.077,0.014
49.84,130.62,316.78,534.65,82.77,223.74,85.84,99.5,10.63,0.659,32811.2,88.2,1.5,185246.0,0.92,1.82,1,1,1,1.0,1.0,1.0
0.16,0.17,1.66,5.1,0.73,13.45,35.92,39.76,6.76,-0.278,13573.2,49.4,0.64,211016.0,75.0,2.49,0,0,0,0.0,0.025,0.003
12.38,30.4,65.07,114.95,29.58,73.78,65.47,72.23,6.63,-0.011,13503.7,146.2,2.2,105378.0,51.1,0.94,0,1,1,0.037,0.781,0.805
1.76,2.35,10.84,12.12,1.99,4.13,29.68,37.72,5.75,-0.339,9485.5,175.1,9.5,57070.0,75.0,0.1,0,0,0,0.0,0.003,0.0
5.51,28.88,72.71,148.08,13.85,38.84,65.72,76.68,6.66,0.012,12052.3,175.7,4.42,59181.0,42.91,0.1,0,1,0,0.076,0.561,0.487
83.23,159.61,322.11,530.09,67.59,218.52,80.17,99.5,9.57,0.911,32218.6,160.4,2.0,154664.0,0.92,0.53,1,1,1,1.0,1.0,1.0
6.74,24.82,49.37,100.26,14.23,47.97,61.88,71.59,6.28,0.03,13500.8,122.1,3.33,148742.0,52.27,1.17,0,0,1,0.009,0.479,0.661
84.55,204.56,376.05,621.94,101.96,219.77,85.81,99.5,10.31,1.03,34000.0,136.6,4.2,128966.0,0.92,1.18,1,1,1,1.0,1.0,1.0
12.37,35.59,71.47,108.27,25.59,41.27,52.62,61.84,7.34,0.141,15104.5,76.4,3.04,179026.0,70.21,1.79,0,1,1,0.021,0.754,0.66
41.19,107.72,207.56,289.45,64.04,137.81,86.21,99.5,9.27,0.643,24276.9,126.5,5.0,151790.0,0.92,1.08,1,1,1,1.0,1.0,1.0
15.4,33.03,58.22,103.03,11.4,42.67,52.15,63.89,6.76,-0.121,16493.6,101.1,2.03,175208.0,66.45,1.5,0,1,1,0.008,0.596,0.604
0.19,2.28,6.2,13.21,0.34,2.32,29.27,38.32,5.7,-0.288,13055.9,104.9,4.97,182353.0,75.0,1.3,0,0,0,0.0,0.003,0.001
16.42,32.21,57.49,118.98,22.38,40.1,57.86,70.87,6.36,-0.043,12882.2,144.9,3.4,133644.0,53.6,0.83,0,0,1,0.021,0.416,0.552
8.07,24.48,50.47,96.47,18.91,42.62,53.49,61.84,6.42,0.031,14609.1,75.9,2.44,166760.0,70.22,2.13,0,0,1,0.004,0.356,0.516
0.51,4.23,7.08,31.83,5.93,14.87,37.75,40.56,5.5,-0.364,10812.6,81.1,3.84,166014.0,75.0,1.69,0,0,0,0.0,0.002,0.002
0.35,1.95,5.02,27.96,1.64,2.66,34.74,43.39,4.27,-0.293,5300.0,169.1,3.96,62056.0,75.0,0.45,0,0,0,0.0,0.0,0.0
0.95,1.06,8.25,18.27,2.11,2.89,36.15,44.54,5.61,-0.197,15266.7,43.2,1.07,214058.0,75.0,2.24,0,0,0,0.0,0.01,0.004
0.98,2.87,6.74,29.3,2.89,5.66,36.66,42.8,4.79,-0.279,10306.6,105.4,4.81,158351.0,75.0,1.75,0,0,0,0.0,0.001,0.002
16.61,30.71,60.48,122.96,18.82,44.66,69.82,72.01,5.63,0.148,9698.2,167.4,3.27,70671.0,51.5,0.15,0,0,0,0.013,0.16,0.18
6.46,25.27,46.05,82.96,13.64,49.3,48.74,58.66,6.99,-0.182,13089.8,123.5,3.47,162886.0,75.0,1.64,0,0,0,0.003,0.239,0.203
23.46,97.51,193.02,304.44,50.76,91.18,86.99,99.5,10.14,0.306,22714.4,114.2,5.14,171495.0,0.92,0.89,1,1,1,1.0,1.0,1.0
78.78,165.05,281.52,527.66,76.48,201.88,84.13,99.5,10.52,0.936,29503.6,71.2,5.13,194448.0,0.92,1.66,1,1,1,1.0,1.0,1.0
15.97,37.16,62.27,135.7,17.78,47.78,60.13,72.33,7.1,0.132,14665.1,84.8,3.89,207600.0,50.92,1.88,0,1,1,0.156,0.763,0.868
12.96,22.17,55.08,113.95,27.47,53.08,56.15,69.97,5.94,0.021,9947.6,158.5,6.9,112066.0,55.26,0.92,0,0,1,0.012,0.276,0.584
0.33,1.95,6.6,16.5,0.3,1.79,37.89,45.47,5.56,-0.17,9448.2,116.1,5.17,133935.0,75.0,0.79,0,0,0,0.0,0.004,0.0
5.83,26.4,67.89,100.17,20.51,52.49,56.82,64.35,6.74,-0.043,13480.8,109.6,1.72,118297.0,65.6,0.98,0,1,0,0.006,0.501,0.325
30.97,86.08,178.7,297.4,62.19,131.94,82.4,99.5,9.53,0.431,22749.7,49.4,1.83,217404.0,0.92,2.25,1,1,1,1.0,1.0,1.0
0.09,7.75,8.39,26.8,1.5,6.22,39.29,45.94,6.07,-0.312,14288.6,37.3,1.29,225542.0,75.0,3.04,0,0,0,0.0,0.014,0.004
0.86,1.02,2.9,14.53,1.98,14.63,31.9,40.04,5.44,-0.385,8154.0,174.7,7.13,73416.0,75.0,0.75,0,0,0,0.0,0.001,0.0
12.88,25.75,42.05,111.48,27.79,61.19,54.83,65.74,6.71,0.031,13275.7,89.7,3.33,173743.0,63.04,1.52,0,1,1,0.017,0.514,0.811
32.06,101.5,165.92,277.82,47.77,90.48,80.79,99.5,8.08,0.435,18850.3,122.5,5.12,133986.0,0.92,0.4,1,1,1,0.999,1.0,1.0
13.95,25.16,50.15,100.88,22.77,39.73,59.86,63.6,6.39,0.002,17013.7,46.6,1.37,231985.0,66.97,2.23,0,1,1,0.003,0.566,0.748
58.63,145.1,255.23,492.06,71.8,165.11,85.34,99.5,8.92,0.855,24924.2,134.1,4.83,100950.0,0.92,1.07,1,1,1,1.0,1.0,1.0
76.92,149.27,340.29,576.46,68.59,176.6,83.76,99.5,8.99,0.951,28270.0,170.2,2.2,81904.0,0.92,0.32,1,1,1,1.0,1.0,1.0
3.59,6.01,9.76,22.46,1.24,1.88,32.26,34.16,6.67,-0.367,10902.3,118.5,3.46,131240.0,75.0,0.92,0,0,0,0.0,0.004,0.001
0.2,3.1,11.72,16.0,1.4,18.4,33.37,39.53,6.62,-0.37,14547.4,53.3,3.2,219056.0,75.0,2.16,0,0,0,0.0,0.028,0.011
8.34,22.98,48.88,80.51,20.19,41.45,50.04,57.52,7.28,-0.015,15307.9,119.3,4.86,151142.0,75.0,0.88,0,1,0,0.008,0.585,0.231
6.67,26.75,64.72,139.17,28.68,69.75,71.0,78.94,5.95,0.073,9216.1,146.1,5.06,86290.0,38.76,1.35,0,0,1,0.043,0.288,0.862
6.59,18.39,37.07,84.74,12.48,47.08,53.56,58.68,6.08,-0.068,11325.0,93.9,6.49,163064.0,75.0,1.98,0,0,0,0.001,0.075,0.167
1.51,1.95,5.84,6.11,1.14,2.32,30.54,39.29,6.04,-0.387,6756.6,162.6,1.71,83130.0,75.0,0.75,0,0,0,0.0,0.001,0.0
7.8,14.2,14.84,44.76,1.09,4.09,37.95,44.6,5.89,-0.34,7837.1,129.1,1.94,117415.0,75.0,1.05,0,0,0,0.0,0.002,0.0
0.92,4.15,5.79,6.65,1.08,3.83,32.74,34.77,5.75,-0.282,9699.4,165.4,9.5,95028.0,75.0,0.31,0,0,0,0.0,0.003,0.0
33.87,100.58,153.23,312.28,64.67,110.12,81.87,99.5,8.65,0.57,18778.9,125.4,4.49,118704.0,0.92,1.07,1,1,1,0.999,1.0,1.0
58.76,164.18,307.78,516.05,76.3,213.27,83.93,99.5,10.91,0.649,32261.5,54.0,1.66,206825.0,0.92,2.59,1,1,1,1.0,1.0,1.0
0.54,1.95,5.38,47.14,2.05,2.41,40.39,48.39,6.97,-0.208,13309.1,79.9,1.07,173465.0,75.0,1.99,0,0,0,0.0,0.179,0.009
0.46,1.82,7.21,14.32,2.15,8.56,35.38,40.15,6.75,-0.235,14052.4,64.3,2.77,219269.0,75.0,2.01,0,0,0,0.0,0.05,0.004
0.13,3.76,9.24,29.79,6.25,7.55,43.07,48.31,5.84,-0.311,6732.0,166.8,7.47,72478.0,75.0,0.77,0,0,0,0.0,0.003,0.0
30.73,76.23,145.86,252.25,60.44,103.9,87.45,99.5,7.68,0.449,16797.1,145.3,2.22,112591.0,0.92,0.96,1,1,1,0.998,1.0,1.0
53.11,159.74,338.61,576.24,62.33,178.63,84.78,99.5,10.27,0.83,32673.9,133.1,4.32,149942.0,0.92,1.09,1,1,1,1.0,1.0,1.0
0.24,11.33,38.55,39.18,2.2,8.07,31.68,40.33,6.71,-0.244,14743.0,78.6,2.28,184510.0,75.0,2.04,0,0,0,0.0,0.038,0.004
0.47,3.43,4.26,5.9,5.19,8.79,36.87,44.42,6.6,-0.367,14485.8,61.7,2.44,222657.0,75.0,2.15,0,0,0,0.0,0.055,0.005
15.62,32.68,52.32,101.15,27.63,43.1,50.98,63.09,6.86,-0.053,13502.3,144.7,2.15,131448.0,67.92,1.06,0,0,0,0.008,0.469,0.456
7.69,20.0,42.89,77.82,26.96,46.75,39.52,48.5,6.64,-0.221,15504.0,103.8,5.97,170904.0,75.0,1.44,0,0,0,0.001,0.279,0.227
15.79,29.82,58.54,111.68,24.26,61.2,58.59,66.84,5.87,0.053,15073.1,67.7,3.49,198461.0,61.01,1.83,0,0,1,0.005,0.415,0.889
13.33,34.48,49.73,104.97,20.48,42.66,47.52,60.13,7.17,-0.007,15465.9,124.4,3.54,140339.0,73.36,0.93,0,1,0,0.008,0.542,0.243
67.25,165.28,317.77,474.36,81.76,223.08,83.19,99.5,10.43,0.718,34000.0,40.8,1.27,211671.0,0.92,2.09,1,1,1,1.0,1.0,1.0
0.63,2.3,16.01,40.66,5.28,5.56,41.86,46.62,6.49,-0.337,14013.7,82.3,2.68,169546.0,75.0,1.21,0,0,0,0.0,0.043,0.005
35.46,79.4,153.66,288.04,50.26,118.08,86.29,99.5,9.11,0.351,19618.9,102.9,2.16,147401.0,0.92,1.13,1,1,1,1.0,1.0,1.0
2.02,4.89,11.77,44.02,2.49,4.25,40.32,49.79,6.7,-0.187,14382.1,56.5,1.53,245864.0,75.0,1.78,0,0,0,0.001,0.08,0.01
7.77,20.37,47.27,114.28,10.8,50.23,52.59,64.51,5.65,-0.064,8740.9,177.8,5.36,54481.0,65.3,0.18,0,0,0,0.001,0.033,0.16
38.95,93.93,167.91,256.93,40.14,86.17,88.51,99.5,9.03,0.518,23083.9,65.3,4.18,189205.0,0.92,2.41,1,1,1,1.0,1.0,1.0
77.76,178.32,310.53,453.06,86.2,226.36,85.51,99.5,10.35,0.889,33530.3,53.9,2.8,199660.0,0.92,2.05,1,1,1,1.0,1.0,1.0
39.16,82.74,192.44,317.95,41.62,103.22,82.54,99.5,9.51,0.525,25157.6,64.5,3.34,210982.0,0.92,2.02,1,1,1,1.0,1.0,1.0
23.11,77.85,173.04,285.8,60.34,126.56,84.47,99.5,8.1,0.41,20315.1,146.5,6.1,106323.0,0.92,0.86,1,1,1,0.997,1.0,1.0
42.52,105.64,158.94,244.31,58.0,117.63,87.29,99.5,8.16,0.476,21326.7,96.7,1.44,180263.0,0.92,1.97,1,1,1,0.999,1.0,1.0
0.25,5.26,21.63,41.48,2.58,2.59,42.35,52.45,5.95,-0.303,11448.9,117.0,4.01,149687.0,75.0,1.03,0,0,0,0.0,0.025,0.003
22.65,84.49,159.06,240.62,55.93,118.96,82.29,99.5,8.23,0.291,24176.1,38.0,2.0,213639.0,0.92,2.26,1,1,1,0.994,1.0,1.0
36.47,90.2,141.79,272.67,57.58,106.16,85.13,99.5,8.51,0.305,22624.7,40.0,0.5,219900.0,0.92,2.27,1,1,1,0.998,1.0,1.0
16.58,27.67,55.36,111.72,16.28,46.29,48.53,61.08,7.37,0.134,14229.4,99.6,4.63,180906.0,71.62,1.79,0,1,1,0.058,0.566,0.64
14.34,34.48,77.15,150.26,29.7,62.56,60.57,73.24,6.22,0.125,11265.7,153.4,9.5,92853.0,49.25,1.08,0,1,1,0.02,0.621,0.91
30.01,74.62,139.25,231.33,55.43,131.42,83.49,99.5,7.46,0.381,18079.6,163.4,8.84,101782.0,0.92,0.68,1,1,1,0.994,0.999,1.0
27.31,97.99,181.13,266.65,32.15,80.03,77.93,99.5,8.93,0.438,25666.8,47.6,2.88,220668.0,0.92,2.56,1,1,1,0.999,1.0,1.0
0.28,5.75,11.77,14.48,0.57,4.12,31.62,36.96,5.98,-0.45,11487.9,113.1,4.4,129810.0,75.0,1.31,0,0,0,0.0,0.002,0.0
41.79,89.46,170.99,322.22,56.97,146.01,86.11,99.5,7.84,0.604,18967.3,167.4,8.78,74549.0,0.92,0.43,1,1,1,0.999,1.0,1.0
26.95,89.59,146.43,275.73,40.64,119.22,89.45,99.5,8.24,0.607,19458.7,91.3,2.01,155972.0,0.92,1.92,1,1,1,0.999,1.0,1.0
0.18,2.92,7.85,31.21,2.32,4.91,39.88,45.16,5.72,-0.229,8693.2,155.3,7.66,85172.0,75.0,0.8,0,0,0,0.0,0.003,0.001
39.6,85.98,176.63,314.59,43.74,138.13,82.01,99.5,9.05,0.383,25065.5,54.4,2.54,217751.0,0.92,1.87,1,1,1,1.0,1.0,1.0
0.53,0.75,2.2,3.45,0.83,1.31,27.86,34.11,5.11,-0.45,6875.8,170.6,6.86,82915.0,75.0,0.73,0,0,0,0.0,0.001,0.0
0.69,4.46,4.74,14.67,0.09,7.65,31.54,31.64,6.33,-0.45,10379.8,144.0,8.45,83399.0,75.0,0.75,0,0,0,0.0,0.003,0.0
16.98,33.35,71.42,131.07,16.81,39.17,59.22,68.33,6.89,0.022,13908.7,171.5,4.34,73947.0,58.26,0.32,0,0,0,0.043,0.314,0.449
75.34,171.14,363.96,640.56,70.52,195.4,87.2,99.5,9.87,0.894,32640.1,133.1,4.21,111469.0,0.92,1.24,1,1,1,1.0,1.0,1.0
0.92,5.99,10.69,21.9,2.27,4.0,28.77,35.53,6.0,-0.265,10376.6,87.7,3.22,165041.0,75.0,1.59,0,0,0,0.0,0.006,0.0
44.01,81.31,133.06,246.31,35.41,105.37,84.03,99.5,7.47,0.477,14656.3,171.0,2.82,76747.0,0.92,0.54,1,1,1,0.999,0.998,1.0
5.12,20.93,44.78,84.9,18.89,59.53,48.76,57.57,6.63,-0.151,13744.1,75.0,2.93,181795.0,75.0,2.0,0,0,1,0.001,0.353,0.657
36.38,77.78,157.71,312.25,45.37,111.25,86.88,99.5,9.24,0.299,23605.5,83.2,0.5,200934.0,0.92,1.45,1,1,1,1.0,1.0,1.0
43.53,83.97,178.07,282.0,60.31,103.3,83.5,99.5,9.02,0.499,21283.1,136.6,7.36,133880.0,0.92,1.04,1,1,1,1.0,1.0,1.0
44.76,110.5,177.56,318.43,62.3,108.51,86.08,99.5,7.82,0.486,19886.6,146.0,5.23,122562.0,0.92,1.19,1,1,1,0.999,1.0,1.0
42.84,92.25,142.63,231.63,60.97,155.01,84.57,99.5,8.68,0.403,17964.3,169.8,4.35,68860.0,0.92,0.16,1,1,1,1.0,1.0,1.0
42.38,95.05,202.73,315.28,33.98,92.73,81.54,99.5,8.93,0.63,24431.7,64.7,1.29,187927.0,0.92,2.08,1,1,1,1.0,1.0,1.0
7.74,10.2,11.86,23.61,1.12,1.3,36.1,42.48,5.85,-0.304,10691.8,150.7,4.64,100379.0,75.0,0.47,0,0,0,0.0,0.004,0.0
0.27,0.32,1.49,17.64,0.43,3.06,39.42,43.12,5.3,-0.307,9506.5,142.1,6.73,107238.0,75.0,1.15,0,0,0,0.0,0.003,0.0
1.45,3.44,3.5,8.92,1.17,2.63,27.86,32.76,6.51,-0.45,14162.9,44.3,1.99,217767.0,75.0,2.54,0,0,0,0.0,0.006,0.002
33.66,89.18,150.43,290.59,35.64,100.88,83.75,99.5,7.57,0.576,18982.7,91.1,2.03,152987.0,0.92,1.46,1,1,1,0.997,0.999,1.0
1.69,4.68,6.95,25.61,2.5,4.2,39.37,42.13,6.6,-0.392,14158.1,76.0,1.5,188176.0,75.0,2.45,0,0,0,0.0,0.055,0.004
2.71,3.09,4.87,19.23,4.13,5.49,33.12,37.82,6.95,-0.252,14035.4,79.2,3.71,178958.0,75.0,2.07,0,0,0,0.0,0.05,0.001
34.03,69.5,141.76,248.23,59.49,103.56,81.12,99.5,7.58,0.572,16104.5,177.5,3.91,77292.0,0.92,0.55,1,1,1,0.997,1.0,1.0
21.55,74.26,148.7,241.63,39.22,132.8,83.85,99.5,8.8,0.382,20516.0,128.2,4.63,136133.0,0.92,1.24,1,1,1,0.999,1.0,1.0
32.83,71.34,124.33,207.68,43.62,131.22,82.76,96.57,7.86,0.478,17248.9,139.1,5.18,129636.0,6.31,1.18,1,1,1,0.999,0.999,1.0
2.15,3.29,9.25,25.99,1.32,3.13,34.88,40.35,4.82,-0.407,7702.3,176.6,7.17,49179.0,75.0,0.1,0,0,0,0.0,0.0,0.0
7.35,20.09,45.25,115.88,21.06,42.09,53.22,61.11,6.62,-0.23,13127.6,89.7,4.52,178383.0,71.55,1.65,0,0,0,0.001,0.177,0.488
0.12,1.84,6.23,26.73,3.19,9.28,37.35,44.42,5.53,-0.297,8678.5,151.3,1.86,87568.0,75.0,0.83,0,0,0,0.0,0.002,0.001
0.71,5.73,8.08,10.29,1.01,2.47,35.98,42.95,5.72,-0.301,7227.0,98.0,0.5,144085.0,75.0,1.35,0,0,0,0.0,0.002,0.0
0.6,3.28,7.56,10.62,0.76,3.93,35.75,42.02,4.99,-0.357,5833.8,161.1,3.99,80272.0,75.0,0.71,0,0,0,0.0,0.001,0.0
6.09,25.8,46.17,118.7,18.03,39.66,63.27,72.1,7.26,-0.087,15117.2,61.2,4.13,222596.0,51.34,2.37,0,1,1,0.046,0.733,0.842
1.32,3.34,4.1,25.16,1.21,1.79,30.72,38.15,4.73,-0.421,6433.6,172.4,9.5,67518.0,75.0,0.28,0,0,0,0.0,0.001,0.0
15.35,25.62,69.66,121.75,24.56,53.12,54.09,63.85,7.36,-0.116,16893.4,66.7,4.53,223416.0,66.52,1.9,0,1,1,0.022,0.817,0.926
7.44,28.33,52.01,116.13,15.15,37.38,58.11,67.63,6.85,0.031,14171.0,82.3,2.59,189471.0,59.56,1.45,0,1,0,0.013,0.6,0.494
0.73,4.97,8.77,9.58,2.65,5.68,29.71,36.54,5.31,-0.427,8045.5,144.6,0.5,100511.0,75.0,0.27,0,0,0,0.0,0.0,0.0
35.59,84.73,168.1,277.85,32.85,119.3,85.73,99.5,8.68,0.426,22494.8,92.1,0.5,186887.0,0.92,1.79,1,1,1,0.999,1.0,1.0
36.95,98.77,160.39,293.48,38.12,115.94,85.45,99.5,7.95,0.566,18521.3,123.2,2.95,138852.0,0.92,1.1,1,1,1,0.999,0.999,1.0
28.34,69.64,174.01,262.39,56.66,102.26,79.4,99.5,8.28,0.387,19543.2,99.5,3.13,146656.0,0.92,1.46,1,1,1,0.999,1.0,1.0
13.9,23.78,54.04,93.44,27.33,54.38,52.64,61.83,6.31,-0.077,11871.3,142.6,8.33,136710.0,70.23,0.54,0,0,0,0.009,0.182,0.228
45.62,153.31,303.37,563.73,81.66,194.55,88.12,99.5,9.91,0.693,33355.6,68.1,3.45,202163.0,0.92,1.84,1,1,1,1.0,1.0,1.0
63.16,184.75,347.57,581.28,96.02,251.02,88.32,99.5,9.87,0.685,34000.0,43.5,1.7,228110.0,0.92,2.58,1,1,1,1.0,1.0,1.0
15.89,39.65,64.95,105.69,14.07,54.8,57.09,65.16,7.03,-0.069,17045.6,78.5,1.49,172979.0,64.11,1.75,0,1,1,0.042,0.505,0.781
15.8,34.85,51.74,97.65,24.68,47.14,49.46,54.46,6.46,-0.223,14015.6,103.8,1.84,173163.0,75.0,1.4,0,0,0,0.001,0.187,0.406
1.17,3.13,4.35,37.03,0.59,8.47,48.12,57.06,5.41,-0.198,13886.7,59.4,2.35,216524.0,75.0,2.09,0,0,0,0.0,0.014,0.009
33.52,72.2,172.21,315.53,59.08,134.18,86.0,99.5,8.73,0.434,22858.2,86.4,4.11,185704.0,0.92,1.27,1,1,1,0.999,1.0,1.0
14.25,37.67,56.5,90.65,12.5,53.6,62.35,72.87,7.79,0.215,14004.5,93.0,3.91,160790.0,49.93,1.73,0,1,1,0.422,0.881,0.515
67.52,148.08,270.84,473.19,100.79,245.2,86.25,99.5,10.36,0.774,31960.4,43.3,0.71,240525.0,0.92,1.88,1,1,1,1.0,1.0,1.0
16.07,37.14,53.99,120.0,20.38,57.17,58.03,62.84,6.64,0.053,13850.2,119.6,5.59,150182.0,68.37,0.88,0,0,1,0.012,0.486,0.76
64.37,163.38,284.74,551.47,78.73,205.32,87.08,99.5,8.4,0.72,22870.0,163.2,6.96,74093.0,0.92,0.22,1,1,1,1.0,1.0,1.0
25.18,74.93,177.17,273.94,37.21,91.54,83.72,99.5,8.01,0.463,22655.5,57.0,0.9,190342.0,0.92,2.0,1,1,1,0.997,0.999,1.0
67.99,169.23,295.01,531.88,105.38,201.28,88.53,99.5,9.96,0.942,28783.8,121.7,2.54,142702.0,0.92,1.03,1,1,1,1.0,1.0,1.0
1.34,3.55,5.14,16.69,0.47,6.76,34.94,40.37,6.02,-0.375,10803.2,131.4,6.23,98735.0,75.0,0.99,0,0,0,0.0,0.006,0.001
0.03,2.12,3.66,29.24,1.38,7.06,36.73,41.3,5.52,-0.352,11810.2,95.8,2.95,167316.0,75.0,1.23,0,0,0,0.0,0.002,0.003
43.1,91.47,194.29,332.39,33.79,79.5,83.98,99.5,8.98,0.56,22051.9,136.7,8.69,109300.0,0.92,1.22,1,1,1,1.0,1.0,1.0
40.43,94.17,173.88,325.18,61.63,107.83,86.42,99.5,9.05,0.572,22794.2,94.6,4.16,184813.0,0.92,1.77,1,1,1,1.0,1.0,1.0
0.56,6.2,13.06,28.38,0.22,3.61,41.29,47.41,5.93,-0.204,12309.5,108.2,2.84,144300.0,75.0,1.27,0,0,0,0.0,0.01,0.003
34.55,76.23,172.66,277.62,51.72,111.62,87.4,99.5,9.13,0.441,26386.4,36.1,1.26,253330.0,0.92,2.21,1,1,1,1.0,1.0,1.0
6.1,23.02,47.22,80.78,13.97,47.54,44.87,54.26,6.41,-0.086,12190.0,135.3,4.89,109928.0,75.0,0.76,0,0,0,0.001,0.118,0.1
0.13,0.36,11.89,13.25,0.94,1.44,30.78,33.42,5.89,-0.387,10419.5,130.9,2.87,137926.0,75.0,0.91,0,0,0,0.0,0.001,0.0
17.21,33.39,51.72,120.16,25.62,67.65,46.5,61.88,7.07,0.131,19261.6,40.6,0.75,262223.0,70.13,1.87,0,1,1,0.022,0.932,0.966
73.23,146.51,306.04,499.8,97.43,224.7,83.04,99.5,9.97,0.905,29690.4,88.4,4.21,157904.0,0.92,1.32,1,1,1,1.0,1.0,1.0
14.43,25.5,53.61,105.21,29.62,45.19,51.74,64.83,6.5,-0.111,12041.5,177.0,8.89,72029.0,64.72,0.6,0,0,0,0.006,0.416,0.183
40.4,79.29,134.11,240.36,54.53,131.84,85.42,99.5,8.85,0.607,20753.5,96.0,4.4,206024.0,0.92,1.59,1,1,1,1.0,1.0,1.0
1.19,4.91,5.97,18.02,2.03,5.75,38.15,42.05,5.96,-0.32,9326.9,107.8,6.71,151660.0,75.0,1.82,0,0,0,0.0,0.005,0.001
34.86,78.72,183.58,341.66,54.12,118.55,84.55,99.5,8.15,0.472,18886.4,166.9,4.21,80599.0,0.92,0.4,1,1,1,0.999,1.0,1.0
66.49,142.99,285.7,562.35,87.39,212.24,87.96,99.5,10.11,0.852,29652.4,139.0,9.05,125024.0,0.92,0.78,1,1,1,1.0,1.0,1.0
17.4,40.47,72.53,115.98,12.34,53.25,58.19,70.73,6.16,0.018,13303.8,119.4,2.24,137336.0,53.86,1.04,0,0,0,0.015,0.336,0.478
3.03,4.74,5.13,16.32,0.92,1.52,29.76,39.14,5.04,-0.342,6549.8,150.7,2.53,73574.0,75.0,0.62,0,0,0,0.0,0.0,0.0
16.95,29.02,65.35,116.82,26.56,62.58,54.4,61.87,6.09,-0.04,12436.1,160.3,0.53,104585.0,70.16,0.38,0,0,1,0.004,0.225,0.595
49.93,146.9,280.28,520.19,87.23,194.45,87.5,99.5,8.91,0.7,25624.3,101.2,2.73,128457.0,0.92,1.51,1,1,1,1.0,1.0,1.0
0.48,0.78,1.75,16.74,1.88,3.42,34.86,40.7,5.27,-0.365,8419.9,103.9,2.69,149079.0,75.0,1.4,0,0,0,0.0,0.001,0.001
15.87,32.1,70.94,140.0,26.96,67.45,64.57,70.6,6.93,0.075,17778.3,91.0,4.05,188939.0,54.09,1.42,0,1,1,0.071,0.869,0.975
1.36,4.82,10.82,13.05,0.71,1.1,30.61,34.52,5.52,-0.369,6801.6,175.2,6.9,64445.0,75.0,0.74,0,0,0,0.0,0.001,0.0
7.46,28.69,72.11,135.79,27.72,52.26,66.55,77.12,6.89,0.073,11374.6,136.1,1.84,106288.0,42.1,1.5,0,1,1,0.058,0.632,0.674
16.0,29.75,71.58,141.48,29.67,69.49,58.4,69.98,7.27,0.022,18322.7,47.1,1.31,236708.0,55.24,2.55,0,1,1,0.181,0.931,0.994
60.93,137.53,326.22,546.18,102.91,213.88,81.32,99.5,8.42,0.851,27036.6,160.1,4.53,75078.0,0.92,0.75,1,1,1,1.0,1.0,1.0
5.38,14.27,49.38,85.11,24.91,52.49,49.77,59.33,6.25,-0.052,12568.3,104.7,0.5,136049.0,74.83,1.6,0,0,0,0.001,0.241,0.263
12.32,33.94,56.53,107.18,24.59,67.14,60.5,66.53,7.33,0.144,17651.1,45.0,0.78,230155.0,61.59,2.79,0,1,1,0.059,0.879,0.969
27.26,87.17,194.24,326.15,61.25,152.93,85.05,99.5,8.77,0.346,19562.4,114.7,2.42,139605.0,0.92,1.46,1,1,1,0.999,1.0,1.0
3.18,6.73,9.94,11.17,0.5,1.54,31.46,38.16,5.78,-0.319,12095.9,95.5,5.81,146758.0,75.0,1.33,0,0,0,0.0,0.001,0.0
5.43,15.17,39.01,73.54,13.39,30.02,41.57,51.57,6.33,-0.326,10049.3,162.3,6.24,94826.0,75.0,0.67,0,0,0,0.0,0.037,0.015
30.41,98.27,197.0,349.39,56.1,109.54,85.92,99.5,8.81,0.36,24814.4,64.6,3.03,209472.0,0.92,2.14,1,1,1,0.999,1.0,1.0
1.45,4.96,8.09,27.83,0.15,3.31,34.47,43.86,5.83,-0.244,8731.1,154.8,1.24,88799.0,75.0,0.36,0,0,0,0.0,0.003,0.0
0.78,4.87,5.42,8.29,1.64,11.93,35.76,41.02,5.83,-0.343,8485.3,115.9,6.55,136592.0,75.0,1.13,0,0,0,0.0,0.001,0.0
6.08,26.72,47.88,83.15,17.9,50.39,53.75,64.59,7.4,-0.162,16727.6,42.9,2.51,235554.0,65.16,2.59,0,1,1,0.005,0.685,0.614
15.75,34.54,64.29,108.57,15.85,53.97,54.61,65.01,5.75,0.078,9767.6,175.9,0.5,86754.0,64.38,0.1,0,0,0,0.005,0.076,0.113
0.15,0.54,5.63,44.57,0.26,3.55,38.89,43.86,5.79,-0.289,11005.5,109.3,2.44,144563.0,75.0,0.93,0,0,0,0.0,0.008,0.001
54.57,126.11,311.02,522.22,61.19,212.83,82.2,99.5,10.6,0.5,33851.4,77.2,3.39,197208.0,0.92,1.72,1,1,1,1.0,1.0,1.0
11.96,32.49,60.2,99.44,19.31,42.94,56.05,65.93,6.31,0.074,15064.6,103.1,4.8,164801.0,62.7,1.51,0,0,1,0.015,0.378,0.629
27.42,88.17,143.82,255.58,49.13,128.17,80.76,99.5,8.14,0.425,16877.7,159.4,3.63,101922.0,0.92,0.19,1,1,1,0.998,1.0,1.0
1.2,6.64,26.15,59.4,2.89,6.94,49.53,58.6,5.84,-0.227,11827.1,79.2,2.34,185536.0,75.0,1.7,0,0,0,0.0,0.015,0.011
46.42,148.43,318.16,515.97,79.24,202.64,85.82,99.5,9.56,0.502,32035.2,62.9,1.53,190789.0,0.92,2.32,1,1,1,1.0,1.0,1.0
42.67,88.1,162.05,294.29,36.51,122.43,86.55,99.5,8.61,0.609,23546.0,53.7,1.99,208604.0,0.92,2.12,1,1,1,1.0,1.0,1.0
36.65,85.74,179.07,281.42,57.11,100.99,87.41,99.5,8.45,0.474,22878.3,78.2,4.42,191315.0,0.92,2.04,1,1,1,1.0,1.0,1.0
10.55,23.0,62.5,130.13,26.84,61.38,66.71,76.54,6.83,0.048,12562.0,148.1,3.13,129549.0,43.16,0.58,0,1,1,0.056,0.717,0.955
15.34,30.8,66.14,97.7,27.61,63.16,49.39,59.3,6.61,-0.031,12890.8,103.4,5.48,148677.0,74.88,1.15,0,1,1,0.003,0.538,0.509
16.26,37.36,60.96,104.6,25.99,46.53,53.67,68.46,7.14,0.092,15892.9,68.0,1.42,210490.0,58.02,2.15,0,1,1,0.077,0.912,0.842
22.77,58.37,126.27,214.22,58.06,124.71,82.37,94.0,7.65,0.351,18975.5,59.1,1.17,204163.0,11.05,2.14,1,1,1,0.989,0.999,1.0
26.31,85.4,139.62,277.71,47.55,87.9,83.26,99.5,8.91,0.53,20889.3,83.2,4.14,181762.0,0.92,1.33,1,1,1,1.0,1.0,1.0
0.46,3.93,4.76,43.97,4.54,9.81,38.73,49.81,5.61,-0.406,7904.6,171.3,8.84,97184.0,75.0,0.18,0,0,0,0.0,0.004,0.001
48.14,139.37,276.21,435.48,109.98,201.76,89.25,99.5,10.15,0.581,29923.4,84.7,4.26,189778.0,0.92,2.13,1,1,1,1.0,1.0,1.0
57.61,180.42,303.42,509.15,108.78,208.57,84.42,99.5,8.05,0.809,24503.5,178.3,2.02,47447.0,0.92,0.1,1,1,1,1.0,1.0,1.0
14.14,23.5,56.53,103.48,23.99,51.98,54.72,62.94,6.76,0.147,12731.3,105.4,2.8,144983.0,68.2,1.65,0,0,0,0.011,0.47,0.498
0.43,2.4,3.0,23.21,2.78,5.53,33.43,38.66,5.97,-0.264,13368.9,61.0,3.04,225669.0,75.0,1.86,0,0,0,0.0,0.018,0.002
29.18,100.79,188.85,291.64,58.23,133.16,84.54,99.5,8.4,0.478,18733.8,164.2,5.87,85070.0,0.92,0.52,1,1,1,0.999,1.0,1.0
6.65,16.59,59.74,104.13,23.27,39.36,47.05,56.5,7.28,-0.076,13631.1,101.8,1.59,140666.0,75.0,1.51,0,1,0,0.007,0.552,0.225
33.91,78.16,136.54,278.42,58.33,137.67,83.12,99.5,7.65,0.553,18845.2,137.9,5.96,102233.0,0.92,0.27,1,1,1,0.998,1.0,1.0
20.28,66.68,138.33,273.6,56.44,130.98,90.14,99.5,7.94,0.303,15376.0,177.6,3.93,77387.0,0.92,0.1,1,1,1,0.99,0.999,1.0
1.87,3.26,6.38,7.18,1.11,3.1,26.05,34.93,6.0,-0.325,14099.9,42.3,2.85,244186.0,75.0,2.29,0,0,0,0.0,0.008,0.001
12.95,27.37,49.53,91.41,12.68,48.71,49.38,59.37,6.26,-0.136,16254.2,49.0,3.08,221443.0,74.76,1.95,0,0,1,0.002,0.263,0.745
13.09,30.94,61.87,110.25,25.37,68.04,56.69,69.32,7.13,0.036,13420.2,139.5,6.4,149770.0,56.46,1.18,0,1,1,0.085,0.707,0.821
62.6,157.14,281.79,515.69,87.9,246.94,85.87,99.5,10.54,0.733,30116.0,75.9,4.51,201325.0,0.92,1.31,1,1,1,1.0,1.0,1.0
1.05,1.9,5.22,55.37,2.57,3.05,45.1,54.28,7.13,-0.182,12077.5,61.7,2.23,202279.0,75.0,2.16,0,0,0,0.002,0.137,0.01
0.5,1.39,9.17,20.5,3.32,4.0,35.26,42.96,6.59,-0.363,14633.9,40.7,1.99,218915.0,75.0,1.88,0,0,0,0.0,0.017,0.006
42.7,80.03,152.52,233.66,36.45,129.37,86.18,99.5,8.31,0.579,23967.4,38.2,2.35,219575.0,0.92,2.22,1,1,1,1.0,1.0,1.0
0.1,0.49,10.84,25.71,1.05,1.29,43.03,44.93,5.7,-0.388,9840.3,147.3,5.81,108271.0,75.0,0.45,0,0,0,0.0,0.004,0.001
15.21,31.58,56.27,104.31,20.11,51.64,50.04,61.32,7.21,-0.05,17667.5,54.5,1.66,207277.0,71.17,2.66,0,1,1,0.032,0.636,0.838
2.05,5.74,11.57,27.25,2.84,6.8,31.76,41.92,6.46,-0.22,11794.7,102.8,0.5,181723.0,75.0,1.0,0,0,0,0.0,0.017,0.002
16.28,33.76,64.39,129.45,13.32,51.63,63.78,74.85,6.72,-0.045,12517.1,122.9,4.12,154569.0,46.28,1.08,0,0,1,0.043,0.392,0.885
17.17,30.21,63.54,95.17,25.32,57.11,52.72,59.56,6.38,-0.01,17565.0,97.1,4.84,172963.0,74.4,0.97,0,0,1,0.005,0.477,0.771
13.76,24.19,63.47,106.27,23.7,56.49,54.87,65.18,7.1,0.11,14477.9,38.9,2.03,215598.0,64.06,2.8,0,1,1,0.05,0.685,0.874
71.15,144.17,320.93,572.27,83.74,196.45,86.16,99.5,9.48,0.929,27724.7,148.6,6.55,91587.0,0.92,0.87,1,1,1,1.0,1.0,1.0
0.5,7.08,12.7,27.1,5.2,6.7,31.23,38.35,6.65,-0.352,14014.2,36.5,0.92,255006.0,75.0,2.39,0,0,0,0.0,0.009,0.004
13.19,32.85,77.74,129.1,18.0,35.54,65.41,69.92,6.82,0.091,13062.6,145.5,0.5,96985.0,55.35,1.24,0,0,0,0.033,0.479,0.353
6.28,22.98,43.12,76.76,29.3,72.84,55.23,63.17,6.31,-0.153,9292.8,164.5,4.29,99397.0,67.77,0.57,0,0,0,0.002,0.236,0.186
9.23,30.66,71.83,125.07,14.47,33.37,58.81,70.62,7.32,0.056,16951.3,97.8,2.89,169805.0,54.06,1.54,0,1,1,0.137,0.743,0.781
6.83,28.38,54.91,119.59,20.77,47.61,64.14,77.67,7.06,0.131,13642.4,112.7,3.31,145591.0,41.09,1.3,0,1,1,0.106,0.797,0.764
0.16,1.17,8.51,28.52,0.06,0.59,39.66,45.86,5.77,-0.281,12108.3,104.2,4.81,144462.0,75.0,1.55,0,0,0,0.0,0.004,0.002
75.24,165.38,333.3,552.08,92.6,176.9,86.26,99.5,10.33,0.979,32666.9,91.4,6.47,168864.0,0.92,1.42,1,1,1,1.0,1.0,1.0
17.1,25.46,40.7,82.01,29.87,47.05,41.81,53.04,6.04,-0.152,11070.3,163.7,6.09,86433.0,75.0,0.47,0,0,0,0.001,0.214,0.045
2.49,2.92,3.39,21.5,3.75,9.25,33.43,39.29,5.38,-0.424,6488.0,164.6,5.12,97944.0,75.0,0.76,0,0,0,0.0,0.001,0.0
8.13,31.09,48.25,95.35,19.26,36.3,49.98,56.61,6.31,-0.068,15078.0,83.7,2.54,166282.0,75.0,1.76,0,0,0,0.001,0.222,0.192
1.04,3.09,22.5,34.16,1.01,6.48,38.09,43.84,6.38,-0.11,10228.5,124.2,4.62,127036.0,75.0,1.06,0,0,0,0.0,0.016,0.001
0.49,2.39,2.62,7.3,1.5,5.74,31.34,35.03,5.29,-0.379,7067.3,169.4,3.4,77390.0,75.0,0.1,0,0,0,0.0,0.001,0.0
0.13,4.11,13.33,17.29,2.9,3.6,37.89,40.19,5.85,-0.276,8738.1,174.5,6.48,80542.0,75.0,0.83,0,0,0,0.0,0.005,0.0
0.89,4.88,6.84,7.16,1.55,8.07,26.82,40.7,5.77,-0.45,10246.3,108.8,4.69,135814.0,75.0,1.12,0,0,0,0.0,0.004,0.0
0.14,0.21,6.84,10.57,0.91,1.22,32.04,37.05,5.76,-0.324,9003.7,100.7,3.9,139460.0,75.0,1.73,0,0,0,0.0,0.002,0.0
6.26,24.7,56.27,100.89,19.05,45.7,50.88,66.78,6.11,-0.104,15385.6,75.4,3.26,199617.0,61.13,1.85,0,0,1,0.005,0.496,0.793
14.04,36.69,74.64,104.86,11.99,39.87,51.58,60.81,5.88,0.124,8840.7,174.0,7.45,48387.0,72.11,0.1,0,0,0,0.005,0.052,0.078
16.07,28.1,69.47,104.97,11.45,53.85,60.88,67.8,7.29,0.104,19220.4,55.7,0.5,232425.0,59.25,2.45,0,1,1,0.134,0.895,0.956
0.21,1.77,3.35,5.26,2.0,13.6,29.25,34.79,5.35,-0.385,9092.1,119.1,5.53,134771.0,75.0,1.25,0,0,0,0.0,0.001,0.0
71.32,162.55,336.61,496.66,89.0,206.56,82.24,99.5,10.51,0.815,32070.1,76.0,1.74,165623.0,0.92,2.19,1,1,1,1.0,1.0,1.0
29.0,93.58,150.69,273.31,59.9,111.0,86.64,99.5,7.88,0.538,21542.8,75.5,1.15,182246.0,0.92,1.74,1,1,1,0.998,1.0,1.0
55.58,165.22,344.75,524.42,77.99,217.19,84.92,99.5,10.57,0.806,33208.5,93.7,1.42,173222.0,0.92,1.74,1,1,1,1.0,1.0,1.0
8.71,28.04,47.8,98.37,23.77,52.57,57.95,67.63,6.42,-0.097,10133.3,179.8,7.7,56220.0,59.57,0.1,0,0,0,0.009,0.165,0.199
5.25,20.16,43.81,78.87,10.18,26.55,53.34,56.4,7.65,-0.067,17464.0,43.0,1.33,228736.0,75.0,2.11,0,1,0,0.006,0.623,0.196
3.58,7.04,18.28,19.74,1.69,1.99,37.86,48.97,5.35,-0.158,11982.5,118.9,0.56,148435.0,75.0,0.79,0,0,0,0.0,0.005,0.001
20.67,74.32,163.1,248.19,42.78,87.74,82.98,99.5,9.04,0.375,23398.0,47.0,2.05,220600.0,0.92,2.09,1,1,1,0.998,1.0,1.0
0.54,2.14,3.78,14.09,1.76,3.17,38.09,43.71,6.38,-0.247,13293.6,57.4,0.52,197058.0,75.0,2.19,0,0,0,0.0,0.011,0.001
0.59,2.05,3.93,21.09,0.3,7.11,37.16,40.13,5.88,-0.298,11187.7,98.7,3.7,157031.0,75.0,1.28,0,0,0,0.0,0.009,0.001
9.31,29.61,71.13,145.5,19.05,41.75,61.94,75.69,7.56,-0.043,14115.9,109.0,4.28,170403.0,44.73,1.57,0,1,1,0.128,0.854,0.876
12.87,24.0,62.72,128.29,25.91,53.91,58.81,70.4,6.47,0.061,16966.2,72.5,3.69,218246.0,54.46,1.58,0,1,1,0.015,0.613,0.933
12.25,21.99,57.62,111.96,20.18,60.59,55.08,65.0,6.77,-0.029,13663.0,80.9,5.43,152638.0,64.4,1.98,0,1,1,0.016,0.552,0.809
1.78,3.69,5.45,12.54,0.86,1.44,31.32,37.29,7.03,-0.442,16312.8,47.6,0.5,239233.0,75.0,2.58,0,0,0,0.0,0.017,0.004
13.4,33.15,77.29,130.07,29.95,50.56,63.92,73.15,6.62,-0.002,16339.5,79.0,2.69,188992.0,49.4,2.05,0,1,1,0.037,0.856,0.935
71.27,200.95,368.58,571.91,85.76,233.4,84.45,99.5,10.25,0.726,31441.6,175.2,5.26,83679.0,0.92,0.27,1,1,1,1.0,1.0,1.0
43.48,96.63,192.98,347.67,39.87,107.0,86.2,99.5,8.44,0.441,20155.0,172.0,7.36,65364.0,0.92,0.1,1,1,1,1.0,1.0,1.0
17.94,31.95,65.54,128.39,13.08,52.28,58.54,72.41,5.95,0.053,13302.7,83.6,3.25,153207.0,50.76,1.85,0,0,1,0.023,0.256,0.82
10.37,26.87,61.16,111.68,16.5,47.89,51.55,60.22,7.15,0.011,14191.1,117.8,3.37,147439.0,73.2,1.15,0,0,1,0.013,0.296,0.53
0.51,1.93,2.39,24.75,1.06,1.36,37.54,44.06,5.23,-0.414,8656.6,166.9,4.52,65616.0,75.0,0.19,0,0,0,0.0,0.001,0.001
1.87,1.92,5.58,20.14,0.42,0.92,33.51,36.94,6.53,-0.45,11564.9,35.9,0.53,216100.0,75.0,2.19,0,0,0,0.0,0.004,0.001
0.15,12.67,18.3,22.8,0.82,4.48,36.54,35.57,5.43,-0.232,7062.2,152.5,8.05,77165.0,75.0,1.12,0,0,0,0.0,0.002,0.0
10.95,23.56,40.28,109.47,27.76,48.94,62.26,70.44,6.35,-0.063,9772.0,172.5,7.46,81997.0,54.4,0.1,0,0,0,0.006,0.388,0.286
21.59,61.33,136.19,240.13,32.57,97.59,82.82,99.5,9.11,0.364,22752.0,48.2,2.49,224201.0,0.92,2.32,1,1,1,0.999,1.0,1.0
7.65,16.79,51.53,110.15,26.53,50.6,56.53,64.65,7.55,-0.028,16881.6,58.4,1.72,221645.0,65.05,2.1,0,1,1,0.033,0.896,0.909
0.18,1.29,7.32,10.65,0.59,1.15,35.97,42.46,4.67,-0.344,7904.7,174.3,4.04,80866.0,75.0,0.27,0,0,0,0.0,0.001,0.0
17.82,42.27,77.01,117.75,25.33,57.85,57.24,68.33,6.44,0.061,15966.0,112.9,1.76,138154.0,58.26,1.45,0,1,1,0.026,0.74,0.814
1.66,6.58,8.12,37.52,4.58,7.35,34.36,41.98,6.38,-0.381,14534.8,37.1,1.54,234473.0,75.0,2.83,0,0,0,0.0,0.008,0.006
37.11,88.56,177.86,301.78,41.3,99.05,83.12,99.5,8.33,0.465,23128.6,72.4,1.18,185500.0,0.92,1.75,1,1,1,0.999,1.0,1.0
1.27,9.11,10.01,15.99,3.28,3.74,28.66,37.09,6.58,-0.336,11670.1,100.2,6.84,156555.0,75.0,1.37,0,0,0,0.0,0.005,0.001
17.92,37.45,79.78,151.68,25.54,41.53,61.38,76.02,6.78,0.033,15376.6,135.5,1.55,102925.0,44.12,1.12,0,1,1,0.216,0.878,0.905
10.28,21.72,62.86,126.87,12.14,37.93,58.42,66.81,6.72,0.091,13232.4,141.3,5.64,116287.0,61.08,1.13,0,0,0,0.026,0.342,0.395
0.09,3.45,5.62,8.83,1.46,1.61,21.37,26.18,5.46,-0.45,8388.4,179.3,9.5,80923.0,75.0,0.27,0,0,0,0.0,0.0,0.0
0.36,0.84,11.51,17.19,1.76,4.2,33.91,39.36,6.7,-0.335,10060.9,76.7,3.51,175724.0,75.0,1.68,0,0,0,0.0,0.008,0.001
13.57,26.31,44.94,79.01,13.87,43.35,43.28,53.48,6.92,-0.187,13338.7,113.0,4.31,163569.0,75.0,0.59,0,0,0,0.005,0.18,0.094
0.32,1.75,1.86,13.72,4.21,4.38,34.83,39.28,5.22,-0.315,8520.4,112.3,1.97,146905.0,75.0,1.03,0,0,0,0.0,0.002,0.0
7.83,21.24,44.85,76.87,12.13,54.51,45.79,55.94,6.8,-0.216,13915.4,93.8,0.95,171034.0,75.0,1.19,0,0,0,0.001,0.251,0.423
37.78,111.12,187.55,337.87,58.58,146.7,81.23,99.5,9.39,0.571,25446.5,59.5,2.91,183074.0,0.92,2.23,1,1,1,1.0,1.0,1.0
0.05,2.69,6.04,15.49,1.4,6.97,37.13,39.07,5.01,-0.292,3746.8,176.7,9.5,40814.0,75.0,0.27,0,0,0,0.0,0.0,0.0
17.58,39.68,80.79,134.98,23.81,51.28,58.89,68.67,6.54,0.137,14614.4,158.7,4.3,91685.0,57.65,0.52,0,1,1,0.026,0.64,0.718
59.41,183.13,374.6,610.11,101.89,210.72,83.79,99.5,11.2,0.701,34000.0,107.3,1.55,163136.0,0.92,1.34,1,1,1,1.0,1.0,1.0
10.64,32.6,59.54,91.54,17.07,44.01,47.91,56.94,6.09,0.018,13679.6,122.5,0.5,122965.0,75.0,0.86,0,0,0,0.002,0.212,0.393
51.19,141.83,335.93,596.13,82.3,219.09,83.68,99.5,10.66,0.662,34000.0,68.0,1.18,223508.0,0.92,2.37,1,1,1,1.0,1.0,1.0
0.2,3.69,6.27,21.66,2.07,2.99,33.12,37.51,5.77,-0.372,13007.9,113.8,3.75,154405.0,75.0,1.63,0,0,0,0.0,0.003,0.001
40.87,98.75,195.81,283.33,51.54,107.59,80.71,99.5,8.64,0.599,21252.4,135.8,8.66,103450.0,0.92,1.42,1,1,1,1.0,1.0,1.0
16.19,40.33,57.01,123.22,12.06,52.78,54.03,68.87,6.55,-0.078,12604.4,109.7,5.17,148824.0,57.28,1.51,0,0,1,0.022,0.385,0.793
23.11,65.91,131.01,269.24,40.24,113.02,84.86,99.5,7.4,0.359,17530.0,178.6,7.23,102844.0,0.92,0.31,1,1,1,0.969,0.996,1.0
1.02,2.3,5.41,6.92,4.18,4.99,24.25,33.65,3.93,-0.364,5419.5,123.6,3.44,112988.0,75.0,1.59,0,0,0,0.0,0.0,0.0
2.55,4.37,8.18,11.75,0.5,2.86,27.86,38.38,6.18,-0.385,10907.2,88.8,2.18,181375.0,75.0,1.4,0,0,0,0.0,0.003,0.001
0.37,1.75,4.07,7.86,0.69,13.32,30.44,33.15,4.95,-0.406,7178.7,147.0,8.86,98804.0,75.0,0.51,0,0,0,0.0,0.0,0.0
68.5,188.41,302.53,442.8,85.96,232.1,84.99,99.5,9.9,0.965,30357.2,59.7,2.31,218943.0,0.92,1.84,1,1,1,1.0,1.0,1.0
12.94,31.46,50.64,129.57,20.59,38.67,55.9,65.24,7.97,-0.074,17184.1,90.8,0.5,190103.0,63.97,1.73,0,1,1,0.07,0.886,0.672
61.57,135.89,283.52,523.14,76.18,181.22,81.78,99.5,10.2,0.826,31042.6,85.3,1.95,171836.0,0.92,1.42,1,1,1,1.0,1.0,1.0
0.87,2.59,5.11,13.84,0.1,2.35,34.31,36.27,4.83,-0.422,12257.0,97.6,1.91,179649.0,75.0,1.43,0,0,0,0.0,0.002,0.001
5.8,9.41,10.77,24.35,0.8,1.54,38.15,41.93,5.44,-0.269,11188.9,148.4,3.73,135288.0,75.0,0.27,0,0,0,0.0,0.005,0.0
1.78,2.37,10.2,15.94,2.83,3.88,35.21,45.42,5.28,-0.244,11323.9,105.2,4.75,154748.0,75.0,1.51,0,0,0,0.0,0.01,0.001
13.49,25.1,40.75,111.48,27.12,68.54,56.76,67.1,6.16,0.077,11894.4,150.1,4.96,111615.0,60.54,0.27,0,0,1,0.006,0.289,0.576
20.91,86.34,186.5,291.43,46.47,108.9,83.55,99.5,8.58,0.385,22649.4,118.6,3.99,128834.0,0.92,0.9,1,1,1,0.995,1.0,1.0
10.72,33.12,60.65,105.77,12.61,47.85,63.67,75.04,7.91,0.109,13549.5,84.6,4.96,178769.0,45.92,2.03,0,1,1,0.218,0.855,0.766
48.37,122.04,293.38,530.58,69.95,226.53,87.29,99.5,9.83,0.615,27574.2,152.4,3.42,94414.0,0.92,1.05,1,1,1,1.0,1.0,1.0
1.86,4.76,10.38,16.75,1.22,8.36,30.59,37.11,6.52,-0.39,14759.0,69.6,4.77,208492.0,75.0,1.99,0,0,0,0.0,0.011,0.004
5.33,26.97,55.4,108.6,16.51,49.73,54.66,61.42,7.19,-0.035,16020.2,67.5,1.55,217028.0,70.99,1.99,0,1,1,0.005,0.554,0.57
36.89,78.32,162.26,279.46,57.37,127.36,80.25,99.5,8.51,0.368,20203.2,108.2,3.96,148572.0,0.92,1.17,1,1,1,0.999,1.0,1.0
0.67,2.56,5.25,38.09,0.75,0.88,37.91,46.41,5.51,-0.322,12473.2,72.8,2.18,215617.0,75.0,1.6,0,0,0,0.0,0.007,0.003
1.3,3.62,13.25,14.75,1.48,2.05,38.85,46.89,6.23,-0.299,16338.3,36.3,1.35,259370.0,75.0,2.24,0,0,0,0.0,0.035,0.004
10.92,32.51,73.24,144.93,20.95,54.97,63.95,76.82,7.26,0.08,14664.6,129.0,5.55,137899.0,42.65,0.57,0,1,1,0.311,0.832,0.915
0.96,3.02,11.68,14.5,1.16,4.45,31.43,36.9,5.75,-0.294,10589.4,109.1,4.67,141329.0,75.0,1.39,0,0,0,0.0,0.004,0.0
75.61,191.33,311.88,482.95,105.58,214.18,84.97,99.5,9.82,0.918,29413.3,99.6,2.14,151302.0,0.92,1.46,1,1,1,1.0,1.0,1.0
45.11,127.1,324.36,507.72,90.69,228.82,85.15,99.5,10.2,0.58,28415.5,175.2,2.59,57562.0,0.92,0.1,1,1,1,1.0,1.0,1.0
36.16,86.27,162.09,309.13,53.2,94.49,86.79,99.5,8.01,0.574,19970.7,117.8,9.43,152849.0,0.92,1.66,1,1,1,0.998,1.0,1.0
25.09,71.54,143.47,269.62,42.83,128.2,86.41,99.5,7.58,0.419,16235.9,160.2,4.21,69586.0,0.92,0.76,1,1,1,0.993,0.998,1.0
0.77,2.51,4.74,9.21,2.58,3.49,26.3,35.36,6.44,-0.371,14702.7,55.2,2.63,223888.0,75.0,2.29,0,0,0,0.0,0.014,0.002
1.4,3.29,3.72,3.94,0.37,5.38,34.5,40.15,4.58,-0.207,6916.0,117.5,0.71,122741.0,75.0,1.05,0,0,0,0.0,0.0,0.0
29.61,96.81,176.92,259.54,59.61,151.11,83.04,99.5,7.63,0.52,19537.1,160.9,4.82,99325.0,0.92,0.57,1,1,1,0.995,1.0,1.0
5.96,17.51,53.97,133.83,27.53,45.49,71.87,82.14,7.68,0.273,14396.5,119.6,3.91,136798.0,32.87,1.35,1,1,1,0.632,0.952,0.892
12.89,32.2,66.13,124.53,15.84,50.9,61.37,68.39,6.64,-0.141,13491.2,139.1,6.05,133070.0,58.16,0.93,0,0,1,0.016,0.394,0.67
38.21,96.24,176.07,273.59,49.07,96.12,86.68,99.5,8.76,0.632,24408.1,88.9,0.5,190386.0,0.92,2.08,1,1,1,1.0,1.0,1.0
5.95,27.17,62.46,124.91,28.56,54.99,62.47,67.88,7.46,0.061,17606.6,48.4,1.84,243440.0,59.1,2.12,0,1,1,0.029,0.941,0.949
0.61,1.95,4.45,13.08,3.01,3.87,35.03,39.0,5.48,-0.407,12965.5,101.4,1.45,180238.0,75.0,1.27,0,0,0,0.0,0.002,0.001
30.85,86.06,146.2,282.36,31.97,104.19,87.07,99.5,8.04,0.445,19142.9,92.2,3.77,171515.0,0.92,1.74,1,1,1,0.999,0.999,1.0
7.63,15.77,40.24,91.7,26.35,53.58,52.59,64.21,5.75,-0.065,8844.7,160.7,2.63,69750.0,65.86,0.2,0,0,0,0.001,0.155,0.132
42.89,111.59,173.15,265.61,38.53,98.32,84.51,99.5,9.06,0.539,24125.4,70.4,1.38,179757.0,0.92,2.14,1,1,1,1.0,1.0,1.0
12.59,22.69,53.66,112.69,23.22,54.72,56.52,64.47,5.27,-0.047,9699.1,175.2,5.27,38486.0,65.38,0.1,0,0,0,0.002,0.023,0.243
2.09,4.66,15.0,29.48,1.15,1.97,34.95,40.26,4.65,-0.062,4983.1,173.9,2.79,55029.0,75.0,0.58,0,0,0,0.0,0.0,0.0
0.01,0.25,1.09,4.02,2.71,4.42,26.81,34.23,5.73,-0.398,11958.1,70.9,1.87,195944.0,75.0,1.66,0,0,0,0.0,0.002,0.0
28.11,65.21,147.53,276.56,60.73,128.38,82.27,99.5,8.06,0.474,19758.7,85.5,1.16,169044.0,0.92,1.79,1,1,1,0.996,1.0,1.0
5.1,14.21,37.34,74.3,25.41,43.65,44.22,57.34,6.54,-0.124,10551.5,164.9,0.5,79471.0,75.0,0.79,0,0,0,0.001,0.104,0.05
7.09,26.43,48.61,127.07,27.26,64.6,59.22,68.58,5.87,-0.033,9673.1,175.2,9.34,77198.0,57.82,0.42,0,0,0,0.003,0.145,0.311
9.46,18.43,43.52,92.35,12.55,31.17,51.16,63.22,7.86,-0.152,13299.7,99.3,1.16,156281.0,67.67,1.09,0,1,0,0.045,0.687,0.123
13.69,25.64,60.98,118.39,28.03,66.94,64.24,73.6,7.41,0.144,15256.6,81.5,2.59,165319.0,48.57,1.44,0,1,1,0.138,0.96,0.955
0.2,2.55,6.79,30.56,2.05,2.58,38.73,43.43,5.4,-0.323,8782.1,111.3,5.4,145661.0,75.0,1.06,0,0,0,0.0,0.001,0.001
8.36,27.2,69.56,144.13,17.18,57.1,65.58,76.5,7.03,-0.087,12773.0,134.7,3.22,104851.0,43.23,0.38,0,1,1,0.05,0.677,0.887
0.86,2.42,4.15,17.75,1.83,3.47,42.68,49.06,6.29,-0.253,10753.9,74.7,1.5,186354.0,75.0,2.14,0,0,0,0.0,0.017,0.002
14.92,29.37,61.9,111.52,12.34,32.17,60.89,68.64,6.49,0.062,12502.1,141.8,5.54,129995.0,57.71,0.88,0,0,0,0.015,0.235,0.32
13.54,35.33,64.38,110.66,16.73,49.66,57.74,64.55,7.7,0.083,17150.5,42.5,2.34,224954.0,65.23,1.92,0,1,1,0.113,0.936,0.832
0.76,0.76,6.66,8.51,2.25,3.72,26.19,37.38,6.18,-0.45,15960.0,42.1,0.59,255987.0,75.0,2.71,0,0,0,0.0,0.01,0.005
12.51,35.05,54.68,123.56,10.77,53.41,53.8,61.22,7.02,-0.057,14574.9,91.0,2.94,192260.0,71.35,1.36,0,0,1,0.005,0.366,0.659
7.62,29.13,46.14,92.49,22.67,57.44,54.34,62.49,6.57,-0.141,13260.8,86.3,0.5,167806.0,69.01,1.71,0,0,1,0.002,0.196,0.526
1.44,2.52,6.91,13.62,1.67,4.44,31.8,36.54,6.01,-0.431,11603.7,80.8,2.26,166413.0,75.0,1.47,0,0,0,0.0,0.004,0.0
51.73,172.52,360.56,529.09,80.83,198.02,85.76,99.5,10.48,0.681,34000.0,106.2,3.78,151774.0,0.92,0.75,1,1,1,1.0,1.0,1.0
0.96,1.01,6.7,30.46,0.31,8.25,32.14,38.74,6.2,-0.387,13270.3,81.5,1.6,199492.0,75.0,1.3,0,0,0,0.0,0.008,0.002
16.06,33.28,56.52,96.9,19.78,50.0,51.11,67.18,8.08,0.077,17233.1,62.9,1.68,197194.0,60.39,1.84,0,1,1,0.227,0.921,0.789
1.27,5.31,16.21,35.31,4.79,7.22,35.41,43.44,5.66,-0.38,10734.5,79.9,0.77,197774.0,75.0,2.0,0,0,0,0.0,0.003,0.002
20.97,58.05,124.15,253.27,41.73,90.87,80.0,99.5,7.5,0.344,16828.6,176.4,6.42,86493.0,0.92,0.46,1,1,1,0.981,0.997,1.0
79.02,208.12,319.62,472.14,84.97,191.98,80.45,99.5,9.75,0.959,29972.9,94.6,5.11,154856.0,0.92,1.56,1,1,1,1.0,1.0,1.0
15.17,34.29,51.35,108.59,16.73,60.68,58.04,65.14,7.09,0.045,12629.3,99.5,1.52,150479.0,64.14,0.85,0,1,1,0.024,0.602,0.61
31.88,103.99,155.8,244.06,43.52,132.3,83.21,99.5,8.66,0.48,22380.7,118.6,2.82,148371.0,0.92,1.56,1,1,1,1.0,1.0,1.0
0.94,5.29,6.62,8.04,0.56,4.19,34.27,39.53,5.21,-0.348,6863.1,177.6,7.82,69176.0,75.0,0.4,0,0,0,0.0,0.001,0.0
2.46,3.98,4.84,17.02,0.44,3.39,31.86,37.47,5.61,-0.393,11079.4,70.0,3.98,185670.0,75.0,1.84,0,0,0,0.0,0.001,0.0
0.13,4.3,10.84,20.19,0.08,1.23,38.41,41.25,5.29,-0.211,8298.5,133.8,1.09,114174.0,75.0,1.3,0,0,0,0.0,0.001,0.0
0.18,2.03,2.46,26.92,3.8,4.39,38.72,45.33,5.76,-0.287,6743.7,138.8,4.44,112361.0,75.0,1.26,0,0,0,0.0,0.002,0.0
14.03,33.87,60.78,98.43,12.64,49.83,56.95,68.76,6.52,-0.061,12047.8,123.1,4.93,108853.0,57.48,1.46,0,0,0,0.009,0.279,0.4
7.86,26.12,67.1,126.75,29.48,63.84,61.89,68.46,7.52,-0.191,17881.5,47.8,1.59,234072.0,58.04,2.11,0,1,1,0.048,0.915,0.982
9.09,31.58,55.91,134.49,19.55,63.15,59.78,71.8,6.42,0.102,12712.8,133.1,0.5,113044.0,51.89,0.67,0,0,1,0.022,0.496,0.841
24.59,60.05,121.81,209.68,55.69,110.24,83.5,97.01,8.8,0.268,21618.3,44.3,1.95,185092.0,5.5,2.54,1,1,1,0.997,1.0,1.0
1.22,3.99,8.65,30.1,0.32,0.5,38.08,43.34,6.02,-0.295,8306.7,121.4,7.57,133913.0,75.0,0.73,0,0,0,0.0,0.003,0.0
0.04,0.31,2.22,43.29,0.87,2.98,37.11,47.32,5.25,-0.384,8441.4,142.2,5.28,98189.0,75.0,1.42,0,0,0,0.0,0.002,0.001
15.59,39.2,83.35,154.67,20.05,41.93,71.36,81.25,7.17,0.161,17153.4,65.6,1.08,226624.0,34.5,1.94,0,1,1,0.305,0.897,0.966
12.78,24.12,40.8,116.76,19.7,49.94,64.57,71.98,5.96,0.069,10036.4,157.0,4.05,82776.0,51.56,0.31,0,0,0,0.024,0.395,0.36
1.13,2.63,4.98,34.58,3.39,4.23,40.9,51.45,6.64,-0.179,12007.5,39.4,2.63,216254.0,75.0,1.94,0,0,0,0.001,0.065,0.01
0.41,3.12,6.5,23.94,2.6,6.92,34.22,40.17,4.8,-0.352,6417.1,157.4,8.08,98796.0,75.0,0.24,0,0,0,0.0,0.0,0.0
16.44,37.47,59.76,133.4,16.71,59.04,69.01,77.24,7.28,0.118,16851.6,101.7,4.73,147996.0,41.87,1.46,0,1,1,0.251,0.924,0.907
2.09,2.28,8.18,16.5,7.55,9.7,31.01,41.27,6.08,-0.404,14903.5,66.6,2.76,188448.0,75.0,1.92,0,0,0,0.0,0.022,0.004
21.68,68.4,144.21,271.57,35.32,103.65,86.15,99.5,9.25,0.342,21901.3,54.4,1.26,222365.0,0.92,1.72,1,1,1,0.999,1.0,1.0
0.79,5.32,6.76,13.93,0.98,4.49,31.91,41.21,5.28,-0.329,8359.7,173.2,5.44,56518.0,75.0,0.29,0,0,0,0.0,0.002,0.0
2.17,4.99,7.49,19.68,0.78,1.32,32.47,39.14,6.81,-0.332,12935.8,45.5,1.53,203497.0,75.0,1.81,0,0,0,0.0,0.012,0.002
9.16,24.7,52.88,119.76,28.73,55.4,56.16,66.69,7.01,-0.049,15490.2,63.9,2.87,229248.0,61.3,2.14,0,1,1,0.019,0.817,0.914
48.46,120.46,230.82,502.15,109.78,193.89,81.63,99.5,9.21,0.544,27470.5,85.4,5.31,186171.0,0.92,1.63,1,1,1,1.0,1.0,1.0
9.66,29.04,49.4,109.13,26.27,67.01,52.56,64.51,6.97,-0.153,13235.8,124.9,6.89,126116.0,65.3,0.97,0,1,1,0.008,0.583,0.702
14.18,23.57,49.03,127.39,13.86,42.47,60.73,71.66,6.84,0.176,13770.0,114.0,1.08,143152.0,52.15,0.86,0,1,1,0.145,0.847,0.567
0.49,1.06,2.63,5.15,4.2,4.87,36.85,39.3,6.51,-0.304,11583.5,53.2,2.08,223726.0,75.0,2.02,0,0,0,0.0,0.017,0.001
13.11,37.13,80.7,140.73,15.42,37.85,66.11,76.37,7.23,0.273,16309.4,77.0,3.72,202187.0,43.49,1.65,0,1,1,0.446,0.893,0.887
1.65,11.52,11.84,30.54,0.26,1.5,38.28,49.85,6.25,-0.219,13533.2,69.6,3.21,185118.0,75.0,1.97,0,0,0,0.0,0.023,0.007
12.37,25.42,59.93,110.79,14.38,45.31,64.47,74.48,6.93,0.114,15141.6,66.0,1.56,206336.0,46.97,1.98,0,1,1,0.066,0.757,0.826
5.31,25.91,56.58,133.91,12.06,49.02,61.54,72.28,7.6,-0.1,15313.0,94.6,8.27,158860.0,51.01,1.76,0,1,1,0.062,0.745,0.836
0.43,1.6,3.31,8.63,1.13,1.2,35.49,43.62,5.59,-0.198,8037.4,137.1,1.65,112664.0,75.0,0.77,0,0,0,0.0,0.001,0.0
2.25,7.59,7.75,25.7,0.15,5.92,35.25,42.75,5.62,-0.45,10983.8,66.5,1.03,202574.0,75.0,1.36,0,0,0,0.0,0.002,0.002
35.32,82.58,169.41,289.94,52.25,118.4,85.82,99.5,7.8,0.551,20553.6,88.2,3.46,174098.0,0.92,1.91,1,1,1,0.999,1.0,1.0
15.05,23.82,49.15,107.11,21.76,41.85,53.52,67.58,7.08,0.039,15186.7,91.7,6.7,181014.0,59.65,1.28,0,1,1,0.023,0.798,0.566
21.86,57.7,132.48,238.91,49.87,114.6,82.96,99.5,7.28,0.481,15732.4,176.6,3.52,75403.0,0.92,0.1,1,1,1,0.985,0.998,1.0
0.6,5.24,9.12,21.59,0.96,6.21,23.7,31.25,4.52,-0.427,7766.2,173.4,5.24,49266.0,75.0,0.38,0,0,0,0.0,0.0,0.0
6.98,21.81,38.23,74.0,11.63,39.87,44.23,54.39,6.29,-0.157,9167.8,151.0,8.21,78409.0,75.0,0.8,0,0,0,0.001,0.039,0.027
1.43,2.37,2.48,17.22,0.46,4.95,28.77,32.87,5.37,-0.45,11807.6,70.0,2.43,190406.0,75.0,1.71,0,0,0,0.0,0.001,0.001
0.01,0.95,4.83,29.42,2.81,4.9,34.28,40.19,6.1,-0.45,17305.2,44.9,1.3,253591.0,75.0,2.07,0,0,0,0.0,0.012,0.008
14.34,31.48,70.88,139.48,29.52,47.67,62.17,71.16,6.91,0.083,14537.3,81.0,3.66,170085.0,53.06,1.6,0,1,1,0.019,0.835,0.929
28.52,71.21,159.06,292.18,37.13,100.32,78.94,99.5,8.44,0.522,21793.4,73.7,2.94,188454.0,0.92,2.24,1,1,1,0.999,1.0,1.0
1.11,3.8,4.23,34.7,0.07,12.7,32.09,38.55,5.41,-0.328,10467.7,108.4,5.8,141924.0,75.0,1.32,0,0,0,0.0,0.001,0.002
27.91,75.56,152.32,287.92,35.59,89.61,84.31,99.5,7.81,0.414,16229.9,147.8,8.61,94365.0,0.92,0.47,1,1,1,0.995,0.998,1.0
17.5,40.41,61.78,120.43,14.07,45.57,51.66,65.6,6.33,0.063,11813.4,159.5,6.46,91325.0,63.3,0.31,0,0,0,0.009,0.209,0.281
0.55,1.67,5.7,9.19,1.04,10.11,29.03,36.18,6.32,-0.361,8602.9,157.5,6.34,112005.0,75.0,0.55,0,0,0,0.0,0.004,0.0
38.88,89.22,153.03,285.75,58.27,145.61,84.52,99.5,8.64,0.588,22814.5,87.2,3.39,182256.0,0.92,1.7,1,1,1,1.0,1.0,1.0
12.34,29.12,65.71,104.5,27.04,44.26,57.28,66.44,5.95,-0.083,11733.5,134.6,5.9,106368.0,61.74,1.09,0,0,0,0.003,0.268,0.165
12.84,30.86,55.19,86.96,24.36,40.08,54.59,63.2,7.2,-0.008,16314.3,80.4,2.89,224865.0,67.72,1.76,0,1,0,0.026,0.777,0.467
7.33,24.59,67.79,101.08,21.58,46.44,46.87,60.94,7.81,-0.183,20376.0,43.8,1.53,228581.0,71.87,1.99,0,1,1,0.014,0.872,0.889
13.7,37.9,60.96,138.76,27.41,60.62,56.54,68.37,6.55,0.112,12990.1,136.7,7.73,107269.0,58.2,0.79,0,1,1,0.029,0.579,0.704
38.96,108.55,206.76,312.9,58.44,115.68,80.75,99.5,9.09,0.448,29758.3,36.4,2.27,257471.0,0.92,2.57,1,1,1,1.0,1.0,1.0
2.42,3.16,6.56,20.72,1.11,6.46,36.7,43.2,6.68,-0.317,11884.6,94.3,0.74,159766.0,75.0,1.18,0,0,0,0.0,0.012,0.001
3.11,3.63,3.77,15.58,1.84,3.3,29.21,35.63,5.44,-0.308,12032.1,82.8,2.91,205632.0,75.0,1.55,0,0,0,0.0,0.004,0.0
39.64,107.68,177.6,312.18,52.47,111.32,83.01,99.5,8.38,0.437,18259.4,135.5,3.06,104293.0,0.92,1.11,1,1,1,1.0,1.0,1.0
44.23,93.08,180.3,290.71,30.41,75.45,92.0,99.5,8.7,0.523,19466.5,146.1,4.3,126124.0,0.92,1.05,1,1,1,1.0,1.0,1.0
8.02,29.83,58.09,117.52,28.88,48.29,53.54,66.08,6.79,0.126,14863.4,79.1,3.34,188103.0,62.42,1.68,0,1,1,0.018,0.807,0.743
2.38,3.57,5.21,17.0,4.58,6.08,35.61,41.94,6.14,-0.235,10199.1,152.7,7.18,116143.0,75.0,0.57,0,0,0,0.0,0.01,0.0
14.9,23.23,56.92,118.45,21.12,64.26,50.43,57.92,7.44,-0.025,16720.2,77.6,2.56,215385.0,75.0,1.37,0,1,1,0.013,0.779,0.858
3.35,4.39,6.83,25.7,3.71,5.61,32.66,37.38,5.43,-0.287,11261.7,99.7,0.5,143350.0,75.0,1.6,0,0,0,0.0,0.003,0.001
9.54,31.49,57.79,108.06,12.71,44.0,62.89,72.29,7.47,-0.122,13840.8,140.4,2.48,130635.0,50.99,1.26,0,1,1,0.046,0.559,0.556
0.47,2.71,5.09,21.63,0.65,1.31,35.08,40.22,5.82,-0.293,9747.3,135.5,6.93,96298.0,75.0,1.71,0,0,0,0.0,0.005,0.001
14.14,28.67,60.58,137.63,19.68,39.25,60.23,71.84,5.47,0.213,10255.4,178.2,0.5,50490.0,51.82,0.44,0,0,0,0.012,0.304,0.331
0.67,2.3,8.1,10.71,0.85,1.03,30.66,36.04,6.1,-0.416,12498.3,67.6,3.81,186771.0,75.0,1.89,0,0,0,0.0,0.004,0.001
14.13,34.77,63.49,120.4,25.0,48.05,59.19,71.56,6.31,0.2,11649.4,131.0,5.82,130311.0,52.33,0.72,0,0,0,0.024,0.477,0.495
12.89,37.28,72.02,105.92,15.81,46.38,48.57,59.33,7.17,-0.097,16189.7,123.4,7.24,132411.0,74.84,0.54,0,0,0,0.005,0.325,0.44
5.94,25.45,60.07,133.89,20.0,55.76,55.39,69.04,6.25,-0.039,11741.5,167.7,5.27,76266.0,56.96,0.53,0,0,1,0.005,0.328,0.564
0.24,0.25,1.0,1.78,1.12,3.33,25.07,27.18,5.76,-0.45,13513.7,57.7,0.5,212987.0,75.0,2.75,0,0,0,0.0,0.002,0.001
1.24,1.62,2.59,21.8,1.72,1.82,36.57,39.78,5.13,-0.305,8839.2,144.0,6.16,116056.0,75.0,1.2,0,0,0,0.0,0.001,0.0
2.26,4.75,5.57,9.06,1.61,4.49,28.99,35.84,5.46,-0.35,8185.8,117.4,6.8,149145.0,75.0,1.53,0,0,0,0.0,0.001,0.0
15.47,29.56,61.04,120.17,21.17,38.36,52.09,61.51,7.38,-0.034,17116.4,74.8,3.86,206621.0,70.82,1.88,0,1,1,0.013,0.705,0.84
10.35,24.11,68.89,122.18,18.7,48.22,66.5,73.54,7.13,-0.036,15369.9,103.8,2.39,182749.0,48.7,1.5,0,1,1,0.081,0.797,0.865
3.02,5.38,7.36,36.6,5.31,6.39,42.18,46.32,5.7,-0.249,9891.6,83.4,3.05,179602.0,75.0,0.95,0,0,0,0.0,0.005,0.002
29.83,103.49,185.96,300.5,36.84,97.98,86.8,99.5,8.41,0.394,20544.0,119.0,3.02,129383.0,0.92,1.4,1,1,1,0.998,1.0,1.0
35.78,72.33,127.33,207.76,37.66,87.73,76.31,88.99,7.91,0.505,15882.9,163.9,3.32,92517.0,20.27,0.36,1,1,1,0.995,0.997,0.999
16.06,27.21,62.04,97.96,21.87,49.94,49.05,59.55,6.13,-0.006,13164.0,117.5,6.14,121777.0,74.43,0.98,0,0,0,0.003,0.2,0.31
0.63,5.49,6.22,17.07,3.45,7.83,36.26,44.17,4.88,-0.348,7492.3,126.6,1.7,117900.0,75.0,0.97,0,0,0,0.0,0.0,0.001
44.58,79.67,182.73,311.81,30.09,95.69,85.16,99.5,7.94,0.672,20836.9,110.2,2.08,162729.0,0.92,1.19,1,1,1,1.0,1.0,1.0
39.19,81.49,172.2,263.37,58.12,129.39,85.67,99.5,8.3,0.503,24433.7,42.4,0.64,227235.0,0.92,2.05,1,1,1,1.0,1.0,1.0
46.36,121.81,309.56,454.18,74.93,200.28,82.15,99.5,9.71,0.687,32176.1,68.8,0.56,179360.0,0.92,1.89,1,1,1,1.0,1.0,1.0
7.77,19.59,57.87,102.42,10.77,47.41,57.08,63.49,6.88,-0.067,11878.6,106.3,4.0,130045.0,67.17,1.18,0,0,0,0.006,0.26,0.267
83.17,203.09,362.46,561.94,106.26,247.56,88.09,99.5,9.71,0.825,34000.0,80.0,4.47,184750.0,0.92,1.76,1,1,1,1.0,1.0,1.0
1.01,6.31,9.99,53.56,3.91,6.71,37.7,42.02,6.3,-0.276,14305.6,61.4,1.94,223502.0,75.0,1.55,0,0,0,0.0,0.025,0.01
17.0,30.82,66.85,105.41,27.91,50.35,60.31,66.53,7.09,0.037,14163.5,108.1,0.85,167209.0,61.58,1.26,0,1,1,0.061,0.742,0.731
17.34,25.63,61.08,98.58,25.42,55.17,64.25,73.71,6.8,0.149,13125.4,81.8,4.1,183494.0,48.38,1.37,0,1,1,0.104,0.752,0.698
16.83,36.98,75.03,111.05,11.93,52.45,57.28,66.58,7.85,0.057,18666.9,72.4,4.73,223223.0,61.5,1.64,0,1,1,0.191,0.948,0.913
7.94,30.67,49.95,95.37,28.57,68.77,46.88,55.0,5.97,-0.128,11416.4,102.3,2.39,155694.0,75.0,1.45,0,0,1,0.001,0.151,0.502
0.07,1.55,11.18,11.36,0.23,3.85,33.62,40.49,6.14,-0.342,14050.2,54.3,1.43,212730.0,75.0,1.61,0,0,0,0.0,0.009,0.002
22.62,75.58,156.05,304.87,63.51,131.68,84.56,99.5,7.33,0.603,14654.1,169.5,7.51,38061.0,0.92,0.2,1,1,1,0.996,0.999,1.0
11.63,31.99,52.77,129.81,10.02,25.08,55.62,68.5,6.44,0.046,9903.0,160.8,9.5,80309.0,57.97,0.74,0,0,0,0.007,0.31,0.128
70.03,160.52,306.35,477.35,80.39,226.63,84.37,99.5,10.52,0.705,27546.2,137.6,3.53,127654.0,0.92,0.48,1,1,1,1.0,1.0,1.0
1.44,1.69,1.92,10.39,2.62,6.44,30.77,39.64,6.32,-0.45,14065.6,50.4,0.56,242978.0,75.0,2.68,0,0,0,0.0,0.016,0.004
16.23,26.5,59.67,127.97,28.76,46.78,55.38,67.51,6.13,0.076,10049.7,147.5,6.84,90544.0,59.78,1.13,0,0,0,0.007,0.375,0.338
8.12,22.14,53.37,103.8,27.22,70.74,60.0,66.97,6.53,-0.09,14755.9,152.2,7.51,104349.0,60.77,0.55,0,1,1,0.006,0.593,0.8
5.91,25.81,44.23,119.13,12.84,57.59,53.02,58.9,6.83,-0.047,10515.8,146.3,5.14,120112.0,75.0,0.54,0,0,0,0.004,0.229,0.309
30.69,80.97,166.15,277.7,38.21,112.82,82.48,99.5,8.92,0.479,25235.0,51.5,1.29,218338.0,0.92,2.2,1,1,1,0.999,1.0,1.0
1.56,8.83,10.93,25.62,3.59,9.82,36.37,40.23,5.07,-0.302,7312.3,128.4,6.79,91711.0,75.0,0.6,0,0,0,0.0,0.001,0.0
0.04,1.14,1.19,11.02,4.01,9.91,22.33,28.0,5.1,-0.45,7874.5,156.0,6.94,96537.0,75.0,0.1,0,0,0,0.0,0.0,0.0
40.28,89.35,142.13,235.93,53.47,100.84,81.62,97.98,8.87,0.582,19199.4,118.7,2.51,148962.0,3.72,1.04,1,1,1,1.0,1.0,1.0
6.63,20.64,38.48,84.97,29.39,44.99,52.5,57.67,5.89,-0.123,10497.2,128.7,4.62,111314.0,75.0,0.99,0,0,0,0.001,0.146,0.049
2.13,14.77,17.06,51.45,0.61,14.72,40.55,50.92,6.07,-0.313,11079.7,101.5,1.08,154432.0,75.0,1.45,0,0,0,0.0,0.011,0.003
16.2,39.24,58.15,131.66,28.84,68.41,55.13,70.11,5.72,-0.012,13081.6,111.7,5.29,128672.0,54.99,1.09,0,0,1,0.006,0.315,0.862
6.19,15.63,41.36,106.6,10.25,53.77,50.54,61.41,7.45,0.023,16368.3,40.0,1.21,193466.0,71.0,2.68,0,1,1,0.008,0.655,0.904
11.83,25.92,57.76,123.55,15.47,39.2,59.3,71.53,6.48,0.077,12034.1,127.6,3.47,142226.0,52.38,0.6,0,0,0,0.024,0.333,0.487
0.76,3.53,8.43,13.13,0.78,3.12,33.02,39.94,6.36,-0.374,11868.8,46.8,1.61,223772.0,75.0,1.86,0,0,0,0.0,0.006,0.003
12.04,31.09,64.62,113.24,15.94,40.18,56.1,71.06,7.27,-0.014,14896.3,98.1,3.5,186273.0,53.25,1.62,0,1,1,0.071,0.804,0.766
13.39,28.75,47.78,78.08,10.59,51.62,51.74,59.84,6.98,-0.05,15589.9,77.4,3.96,199938.0,73.89,1.42,0,0,0,0.006,0.452,0.341
31.45,92.74,198.49,288.59,45.67,115.32,89.32,99.5,8.41,0.483,21976.4,114.1,5.21,137782.0,0.92,0.88,1,1,1,0.999,1.0,1.0
41.04,115.79,208.49,339.83,62.21,148.27,85.33,99.5,9.57,0.448,28367.2,54.3,1.75,213538.0,0.92,2.13,1,1,1,1.0,1.0,1.0
16.25,24.29,54.72,123.86,13.63,51.17,60.47,71.8,6.38,0.067,14147.7,135.3,6.59,126147.0,51.89,0.62,0,0,1,0.035,0.5,0.607
0.01,2.15,9.78,16.55,2.69,5.34,40.2,45.33,5.67,-0.45,8417.8,150.3,6.34,114171.0,75.0,0.68,0,0,0,0.0,0.001,0.0
1.25,3.07,5.65,27.77,0.19,3.27,33.67,39.4,6.71,-0.344,15227.4,58.7,1.6,214416.0,75.0,1.82,0,0,0,0.0,0.034,0.003
0.15,2.21,15.47,16.17,1.1,6.76,33.26,38.96,6.57,-0.241,15543.6,50.1,1.64,236433.0,75.0,1.9,0,0,0,0.0,0.022,0.005
0.55,2.39,2.88,5.91,2.32,8.49,33.9,40.13,6.04,-0.447,12029.9,56.1,1.81,208230.0,75.0,1.44,0,0,0,0.0,0.004,0.002
36.16,104.64,190.98,335.79,64.4,108.96,85.12,99.5,7.83,0.496,18556.2,162.2,7.15,70423.0,0.92,0.6,1,1,1,0.998,1.0,1.0
31.99,74.59,152.5,272.47,51.77,115.93,83.55,99.5,8.14,0.448,19453.2,111.6,3.17,145123.0,0.92,0.9,1,1,1,0.998,1.0,1.0
9.22,17.96,34.0,72.75,18.98,46.51,40.06,51.91,5.76,-0.248,11782.9,102.8,2.87,159774.0,75.0,1.35,0,0,0,0.0,0.044,0.09
0.25,4.57,9.18,14.22,3.19,19.05,36.44,37.44,5.79,-0.405,12234.7,50.5,3.56,201409.0,75.0,2.0,0,0,0,0.0,0.003,0.002
0.34,1.46,21.25,23.03,0.16,2.74,37.81,42.92,6.57,-0.428,9819.7,129.2,6.71,104926.0,75.0,0.96,0,0,0,0.0,0.01,0.001
31.71,69.84,137.24,250.76,58.78,137.71,82.82,99.5,7.7,0.386,15812.7,160.9,3.43,93679.0,0.92,0.53,1,1,1,0.996,1.0,1.0
42.86,91.16,159.73,276.78,30.26,81.67,85.45,99.5,8.06,0.588,17140.2,155.1,7.02,87800.0,0.92,0.71,1,1,1,0.999,0.999,1.0
0.29,0.44,2.87,31.18,0.01,3.47,26.87,34.94,5.45,-0.358,8845.0,125.8,4.67,126579.0,75.0,0.86,0,0,0,0.0,0.001,0.0
16.43,26.26,68.78,139.7,14.29,56.45,60.27,69.78,7.41,0.036,17512.3,45.9,1.93,219506.0,55.6,2.59,0,1,1,0.098,0.742,0.957
1.96,2.25,9.35,18.73,3.39,6.75,36.59,40.86,6.68,-0.216,15971.2,51.3,1.92,241252.0,75.0,1.58,0,0,0,0.0,0.041,0.006
0.6,2.89,6.94,24.38,3.55,7.36,34.29,37.3,6.18,-0.308,14048.8,42.1,2.38,248347.0,75.0,2.2,0,0,0,0.0,0.007,0.006
5.48,9.25,18.92,23.54,0.76,2.34,36.04,40.72,6.37,-0.132,12656.0,72.3,2.98,174638.0,75.0,2.09,0,0,0,0.0,0.028,0.001
10.72,35.06,52.27,107.19,13.22,52.55,53.64,63.66,6.49,-0.055,14213.8,54.7,1.85,206403.0,66.86,2.23,0,0,1,0.008,0.171,0.878
0.04,1.56,3.56,4.72,0.95,6.74,40.76,44.94,5.54,-0.392,12195.7,72.7,3.91,205502.0,75.0,1.54,0,0,0,0.0,0.003,0.002
0.18,10.44,10.68,14.77,2.98,4.53,27.74,34.26,5.77,-0.411,10526.6,90.8,3.56,180029.0,75.0,1.33,0,0,0,0.0,0.001,0.0
0.79,1.3,6.33,8.7,3.78,6.49,33.55,38.59,5.96,-0.193,8773.6,171.7,6.39,73299.0,75.0,0.12,0,0,0,0.0,0.005,0.0
0.95,7.73,13.66,29.97,3.9,4.24,31.27,38.93,5.35,-0.43,9402.7,123.5,5.02,114731.0,75.0,1.29,0,0,0,0.0,0.001,0.001
14.44,26.4,49.83,80.59,27.87,65.05,46.55,54.09,6.22,-0.02,9577.0,156.1,5.2,82476.0,75.0,0.42,0,0,0,0.003,0.238,0.057
0.18,1.17,3.79,11.96,1.81,4.05,33.05,34.48,5.31,-0.45,6138.9,138.0,4.85,106647.0,75.0,0.98,0,0,0,0.0,0.0,0.0
36.22,106.57,180.46,330.59,37.69,84.36,86.51,99.5,9.44,0.479,23509.4,51.3,1.25,222579.0,0.92,2.22,1,1,1,1.0,1.0,1.0
0.33,0.91,17.73,23.48,2.11,6.28,43.07,47.96,6.83,-0.32,11497.8,141.7,3.04,135506.0,75.0,1.56,0,0,0,0.0,0.031,0.002
0.71,1.34,3.65,11.35,6.16,9.1,38.94,42.54,6.31,-0.395,12054.6,74.9,1.28,179830.0,75.0,1.9,0,0,0,0.0,0.015,0.001
4.2,6.35,6.98,12.8,3.14,5.06,31.06,36.75,5.15,-0.273,6923.3,127.7,1.27,111405.0,75.0,0.8,0,0,0,0.0,0.001,0.0
0.13,0.38,1.46,11.44,3.55,6.22,28.84,36.5,4.96,-0.263,9633.4,84.4,1.62,177044.0,75.0,1.23,0,0,0,0.0,0.001,0.001
1.64,4.24,7.21,10.11,4.29,5.42,29.72,40.42,6.03,-0.258,9413.9,179.7,5.72,79881.0,75.0,0.22,0,0,0,0.0,0.004,0.0
0.35,1.1,1.5,9.78,0.79,3.38,29.13,37.46,6.53,-0.366,12677.5,73.2,2.7,170439.0,75.0,1.79,0,0,0,0.0,0.007,0.001
31.33,87.12,154.98,300.19,48.7,100.16,84.87,99.5,8.68,0.34,23285.7,75.5,2.27,211236.0,0.92,1.13,1,1,1,0.999,1.0,1.0
16.72,26.58,63.59,127.51,11.46,53.5,56.57,72.54,6.55,0.099,10701.6,169.9,0.5,73483.0,50.53,0.23,0,0,0,0.092,0.478,0.425
27.91,92.54,159.16,281.22,64.03,137.62,85.02,99.5,8.41,0.475,23536.5,38.6,2.44,222697.0,0.92,2.41,1,1,1,0.996,1.0,1.0
0.42,1.95,6.46,13.53,4.83,11.91,37.7,42.9,4.97,-0.329,6240.5,136.0,7.42,92773.0,75.0,0.77,0,0,0,0.0,0.002,0.0
6.91,28.25,71.52,117.37,14.76,30.05,59.22,74.28,6.47,0.111,14393.2,140.2,6.03,122391.0,47.33,1.16,0,1,1,0.011,0.707,0.513
0.15,8.25,10.24,16.12,0.62,1.25,35.47,39.15,5.46,-0.371,7626.3,156.3,9.5,89903.0,75.0,0.17,0,0,0,0.0,0.001,0.0
32.72,96.65,179.69,262.53,58.12,149.36,83.52,99.5,7.96,0.425,18870.2,176.3,3.07,71008.0,0.92,0.56,1,1,1,0.997,1.0,1.0
62.62,154.6,285.29,467.55,92.22,233.83,80.49,99.5,9.33,0.851,23613.0,176.5,9.5,54733.0,0.92,0.62,1,1,1,1.0,1.0,1.0
28.31,76.89,153.96,247.57,62.45,141.25,79.51,98.52,8.94,0.49,23796.2,44.5,0.78,221855.0,2.72,2.52,1,1,1,0.999,1.0,1.0
0.68,1.01,8.57,16.5,3.19,3.31,32.8,38.75,5.4,-0.234,7073.2,154.2,6.06,87701.0,75.0,0.2,0,0,0,0.0,0.001,0.0
0.38,2.82,5.49,9.69,0.45,1.71,34.01,39.77,5.6,-0.306,9228.7,128.7,1.55,124033.0,75.0,1.13,0,0,0,0.0,0.003,0.0
1.63,2.13,5.74,12.35,2.88,3.67,35.4,41.7,6.34,-0.384,9711.5,128.9,4.54,115319.0,75.0,0.83,0,0,0,0.0,0.003,0.0
0.38,1.65,2.38,9.8,1.08,17.22,35.16,38.32,6.5,-0.45,11502.8,53.6,2.25,192654.0,75.0,1.68,0,0,0,0.0,0.009,0.001
1.08,1.26,3.73,29.02,4.03,15.46,32.98,38.62,6.14,-0.45,13402.8,129.3,4.16,165795.0,75.0,0.9,0,0,0,0.0,0.01,0.003
2.7,3.18,3.19,14.69,2.42,2.92,33.47,41.09,5.06,-0.36,4688.6,177.5,8.49,46597.0,75.0,0.1,0,0,0,0.0,0.001,0.0
0.22,8.47,19.98,22.03,0.57,8.36,31.02,37.44,5.98,-0.263,8292.4,167.2,6.15,82065.0,75.0,0.76,0,0,0,0.0,0.002,0.0
10.65,32.22,59.1,125.92,17.94,59.91,57.57,64.55,6.41,0.059,14800.6,98.7,2.53,135011.0,65.23,1.62,0,0,1,0.007,0.478,0.859
9.23,26.13,56.78,119.22,16.13,50.41,56.46,69.72,7.55,-0.042,17815.3,40.8,1.01,201093.0,55.72,1.94,0,1,1,0.05,0.826,0.884
23.53,94.27,152.92,300.14,54.26,113.02,84.97,99.5,8.41,0.446,21734.0,87.5,4.34,176428.0,0.92,1.4,1,1,1,0.999,1.0,1.0
0.48,8.93,9.8,25.2,0.41,8.66,33.21,38.47,6.05,-0.45,8478.1,154.8,3.6,96824.0,75.0,0.55,0,0,0,0.0,0.002,0.0
1.63,8.37,16.82,26.39,0.33,1.21,35.54,38.8,5.98,-0.244,10469.9,136.7,7.04,134862.0,75.0,0.9,0,0,0,0.0,0.003,0.0
7.62,19.37,48.67,122.06,10.46,32.62,57.61,67.45,6.34,-0.067,15447.5,101.6,5.79,164067.0,59.89,1.72,0,0,1,0.006,0.174,0.564
12.76,35.47,59.39,108.52,17.47,41.28,55.2,67.75,7.34,0.061,18563.7,43.0,0.5,226165.0,59.34,2.46,0,1,1,0.076,0.897,0.89
1.44,4.11,11.52,41.47,4.61,7.33,40.93,47.58,6.72,-0.229,12031.8,96.9,5.37,149476.0,75.0,1.5,0,0,0,0.001,0.032,0.003
24.64,68.53,153.94,307.42,48.57,140.03,86.37,99.5,9.15,0.429,23315.2,103.0,7.43,178875.0,0.92,1.32,1,1,1,0.999,1.0,1.0
0.36,0.59,6.95,32.34,1.19,1.57,36.01,41.95,5.07,-0.426,8218.6,169.6,6.71,90364.0,75.0,0.1,0,0,0,0.0,0.001,0.0
5.55,14.61,42.79,84.53,19.24,48.89,54.72,61.15,5.76,-0.165,10321.4,128.0,5.86,107756.0,71.48,1.43,0,0,0,0.001,0.039,0.191
10.96,29.49,64.88,114.67,16.74,42.79,52.22,65.28,7.14,0.055,16241.1,80.2,4.3,184342.0,63.88,1.59,0,1,1,0.038,0.753,0.791
0.09,1.06,1.95,6.07,2.51,18.15,27.54,32.87,5.59,-0.368,10136.0,111.2,3.34,148755.0,75.0,1.75,0,0,0,0.0,0.002,0.001
17.01,38.97,76.09,153.34,25.04,54.17,63.21,74.34,7.44,0.02,18047.3,44.6,1.71,221322.0,47.21,2.29,0,1,1,0.124,0.902,0.985
12.82,26.02,41.12,88.8,18.1,55.09,49.91,56.44,5.7,-0.055,8937.0,176.0,2.0,80351.0,75.0,0.96,0,0,0,0.001,0.03,0.223
2.35,10.57,12.31,50.18,3.21,3.32,42.33,47.16,6.1,-0.351,13222.3,87.2,3.27,187826.0,75.0,1.81,0,0,0,0.0,0.021,0.008
68.81,160.75,273.81,488.22,89.24,189.42,84.64,99.5,10.49,0.733,28655.8,104.3,4.59,151994.0,0.92,0.95,1,1,1,1.0,1.0,1.0
3.37,5.73,6.5,21.83,1.38,3.63,32.86,39.72,5.66,-0.368,10612.8,86.5,3.83,171968.0,75.0,1.45,0,0,0,0.0,0.004,0.001
15.85,26.2,55.93,124.97,23.21,38.37,55.84,65.14,6.45,0.01,13628.4,134.0,7.26,141727.0,64.14,0.91,0,0,0,0.008,0.374,0.306
1.86,9.09,13.97,39.01,0.9,2.41,32.18,41.22,6.28,-0.417,12238.5,131.0,2.76,136764.0,75.0,0.74,0,0,0,0.0,0.006,0.002
9.17,29.67,72.93,147.2,13.0,46.79,64.92,77.81,6.69,0.128,12193.4,138.7,3.53,114619.0,40.83,0.78,0,0,1,0.132,0.448,0.786
6.61,7.49,11.52,39.97,4.6,5.95,40.68,46.19,5.94,-0.289,13180.3,73.9,5.11,166905.0,75.0,1.41,0,0,0,0.0,0.019,0.003
22.35,83.19,190.01,310.65,46.02,133.54,85.46,99.5,8.65,0.367,23085.2,80.8,2.61,188234.0,0.92,1.72,1,1,1,0.998,1.0,1.0
30.61,92.85,166.17,276.34,36.57,81.44,82.92,99.5,8.99,0.488,24813.0,53.2,2.05,226678.0,0.92,2.18,1,1,1,0.999,1.0,1.0
2.6,3.1,3.35,13.83,1.58,4.51,34.73,43.16,5.19,-0.15,4936.6,130.0,4.39,82623.0,75.0,0.71,0,0,0,0.0,0.001,0.0
0.76,1.14,1.22,1.8,5.73,8.39,27.96,35.25,6.48,-0.335,14807.2,40.8,0.82,234853.0,75.0,2.87,0,0,0,0.0,0.016,0.007
60.99,155.64,324.34,517.07,99.82,200.62,82.75,99.5,9.35,0.731,29778.7,121.7,7.81,127753.0,0.92,1.15,1,1,1,1.0,1.0,1.0
29.18,101.58,167.2,300.13,42.76,108.68,84.94,99.5,7.88,0.359,15664.3,161.1,4.11,83360.0,0.92,0.32,1,1,1,0.993,0.998,1.0
5.59,16.43,34.49,106.72,29.23,46.27,59.09,65.99,6.23,-0.178,7914.2,164.2,2.41,69384.0,62.58,0.1,0,0,0,0.003,0.171,0.099
6.0,23.39,53.51,116.04,24.74,63.65,57.37,63.61,6.61,-0.172,15954.1,100.1,2.69,157645.0,66.96,1.46,0,0,1,0.002,0.422,0.781
23.73,60.24,163.59,281.15,63.99,133.3,82.27,99.5,8.38,0.371,22668.8,101.6,0.5,178961.0,0.92,1.34,1,1,1,0.998,1.0,1.0
0.86,3.29,4.04,7.56,4.72,5.56,31.79,36.42,6.12,-0.275,13567.4,46.2,1.07,217911.0,75.0,2.45,0,0,0,0.0,0.014,0.003
8.03,24.7,58.93,88.98,19.14,46.11,49.23,57.09,6.69,-0.138,13803.0,132.3,2.32,135770.0,75.0,0.94,0,0,0,0.002,0.277,0.188
16.25,38.53,80.71,152.81,25.73,66.5,70.77,82.63,7.09,0.123,13331.3,154.1,7.11,83006.0,31.96,0.31,1,1,1,0.506,0.927,0.858
24.37,73.0,164.02,317.87,53.34,104.78,82.13,99.5,9.05,0.399,25141.0,70.5,1.61,206811.0,0.92,2.37,1,1,1,0.999,1.0,1.0
3.47,7.04,12.09,29.34,2.15,2.23,32.7,40.65,5.33,-0.178,11123.3,96.1,4.9,164718.0,75.0,1.63,0,0,0,0.0,0.002,0.001
8.3,32.56,56.22,124.8,18.49,60.72,57.66,66.82,6.89,-0.104,11907.2,156.6,9.42,97322.0,61.05,0.56,0,0,1,0.018,0.436,0.675
12.25,30.99,53.18,86.06,25.13,42.16,56.89,68.06,5.98,0.043,11016.3,162.2,7.96,85488.0,58.76,0.6,0,0,0,0.005,0.271,0.101
38.04,95.26,194.47,290.93,48.95,122.73,84.8,99.5,9.63,0.497,25349.5,70.3,2.19,205311.0,0.92,2.01,1,1,1,1.0,1.0,1.0
5.97,26.53,53.2,89.64,17.74,35.69,46.98,58.25,6.68,-0.122,11072.9,114.8,4.31,103687.0,75.0,0.8,0,0,0,0.001,0.119,0.038
42.2,95.47,153.75,253.92,55.36,138.6,83.35,99.5,8.37,0.619,23468.4,62.9,0.5,183209.0,0.92,2.02,1,1,1,1.0,1.0,1.0
21.03,58.43,163.46,269.94,36.77,83.53,81.24,99.5,9.11,0.466,24511.9,49.8,1.62,226529.0,0.92,2.03,1,1,1,1.0,1.0,1.0
11.19,32.3,62.93,93.96,19.68,44.03,53.85,62.58,6.36,-0.054,7907.4,167.1,3.26,48812.0,68.86,0.64,0,0,0,0.002,0.166,0.064
1.38,3.23,16.68,27.62,2.0,4.57,33.36,40.28,5.16,-0.243,4670.9,154.0,7.31,87273.0,75.0,0.45,0,0,0,0.0,0.001,0.0
9.04,27.76,52.75,118.62,14.74,40.77,59.4,69.1,5.94,0.015,12470.9,145.2,9.5,104939.0,56.86,0.62,0,0,0,0.009,0.298,0.433
34.59,94.73,184.85,320.87,41.14,130.23,83.66,99.5,8.97,0.388,24629.7,42.1,1.85,217093.0,0.92,2.77,1,1,1,1.0,1.0,1.0
0.04,0.56,0.85,14.21,0.64,1.42,27.42,31.56,5.4,-0.436,6644.1,157.3,0.5,80818.0,75.0,0.99,0,0,0,0.0,0.0,0.0
11.25,29.77,63.35,121.22,29.84,70.65,60.47,65.83,7.66,0.164,15347.0,98.5,2.81,165854.0,62.87,0.48,0,1,1,0.093,0.946,0.925
0.33,3.88,7.25,8.13,0.1,5.73,32.43,39.7,6.48,-0.358,15457.2,84.6,3.15,193563.0,75.0,2.01,0,0,0,0.0,0.011,0.002
0.94,3.06,4.7,36.67,2.5,11.7,33.78,38.29,5.16,-0.38,10928.5,114.2,4.18,128536.0,75.0,1.22,0,0,0,0.0,0.001,0.002
6.29,24.21,58.34,94.64,16.93,38.37,50.85,61.76,7.96,-0.131,16482.4,48.2,1.05,213479.0,70.36,1.97,0,1,0,0.034,0.78,0.349
17.8,35.04,59.49,122.72,23.19,48.61,62.09,73.44,6.6,0.069,12194.8,144.7,5.7,95375.0,48.88,0.5,0,0,0,0.049,0.377,0.355
17.92,39.67,66.68,129.69,24.21,44.43,63.44,73.25,7.09,-0.004,11293.9,119.5,1.51,100336.0,49.23,0.88,0,1,0,0.1,0.793,0.416
41.95,110.0,205.34,303.15,34.77,84.7,85.28,99.5,9.23,0.382,26966.2,62.1,1.12,207659.0,0.92,1.78,1,1,1,1.0,1.0,1.0
0.12,7.16,14.79,15.93,2.27,3.25,38.5,43.26,6.48,-0.384,13206.8,62.3,2.9,219268.0,75.0,1.64,0,0,0,0.0,0.009,0.004
0.02,0.89,3.21,3.45,0.78,5.0,34.22,37.44,5.96,-0.399,13749.7,61.7,1.03,221190.0,75.0,1.58,0,0,0,0.0,0.006,0.001
25.71,80.11,183.36,265.63,57.5,118.61,86.24,99.5,8.81,0.447,25211.9,43.3,1.93,215020.0,0.92,1.94,1,1,1,0.999,1.0,1.0
12.03,23.96,56.33,122.86,14.03,39.33,63.35,71.82,7.15,0.006,10857.0,120.2,1.24,116948.0,51.85,1.25,0,1,1,0.061,0.519,0.517
1.01,2.35,3.74,10.95,0.69,1.95,31.02,35.86,5.55,-0.364,6835.1,156.9,9.5,92104.0,75.0,0.65,0,0,0,0.0,0.001,0.0
35.27,89.35,179.97,326.97,63.0,111.33,82.75,99.5,8.82,0.404,23634.0,37.5,0.79,247394.0,0.92,2.5,1,1,1,1.0,1.0,1.0
35.65,93.95,195.97,347.64,56.62,129.37,86.58,99.5,9.58,0.365,26100.0,42.1,1.3,231796.0,0.92,2.25,1,1,1,1.0,1.0,1.0
7.59,20.29,53.38,90.34,13.68,56.02,49.13,58.92,6.46,-0.089,14466.4,118.1,4.83,142678.0,75.0,0.79,0,0,1,0.002,0.223,0.53
43.91,79.12,180.87,335.91,48.4,113.09,86.31,99.5,8.65,0.637,22406.6,153.8,3.82,112535.0,0.92,0.82,1,1,1,1.0,1.0,1.0
3.01,3.03,10.37,14.6,2.05,3.42,30.45,39.51,6.26,-0.245,13400.5,82.4,3.1,170060.0,75.0,1.39,0,0,0,0.0,0.01,0.001
0.89,5.02,5.82,18.9,4.57,12.67,35.99,43.39,5.63,-0.217,11029.1,85.7,3.89,173868.0,75.0,1.84,0,0,0,0.0,0.005,0.002
42.35,98.09,194.15,309.9,46.11,101.72,82.85,99.5,8.39,0.675,23020.3,121.5,6.35,158755.0,0.92,0.79,1,1,1,1.0,1.0,1.0
8.71,17.35,48.3,93.73,13.75,32.41,51.36,59.27,6.03,-0.047,14796.0,74.8,3.68,187335.0,74.95,1.6,0,0,0,0.001,0.178,0.188
0.51,6.24,9.15,18.92,0.11,2.68,30.84,37.97,5.8,-0.407,13346.8,38.9,1.24,214360.0,75.0,2.21,0,0,0,0.0,0.005,0.002
13.68,24.24,68.75,144.5,29.86,55.67,63.77,75.06,7.58,0.102,13305.8,141.6,4.58,100030.0,45.88,1.05,0,1,1,0.318,0.927,0.788
15.69,29.28,66.75,144.14,13.1,32.31,67.59,79.94,6.04,0.114,12046.8,125.7,9.5,115064.0,36.9,1.13,0,0,1,0.048,0.474,0.551
0.13,4.14,8.53,17.4,2.97,9.61,28.49,30.5,5.83,-0.446,11938.2,119.2,6.21,142306.0,75.0,1.17,0,0,0,0.0,0.004,0.001
17.34,28.77,57.02,133.17,19.23,48.86,59.18,68.24,6.49,0.09,11329.5,142.5,2.62,95508.0,58.45,1.4,0,0,0,0.025,0.259,0.451
3.43,6.74,9.96,15.26,4.94,4.97,33.1,38.08,5.29,-0.23,8061.5,132.9,4.89,124575.0,75.0,0.42,0,0,0,0.0,0.001,0.0
0.46,7.76,10.52,22.26,1.52,3.29,27.66,32.49,6.31,-0.347,12487.0,64.9,1.88,191136.0,75.0,1.63,0,0,0,0.0,0.008,0.001
13.65,34.68,60.61,120.14,11.66,43.08,55.43,67.47,6.75,0.015,14272.7,86.1,2.8,144818.0,59.85,1.32,0,1,1,0.013,0.588,0.624
1.65,3.85,12.28,16.33,1.35,1.67,30.62,38.61,6.87,-0.337,15268.0,53.3,0.69,220656.0,75.0,1.58,0,0,0,0.0,0.019,0.005
1.44,2.91,5.93,7.58,11.87,17.04,30.96,35.61,6.53,-0.343,14446.7,53.8,1.48,217632.0,75.0,1.89,0,0,0,0.0,0.016,0.004
30.02,87.81,174.94,331.8,56.89,116.13,81.04,99.5,7.75,0.54,19969.8,133.0,9.0,128108.0,0.92,1.18,1,1,1,0.995,1.0,1.0
17.71,30.84,63.15,128.18,15.42,59.11,59.09,69.62,6.74,0.222,10146.3,159.5,7.24,78509.0,55.89,0.42,0,0,0,0.045,0.38,0.372
7.81,23.32,43.72,117.47,14.43,30.47,51.69,60.5,6.06,-0.091,10661.7,174.6,0.5,58791.0,72.69,0.28,0,0,0,0.001,0.082,0.034
0.05,1.38,4.34,4.85,0.19,0.55,24.71,33.22,4.82,-0.422,9599.6,126.1,7.18,134690.0,75.0,0.55,0,0,0,0.0,0.0,0.0
1.32,2.22,5.52,6.44,4.45,5.72,30.69,36.27,6.24,-0.355,12673.7,61.7,3.37,228752.0,75.0,1.75,0,0,0,0.0,0.008,0.001
15.12,37.17,81.81,148.86,18.86,38.43,68.72,80.83,7.52,0.224,17871.6,50.3,1.44,219784.0,35.27,2.01,1,1,1,0.533,0.982,0.952
0.06,5.49,7.86,24.49,1.37,8.78,41.55,42.76,5.82,-0.285,5960.0,152.9,7.32,102933.0,75.0,0.88,0,0,0,0.0,0.002,0.0
14.75,24.2,61.76,105.1,25.46,68.92,57.37,67.46,6.84,-0.015,11242.1,118.9,2.32,132473.0,59.87,0.67,0,0,1,0.015,0.452,0.705
17.09,27.22,43.86,112.71,24.2,44.48,63.42,72.04,5.97,0.089,10220.6,124.7,3.31,107264.0,51.45,0.95,0,0,0,0.02,0.236,0.293
13.9,22.16,56.1,127.71,22.84,39.8,61.21,70.7,6.82,0.046,11129.9,148.3,9.19,116537.0,53.92,1.08,0,1,0,0.041,0.51,0.487
5.65,6.75,8.66,9.73,0.37,1.47,29.53,33.98,5.15,-0.395,8771.3,137.0,4.12,129256.0,75.0,0.78,0,0,0,0.0,0.001,0.0
1.93,4.87,8.37,32.31,12.24,13.94,36.55,40.56,4.96,-0.379,9297.0,156.0,0.5,103466.0,75.0,0.1,0,0,0,0.0,0.002,0.001
60.65,174.81,342.81,484.68,92.77,230.34,80.97,99.5,10.15,0.656,34000.0,43.2,1.46,225490.0,0.92,2.64,1,1,1,1.0,1.0,1.0
84.44,189.64,361.24,611.67,64.8,203.57,84.35,99.5,9.34,0.978,30537.8,143.4,4.82,116887.0,0.92,1.04,1,1,1,1.0,1.0,1.0
12.11,21.81,56.91,98.63,20.76,44.19,52.87,61.37,6.67,0.04,13792.2,158.4,8.96,103358.0,71.07,0.87,0,0,0,0.005,0.358,0.352
22.61,67.65,143.98,263.51,35.2,92.85,82.17,99.5,9.42,0.453,22396.6,76.5,2.7,212515.0,0.92,1.26,1,1,1,1.0,1.0,1.0
16.17,39.65,70.7,125.22,21.63,43.07,62.84,74.06,7.0,0.093,14203.3,127.9,3.5,141390.0,47.73,1.5,0,1,1,0.108,0.891,0.743
6.06,9.48,10.57,14.38,2.09,3.46,37.1,43.37,6.17,-0.119,11336.8,80.6,4.33,184293.0,75.0,1.49,0,0,0,0.0,0.012,0.001
0.53,4.32,5.56,20.22,5.46,5.93,34.13,40.65,4.64,-0.344,5413.5,173.9,6.46,51689.0,75.0,0.23,0,0,0,0.0,0.0,0.0
0.19,7.34,8.25,8.51,4.06,5.22,26.56,33.85,6.43,-0.427,16915.0,39.8,0.86,234519.0,75.0,2.09,0,0,0,0.0,0.014,0.002
8.88,20.74,63.27,131.99,21.94,50.53,58.69,71.26,6.86,-0.159,12393.2,119.1,6.64,140965.0,52.88,1.45,0,1,1,0.007,0.673,0.748
6.87,30.61,68.1,112.04,28.95,72.01,54.31,64.84,7.34,-0.058,17998.1,59.1,2.28,219664.0,64.69,1.97,0,1,1,0.013,0.86,0.968
71.38,200.48,327.33,569.73,67.61,202.94,85.54,99.5,9.49,0.788,29896.9,138.3,4.85,134382.0,0.92,1.04,1,1,1,1.0,1.0,1.0
43.0,99.44,195.22,286.67,52.16,95.64,84.81,99.5,9.16,0.692,23129.8,60.5,2.31,205968.0,0.92,2.03,1,1,1,1.0,1.0,1.0
20.92,81.28,165.65,271.99,47.95,125.59,85.07,99.5,8.74,0.256,22590.5,69.1,1.09,228558.0,0.92,1.86,1,1,1,0.997,1.0,1.0
36.12,74.06,164.75,297.51,53.44,140.04,84.0,99.5,9.16,0.61,20302.5,106.7,2.72,125590.0,0.92,1.06,1,1,1,1.0,1.0,1.0
34.42,106.93,215.73,355.88,42.55,90.42,82.47,99.5,8.39,0.506,18927.3,167.7,5.88,85109.0,0.92,1.02,1,1,1,0.999,1.0,1.0
2.06,2.46,3.09,33.25,1.64,2.86,35.86,43.08,5.4,-0.396,10547.3,65.7,2.07,189184.0,75.0,1.49,0,0,0,0.0,0.003,0.001
3.96,7.03,10.09,14.89,2.26,6.85,30.31,38.11,6.22,-0.45,13242.4,55.9,3.24,184294.0,75.0,2.2,0,0,0,0.0,0.009,0.003
14.26,25.58,61.5,120.57,27.0,60.74,58.51,77.75,6.31,0.137,12641.1,145.1,5.64,102911.0,40.95,0.91,0,1,1,0.114,0.715,0.848
6.9,20.32,57.63,124.63,14.45,40.09,55.21,64.99,7.4,-0.146,12838.0,107.6,5.42,129035.0,64.41,1.68,0,1,0,0.023,0.522,0.246
5.2,18.84,34.63,108.27,23.33,67.41,54.53,64.92,5.39,-0.248,7427.1,167.2,5.88,76928.0,64.55,0.9,0,0,0,0.0,0.041,0.45
42.3,101.44,181.61,332.31,40.44,92.74,87.67,99.5,9.24,0.727,23327.2,56.3,3.04,213011.0,0.92,2.03,1,1,1,1.0,1.0,1.0
61.4,134.59,271.77,423.49,62.63,186.74,86.3,99.5,9.53,0.829,25721.0,128.7,5.42,142387.0,0.92,1.19,1,1,1,1.0,1.0,1.0
14.21,31.33,48.45,98.2,12.22,46.72,54.87,63.15,6.49,-0.107,14149.0,68.8,2.42,174865.0,67.8,2.42,0,0,1,0.007,0.174,0.604
15.74,25.73,42.73,93.03,16.07,38.89,44.79,55.64,7.19,-0.208,17016.7,57.7,2.01,224350.0,75.0,2.03,0,0,0,0.005,0.419,0.332
25.28,72.96,180.88,329.5,51.05,135.07,87.12,99.5,8.37,0.493,19874.4,134.1,2.39,120554.0,0.92,0.64,1,1,1,0.999,1.0,1.0
0.02,0.31,1.7,14.09,4.3,5.22,28.43,33.04,6.1,-0.45,11178.2,121.1,5.34,150132.0,75.0,1.03,0,0,0,0.0,0.003,0.001
0.18,4.89,6.99,21.42,1.59,2.27,31.9,38.59,5.77,-0.352,10061.8,144.4,4.95,100184.0,75.0,0.42,0,0,0,0.0,0.004,0.0
37.51,89.35,156.61,308.83,30.21,92.48,82.62,99.5,8.22,0.556,21310.3,79.9,2.07,164170.0,0.92,1.84,1,1,1,1.0,0.999,1.0
27.51,64.69,119.52,213.3,47.67,103.22,76.88,92.37,7.77,0.32,15881.5,100.0,5.49,141790.0,14.04,1.76,1,1,1,0.962,0.998,1.0
15.89,27.97,64.58,105.1,10.85,33.79,50.05,59.64,6.93,-0.106,14210.8,93.8,1.17,148071.0,74.27,1.5,0,0,0,0.007,0.453,0.273
40.94,79.23,149.9,230.54,52.06,143.91,82.01,99.5,7.59,0.403,17818.0,177.7,4.87,73936.0,0.92,0.1,1,1,1,0.997,0.999,1.0
10.0,27.8,56.37,135.04,24.72,41.05,54.78,64.33,6.09,-0.011,15674.6,77.4,4.14,209303.0,65.62,2.07,0,0,1,0.003,0.483,0.917
6.41,22.41,56.36,100.88,23.49,55.79,55.12,65.33,7.04,0.116,14191.6,77.7,3.16,178228.0,63.79,1.23,0,1,1,0.03,0.832,0.514
10.66,28.56,71.05,113.21,25.82,41.18,56.9,64.92,7.47,-0.128,17654.2,86.4,2.95,185746.0,64.55,1.17,0,1,1,0.02,0.845,0.628
0.11,7.58,12.37,24.4,0.81,1.53,39.22,46.57,5.64,-0.374,7536.3,116.9,4.62,116909.0,75.0,1.15,0,0,0,0.0,0.003,0.0
0.57,2.85,6.88,9.11,1.18,4.11,25.79,35.7,6.6,-0.318,12869.3,71.6,2.74,196801.0,75.0,1.92,0,0,0,0.0,0.008,0.001
83.4,186.36,348.62,595.74,80.95,191.66,83.8,99.5,10.0,0.785,29061.5,167.7,1.29,88768.0,0.92,0.6,1,1,1,1.0,1.0,1.0
1.07,4.9,8.96,11.43,1.01,3.53,29.82,38.4,6.36,-0.416,10998.3,73.5,2.11,170049.0,75.0,1.8,0,0,0,0.0,0.005,0.0
0.89,1.93,4.88,18.3,1.26,3.36,29.18,36.08,5.82,-0.357,9051.4,164.9,9.5,79070.0,75.0,1.04,0,0,0,0.0,0.002,0.0
15.42,36.29,63.96,143.76,11.33,36.11,62.71,76.55,7.54,0.043,17347.9,50.0,1.16,230734.0,43.15,2.18,0,1,1,0.223,0.944,0.948
0.05,4.62,10.25,24.07,0.48,4.79,41.5,42.67,4.91,-0.286,7534.2,130.2,3.81,79752.0,75.0,1.32,0,0,0,0.0,0.001,0.0
28.88,98.63,160.6,258.02,63.62,132.06,83.73,99.5,8.81,0.468,19353.2,166.5,4.2,100216.0,0.92,0.73,1,1,1,1.0,1.0,1.0
0.71,1.79,8.91,14.13,0.88,1.34,31.63,35.1,5.85,-0.375,12024.6,59.5,1.99,213943.0,75.0,1.63,0,0,0,0.0,0.004,0.001
11.77,35.47,79.2,158.98,19.46,57.71,62.22,74.1,6.53,-0.009,12896.7,175.4,4.3,80262.0,47.66,0.31,0,1,1,0.039,0.539,0.9
0.96,2.95,9.51,31.16,0.04,10.05,33.76,40.38,6.01,-0.37,10221.0,100.7,4.41,153008.0,75.0,2.07,0,0,0,0.0,0.004,0.002
40.57,104.42,205.54,328.52,57.06,129.99,83.39,99.5,7.11,0.558,17045.5,172.1,6.64,47605.0,0.92,0.26,1,1,1,0.998,1.0,1.0
12.06,23.66,64.08,138.27,29.42,48.04,59.13,71.61,6.38,0.051,12559.0,133.1,6.51,128244.0,52.24,0.77,0,1,1,0.052,0.615,0.608
8.79,28.44,69.1,136.66,19.11,55.89,63.18,76.31,7.05,0.155,16166.0,78.7,1.27,184285.0,43.59,1.8,0,1,1,0.166,0.847,0.965
47.88,157.64,268.36,415.02,97.86,216.07,85.51,99.5,9.58,0.683,30331.6,62.3,1.8,205717.0,0.92,1.84,1,1,1,1.0,1.0,1.0
0.07,1.72,1.98,7.07,0.34,1.21,24.54,29.04,6.54,-0.45,11631.3,79.0,2.45,201464.0,75.0,1.5,0,0,0,0.0,0.003,0.0
7.54,21.86,40.1,96.49,18.14,58.34,51.39,56.55,6.92,-0.091,16232.1,48.5,2.09,233246.0,75.0,2.03,0,0,1,0.005,0.449,0.732
78.04,197.49,349.76,530.47,80.77,215.76,84.02,99.5,10.14,0.977,34000.0,55.9,1.16,241786.0,0.92,2.5,1,1,1,1.0,1.0,1.0
11.89,30.5,66.31,142.23,28.88,69.09,60.64,72.15,7.3,-0.016,16825.5,50.2,2.58,222097.0,51.25,2.11,0,1,1,0.075,0.912,0.984
21.63,95.8,188.02,323.49,30.81,97.18,84.68,99.5,8.75,0.409,20775.3,96.3,5.43,154040.0,0.92,1.1,1,1,1,0.998,0.999,1.0
1.18,2.0,2.35,11.47,1.18,1.34,37.85,42.74,4.64,-0.334,7572.0,150.4,2.59,96743.0,75.0,0.27,0,0,0,0.0,0.001,0.0
0.88,1.16,3.37,7.16,7.04,7.17,28.43,33.1,6.01,-0.375,12463.9,55.5,1.45,219634.0,75.0,2.74,0,0,0,0.0,0.003,0.002
0.99,1.4,2.94,5.37,10.66,10.77,37.23,39.84,6.5,-0.261,16440.0,53.9,1.37,230562.0,75.0,2.03,0,0,0,0.0,0.029,0.006
66.65,173.14,352.63,580.27,71.57,199.41,91.02,99.5,10.08,0.894,31235.7,128.3,9.5,104038.0,0.92,1.17,1,1,1,1.0,1.0,1.0
84.0,204.91,355.72,562.56,66.65,192.24,86.62,99.5,9.88,0.916,33681.8,63.6,1.73,203818.0,0.92,1.73,1,1,1,1.0,1.0,1.0
0.39,0.68,3.25,3.81,0.26,1.12,26.31,29.85,6.03,-0.45,13756.6,49.2,3.2,245159.0,75.0,2.27,0,0,0,0.0,0.002,0.001
5.6,9.74,12.86,16.03,1.46,5.13,22.72,32.62,6.17,-0.213,14262.4,59.2,0.72,205365.0,75.0,2.46,0,0,0,0.0,0.008,0.001
0.01,11.04,14.98,68.31,1.27,4.69,45.41,49.35,5.16,-0.129,8525.1,168.9,2.9,91236.0,75.0,0.26,0,0,0,0.0,0.002,0.002
0.74,0.77,8.35,15.5,1.27,2.84,35.1,37.68,5.89,-0.303,6439.1,154.1,3.49,102461.0,75.0,0.81,0,0,0,0.0,0.002,0.0
10.62,30.96,66.98,137.4,29.49,56.23,68.23,75.76,7.33,0.031,15309.6,86.3,1.71,190731.0,44.6,1.22,0,1,1,0.236,0.856,0.945
28.47,83.21,142.48,283.12,50.34,101.96,86.57,99.5,8.4,0.407,18247.6,130.1,3.93,111741.0,0.92,1.62,1,1,1,0.998,1.0,1.0
41.6,101.36,153.41,249.13,61.19,122.15,82.2,99.5,8.09,0.483,19597.1,112.9,2.51,132433.0,0.92,1.34,1,1,1,1.0,1.0,1.0
44.61,100.8,163.27,290.79,33.58,118.0,82.16,99.5,8.37,0.609,19926.8,133.2,2.7,120484.0,0.92,0.84,1,1,1,1.0,1.0,1.0
13.16,37.55,73.25,105.71,19.53,50.47,55.11,68.04,6.03,0.006,11916.2,134.0,7.48,96232.0,58.8,0.87,0,0,0,0.007,0.285,0.443
42.92,95.22,180.83,275.71,38.56,108.73,84.78,99.5,7.97,0.567,19538.5,126.2,7.2,124554.0,0.92,0.92,1,1,1,0.999,0.999,1.0
37.42,89.84,165.8,266.28,54.43,94.74,82.82,99.5,8.14,0.428,21368.9,73.6,3.83,195492.0,0.92,1.68,1,1,1,0.999,1.0,1.0
11.67,19.73,52.53,84.08,28.8,58.14,51.42,57.96,7.6,-0.007,19593.2,40.7,1.81,257982.0,75.0,1.56,0,1,1,0.014,0.939,0.9
1.38,6.19,7.26,16.58,3.98,6.68,24.56,30.57,6.76,-0.379,13493.5,101.1,3.71,164772.0,75.0,1.4,0,0,0,0.0,0.014,0.001
0.6,1.75,3.69,15.16,0.09,1.97,33.75,40.67,5.78,-0.302,7881.7,164.2,4.28,92349.0,75.0,0.48,0,0,0,0.0,0.001,0.0
12.29,33.66,64.56,140.86,18.88,53.4,66.51,77.47,7.96,-0.058,15616.6,117.6,2.1,156375.0,41.46,1.34,0,1,1,0.316,0.941,0.951
45.7,130.01,313.4,535.47,107.31,247.54,83.38,99.5,9.52,0.481,26084.7,155.7,6.47,78694.0,0.92,0.49,1,1,1,1.0,1.0,1.0
10.85,32.08,61.12,107.63,10.94,51.91,56.11,68.68,6.39,-0.09,9886.7,178.8,2.48,62981.0,57.63,0.1,0,0,0,0.007,0.119,0.329
61.76,172.87,296.64,552.7,101.21,219.78,80.04,99.5,9.97,0.825,33682.2,58.7,1.0,245912.0,0.92,2.03,1,1,1,1.0,1.0,1.0
1.34,3.18,6.39,32.75,6.82,8.42,33.98,37.24,5.7,-0.399,9311.7,135.3,7.54,116444.0,75.0,0.45,0,0,0,0.0,0.005,0.0
28.29,75.45,171.69,309.52,31.53,76.4,82.27,99.5,8.2,0.346,20666.0,132.8,9.19,137419.0,0.92,1.02,1,1,1,0.998,0.999,1.0
36.16,82.15,137.65,250.74,60.71,120.86,83.62,99.5,8.49,0.56,19103.7,177.1,7.45,81944.0,0.92,0.1,1,1,1,0.999,1.0,1.0
14.04,37.35,57.43,117.92,28.15,48.96,51.6,61.8,5.53,-0.054,9761.6,177.9,9.5,44334.0,70.28,0.67,0,0,0,0.001,0.092,0.137
84.55,176.45,306.03,563.33,83.4,217.05,79.42,99.5,9.78,1.021,30199.3,134.6,4.11,123175.0,0.92,1.15,1,1,1,1.0,1.0,1.0
11.36,30.3,46.37,93.87,23.15,48.67,47.05,54.5,6.82,-0.197,15570.0,70.3,0.77,197812.0,75.0,1.59,0,0,0,0.001,0.366,0.442
1.79,9.9,10.05,33.25,0.37,9.1,38.41,41.06,5.85,-0.325,5955.5,150.8,6.94,104001.0,75.0,0.92,0,0,0,0.0,0.001,0.0
3.52,5.63,8.23,25.28,5.0,5.93,34.4,37.65,5.84,-0.228,13782.9,50.5,2.29,208065.0,75.0,2.18,0,0,0,0.0,0.014,0.005
9.97,25.07,65.44,102.29,22.46,47.99,58.84,70.33,7.12,0.102,12553.7,148.2,5.38,85405.0,54.59,0.45,0,1,0,0.038,0.707,0.205
80.42,170.81,368.82,511.01,71.98,188.56,87.21,99.5,10.42,0.887,32028.3,167.0,5.12,72486.0,0.92,0.1,1,1,1,1.0,1.0,1.0
0.36,3.7,10.44,24.79,7.04,9.17,33.77,44.83,5.93,-0.328,11527.4,90.5,4.74,169920.0,75.0,1.67,0,0,0,0.0,0.013,0.004
17.74,27.86,68.23,100.16,20.64,50.17,57.87,65.63,6.72,0.106,12528.3,126.4,2.18,146044.0,63.24,0.83,0,0,0,0.034,0.479,0.461
41.41,104.44,180.9,332.55,61.01,102.37,82.75,99.5,8.69,0.567,23297.4,97.4,2.05,190415.0,0.92,1.81,1,1,1,0.999,1.0,1.0
2.46,4.33,11.63,14.03,0.33,4.81,34.76,38.05,5.77,-0.313,10545.9,98.5,1.66,182778.0,75.0,1.47,0,0,0,0.0,0.005,0.001
0.39,2.43,7.1,18.41,2.4,5.79,33.27,39.03,6.63,-0.244,14194.8,80.0,2.92,196898.0,75.0,1.52,0,0,0,0.0,0.034,0.004
9.93,19.47,60.13,132.43,10.11,50.34,58.86,72.79,7.58,0.04,11668.1,145.5,2.24,90324.0,50.07,1.33,0,0,1,0.117,0.475,0.811
0.2,1.21,3.34,17.0,0.19,6.33,31.55,36.39,5.41,-0.426,5821.0,170.7,3.87,68972.0,75.0,0.61,0,0,0,0.0,0.0,0.0
3.43,11.06,11.45,41.66,1.68,6.22,40.53,47.68,5.69,-0.151,8249.2,171.4,3.82,77458.0,75.0,0.1,0,0,0,0.0,0.004,0.001
3.2,5.91,8.35,17.28,2.31,12.44,34.5,39.89,6.97,-0.385,14550.2,60.3,1.83,198101.0,75.0,1.86,0,0,0,0.0,0.049,0.003
2.65,4.8,5.75,10.86,0.9,2.09,31.84,39.82,4.96,-0.327,8722.3,161.8,1.33,94453.0,75.0,0.14,0,0,0,0.0,0.001,0.0
14.71,36.92,61.51,133.82,24.69,52.92,54.36,67.4,6.8,-0.021,15021.1,141.9,5.19,120494.0,59.99,0.6,0,1,1,0.019,0.659,0.772
14.08,35.16,66.99,119.15,12.03,27.08,59.04,67.65,7.1,-0.074,15720.9,71.7,4.12,202051.0,59.53,1.8,0,0,1,0.053,0.416,0.501
43.43,89.13,178.91,334.38,58.64,105.38,84.41,99.5,8.94,0.572,27074.6,44.8,1.68,241669.0,0.92,2.34,1,1,1,1.0,1.0,1.0
15.42,35.77,60.66,125.14,26.52,50.26,60.37,69.33,6.55,0.054,13489.0,73.9,4.63,177800.0,56.42,1.89,0,1,1,0.023,0.636,0.79
79.76,154.49,311.96,484.61,96.4,190.39,85.96,99.5,9.11,0.923,29902.7,167.3,9.5,93268.0,0.92,0.81,1,1,1,1.0,1.0,1.0
28.54,68.63,167.35,257.93,55.31,134.21,86.34,99.5,7.81,0.511,20229.5,126.8,6.21,117392.0,0.92,1.25,1,1,1,0.996,1.0,1.0
50.69,154.66,309.38,532.61,106.86,193.3,88.62,99.5,9.28,0.592,27254.4,139.6,5.07,98422.0,0.92,1.05,1,1,1,1.0,1.0,1.0
15.67,38.32,57.11,119.92,24.04,55.5,60.31,70.36,6.6,0.089,14716.4,72.3,2.56,201237.0,54.53,1.9,0,1,1,0.03,0.684,0.721
32.57,80.29,171.63,274.47,46.1,133.26,82.08,99.5,8.4,0.375,19624.4,139.3,6.79,131065.0,0.92,1.27,1,1,1,0.999,1.0,1.0
22.24,78.37,157.54,267.82,50.91,91.77,82.64,99.5,9.02,0.56,24148.5,39.1,1.09,240427.0,0.92,2.22,1,1,1,1.0,1.0,1.0
0.81,2.48,5.38,8.25,0.47,4.11,31.76,38.22,6.08,-0.409,11682.7,89.4,0.5,173006.0,75.0,1.51,0,0,0,0.0,0.002,0.001
0.12,1.03,8.14,9.45,1.26,5.13,39.04,45.31,5.58,-0.434,9743.0,125.9,5.52,133597.0,75.0,0.5,0,0,0,0.0,0.005,0.0
6.84,20.15,51.92,98.28,12.2,34.17,56.18,62.04,7.39,-0.117,15630.1,56.2,0.82,214626.0,69.85,2.39,0,0,1,0.007,0.421,0.55
0.14,10.41,11.48,20.56,1.12,4.07,37.15,44.11,5.81,-0.296,8771.1,154.3,2.73,77908.0,75.0,0.64,0,0,0,0.0,0.004,0.0
0.83,4.07,12.33,16.36,0.41,14.95,45.32,48.37,5.97,-0.201,10090.7,69.1,2.42,178465.0,75.0,2.76,0,0,0,0.0,0.007,0.002
16.26,30.45,72.29,135.82,18.75,59.95,68.5,75.38,7.07,0.193,14141.7,129.6,4.31,123321.0,45.29,0.9,0,1,1,0.142,0.87,0.864
13.78,35.83,63.36,133.3,17.34,54.39,60.51,69.92,6.96,0.087,15213.7,93.8,0.9,168694.0,55.34,1.56,0,1,1,0.051,0.718,0.819
62.42,156.73,338.43,495.94,106.41,227.1,86.15,99.5,10.51,0.837,31264.3,121.4,4.61,134458.0,0.92,1.3,1,1,1,1.0,1.0,1.0
13.27,28.16,62.53,128.03,27.37,68.0,56.55,67.88,7.96,0.103,18528.3,50.6,2.65,229445.0,59.11,1.82,0,1,1,0.174,0.97,0.97
9.65,28.12,66.54,134.78,27.82,67.78,66.56,73.36,7.28,0.044,17342.2,37.5,0.55,231825.0,49.02,2.44,0,1,1,0.089,0.906,0.983
1.52,4.97,11.56,33.4,0.87,6.2,41.41,50.6,5.52,-0.308,6942.9,166.9,9.5,88180.0,75.0,0.5,0,0,0,0.0,0.001,0.001
17.34,29.3,45.75,79.37,14.33,56.93,53.97,59.95,6.59,-0.003,14442.2,74.1,0.51,188916.0,73.68,1.72,0,0,0,0.011,0.272,0.44
6.65,27.36,68.37,142.24,18.33,48.19,58.65,72.03,7.66,-0.074,12539.3,153.9,9.5,122727.0,51.46,1.03,0,1,1,0.071,0.621,0.804
28.08,68.97,131.71,222.49,44.26,93.63,84.41,97.43,7.3,0.493,14324.9,179.9,4.96,65324.0,4.73,0.1,1,1,1,0.991,0.993,1.0
10.24,32.71,67.35,130.49,26.24,42.47,62.64,70.41,8.14,0.102,19270.1,65.7,2.47,236322.0,54.44,2.02,0,1,1,0.414,0.981,0.945
15.33,26.67,52.04,97.45,12.11,32.32,50.52,56.76,7.95,0.044,15715.3,73.4,0.5,197140.0,75.0,2.26,0,1,0,0.041,0.681,0.313
17.43,35.64,64.86,132.75,26.27,44.58,57.75,69.31,6.8,-0.023,12826.0,131.1,4.44,119457.0,56.46,0.79,0,1,0,0.03,0.712,0.475
38.52,110.82,195.94,325.08,60.46,137.84,83.9,99.5,7.39,0.616,18651.5,175.0,6.84,56520.0,0.92,0.28,1,1,1,0.997,1.0,1.0
84.81,171.77,357.87,583.6,78.29,228.93,88.42,99.5,10.17,0.948,28525.2,167.8,5.61,57005.0,0.92,1.18,1,1,1,1.0,1.0,1.0
6.7,6.85,17.24,19.96,0.46,0.61,37.11,45.14,5.84,-0.211,11534.1,107.9,2.68,135628.0,75.0,1.47,0,0,0,0.0,0.009,0.001
16.99,37.9,54.5,116.18,12.4,49.94,51.56,62.04,6.03,0.07,11255.8,150.3,2.7,86457.0,69.85,0.57,0,0,0,0.004,0.084,0.252
30.23,67.3,167.06,292.85,57.05,134.15,88.34,99.5,9.62,0.333,24146.5,54.7,3.03,220303.0,0.92,2.33,1,1,1,1.0,1.0,1.0
30.86,93.81,144.69,251.87,57.22,139.19,84.42,99.5,6.85,0.523,13847.5,176.7,6.28,60033.0,0.92,0.18,1,1,1,0.982,0.998,1.0
16.54,34.92,78.19,136.08,20.01,40.93,67.24,79.27,7.46,0.019,13060.5,174.8,9.5,73006.0,38.15,0.1,0,1,1,0.493,0.881,0.507
1.81,4.76,7.23,8.32,0.27,0.69,32.04,32.29,6.23,-0.412,14941.7,58.7,1.5,228741.0,75.0,2.44,0,0,0,0.0,0.019,0.002
9.88,20.59,61.41,136.38,27.14,60.4,64.58,77.88,6.6,0.143,16286.1,78.4,2.13,184583.0,40.71,1.42,0,1,1,0.052,0.734,0.953
12.75,35.9,63.09,96.2,19.41,51.02,52.83,64.3,8.14,0.086,20888.6,49.5,2.46,251760.0,65.69,2.9,0,1,1,0.15,0.973,0.891
12.14,22.85,61.35,127.95,14.6,46.13,58.84,68.7,6.22,0.075,15899.5,74.4,0.5,173084.0,57.59,1.66,0,0,1,0.019,0.441,0.761
1.87,1.89,3.18,10.85,3.73,9.34,28.21,33.09,5.21,-0.434,7524.2,153.3,2.02,93765.0,75.0,1.32,0,0,0,0.0,0.0,0.0
0.2,1.75,3.2,9.36,1.56,3.98,34.11,42.42,5.15,-0.376,10252.6,89.9,4.92,164083.0,75.0,1.18,0,0,0,0.0,0.002,0.0
6.84,16.91,35.82,107.88,10.4,31.47,56.68,64.31,6.88,-0.09,15713.0,47.8,0.66,236667.0,65.67,2.5,0,0,1,0.008,0.286,0.694
83.24,157.2,270.47,464.69,67.56,192.82,84.61,99.5,9.72,0.982,27671.1,84.6,0.5,144856.0,0.92,1.81,1,1,1,1.0,1.0,1.0
58.54,141.08,340.96,528.71,92.05,241.98,84.74,99.5,9.73,0.801,28449.8,177.3,9.5,45593.0,0.92,0.59,1,1,1,1.0,1.0,1.0
16.99,31.96,76.25,142.48,21.67,57.46,65.73,77.35,7.23,0.126,15048.1,126.3,1.25,126825.0,41.68,1.36,0,1,1,0.44,0.866,0.92
29.0,80.98,166.16,272.3,56.91,110.72,81.96,99.5,8.84,0.399,20957.0,95.3,3.65,188859.0,0.92,1.36,1,1,1,0.999,1.0,1.0
1.91,2.32,3.31,20.09,0.61,6.16,33.64,41.98,6.39,-0.343,14236.8,59.1,2.14,212410.0,75.0,1.63,0,0,0,0.0,0.012,0.004
15.19,27.56,44.76,83.07,25.05,65.46,41.9,53.95,5.54,0.009,7706.4,178.0,0.5,46132.0,75.0,0.31,0,0,0,0.001,0.065,0.043
0.58,1.03,1.34,4.26,7.79,8.45,35.27,38.14,5.2,-0.355,5984.5,154.0,4.65,77215.0,75.0,0.74,0,0,0,0.0,0.002,0.0
22.15,88.57,175.5,298.28,45.67,124.28,84.58,99.5,8.75,0.489,24838.8,75.8,3.27,214118.0,0.92,1.65,1,1,1,0.999,1.0,1.0
72.93,168.4,299.48,557.26,68.23,190.95,87.06,99.5,10.66,0.951,33514.3,45.2,1.87,216491.0,0.92,2.31,1,1,1,1.0,1.0,1.0
37.32,97.87,185.0,318.0,60.65,120.74,83.45,99.5,8.85,0.477,23531.9,43.2,2.22,214003.0,0.92,2.35,1,1,1,1.0,1.0,1.0
13.16,33.01,65.71,140.87,23.1,50.83,68.62,77.35,7.98,0.057,18695.7,52.5,1.47,239215.0,41.68,1.85,0,1,1,0.487,0.974,0.987
41.14,95.72,177.53,304.11,41.3,121.04,80.53,99.5,8.17,0.549,19692.7,119.2,5.7,152113.0,0.92,1.29,1,1,1,1.0,1.0,1.0
48.93,171.06,348.96,538.47,71.32,182.35,87.01,99.5,10.15,0.624,31089.9,169.7,3.83,95506.0,0.92,0.37,1,1,1,1.0,1.0,1.0
1.96,2.04,4.57,8.08,4.16,6.03,34.32,40.6,5.75,-0.233,8373.4,107.0,1.03,137316.0,75.0,1.13,0,0,0,0.0,0.002,0.001
37.45,86.76,156.55,262.61,53.74,146.77,81.11,99.5,6.97,0.477,16598.7,157.2,1.83,68451.0,0.92,0.86,1,1,1,0.995,0.999,1.0
0.28,2.86,4.1,13.66,1.56,3.65,32.35,46.36,5.31,-0.285,10405.8,99.7,0.87,162413.0,75.0,1.21,0,0,0,0.0,0.003,0.001
32.47,102.68,157.99,304.41,46.18,104.53,85.83,99.5,7.79,0.497,18172.5,137.7,7.32,119733.0,0.92,0.77,1,1,1,0.997,1.0,1.0
0.23,4.45,8.04,23.68,0.76,2.5,33.45,36.45,5.08,-0.321,6540.9,141.1,1.09,116123.0,75.0,0.88,0,0,0,0.0,0.0,0.0
2.94,11.06,16.45,33.06,2.37,5.47,40.06,46.94,6.82,-0.225,13118.9,60.2,2.4,229903.0,75.0,2.42,0,0,0,0.001,0.036,0.015
34.88,108.43,203.48,335.91,36.62,130.36,86.08,99.5,8.94,0.526,23096.2,87.4,2.64,149142.0,0.92,1.68,1,1,1,1.0,1.0,1.0
0.88,8.07,13.08,13.57,1.55,9.36,34.33,39.07,5.8,-0.387,9267.3,127.4,4.22,140005.0,75.0,1.21,0,0,0,0.0,0.003,0.0
0.06,5.1,8.9,9.45,0.94,1.04,32.17,37.68,6.74,-0.399,12961.4,45.3,2.69,209249.0,75.0,2.14,0,0,0,0.0,0.028,0.001
5.02,28.26,65.72,110.19,12.27,28.91,59.7,67.42,7.53,-0.051,15097.5,87.4,2.37,187928.0,59.95,1.6,0,1,1,0.032,0.812,0.534
42.93,102.95,162.59,297.1,64.96,148.3,80.88,99.5,7.84,0.56,19665.8,112.5,5.18,137821.0,0.92,1.25,1,1,1,1.0,1.0,1.0
0.71,4.92,10.37,11.49,5.2,12.74,36.55,42.71,5.46,-0.395,4679.7,179.5,6.4,52447.0,75.0,0.4,0,0,0,0.0,0.001,0.0
34.76,90.09,153.75,300.51,45.12,116.98,86.28,99.5,8.22,0.458,19249.2,103.8,3.35,146283.0,0.92,1.3,1,1,1,0.999,1.0,1.0
24.25,67.81,176.92,296.44,58.55,144.19,83.46,99.5,7.73,0.402,17646.4,153.3,9.5,74322.0,0.92,1.08,1,1,1,0.991,1.0,1.0
17.76,42.47,71.18,148.69,17.31,50.54,60.14,70.0,6.94,0.173,15288.6,97.6,0.88,163427.0,55.2,1.36,0,1,1,0.12,0.619,0.869
15.68,39.22,69.93,120.82,24.57,53.25,61.85,76.23,6.04,0.033,9454.8,150.5,8.76,87838.0,43.74,0.21,0,0,0,0.033,0.345,0.393
1.34,5.41,12.77,16.29,1.69,1.78,27.05,31.6,5.73,-0.45,10714.0,121.3,5.68,146192.0,75.0,1.96,0,0,0,0.0,0.001,0.0
15.37,25.5,66.65,116.99,13.35,52.22,52.48,63.87,6.17,0.063,10353.4,163.6,4.31,93333.0,66.49,0.44,0,0,0,0.007,0.128,0.185
0.27,1.52,4.87,10.23,0.39,2.22,38.47,46.78,6.43,-0.324,10628.7,94.6,6.08,191818.0,75.0,1.91,0,0,0,0.0,0.019,0.001
0.19,3.36,4.11,12.02,1.64,11.8,34.1,38.44,6.65,-0.429,11201.2,122.6,0.5,138346.0,75.0,1.54,0,0,0,0.0,0.006,0.001
6.02,29.84,51.08,123.13,11.81,56.47,50.57,64.68,6.53,-0.086,13551.1,126.4,3.24,136187.0,64.99,1.35,0,0,1,0.004,0.211,0.793
15.5,24.57,45.99,103.42,20.47,54.35,46.1,57.45,6.32,-0.122,15348.3,95.5,1.27,186377.0,75.0,1.45,0,0,1,0.002,0.337,0.741
31.59,95.95,166.86,260.97,31.18,89.04,86.39,99.5,9.02,0.638,23076.7,55.9,2.37,203475.0,0.92,2.16,1,1,1,1.0,1.0,1.0
10.55,29.75,68.95,110.95,19.86,41.88,57.69,68.33,7.52,-0.07,16089.8,48.6,0.73,199397.0,58.26,1.8,0,1,1,0.043,0.731,0.733
83.05,191.9,362.91,577.28,74.09,170.13,82.74,99.5,10.54,0.992,34000.0,37.4,1.6,238101.0,0.92,2.93,1,1,1,1.0,1.0,1.0
1.28,7.65,8.61,18.79,1.51,5.1,36.26,41.33,4.64,-0.285,6739.1,161.7,5.12,64666.0,75.0,0.31,0,0,0,0.0,0.0,0.0
1.06,1.86,6.56,10.38,2.12,3.36,23.48,30.88,5.73,-0.34,13252.2,69.3,1.83,233662.0,75.0,1.81,0,0,0,0.0,0.004,0.001
6.07,16.23,56.26,92.32,16.61,40.24,50.0,62.18,7.06,-0.191,15871.0,65.7,2.76,223030.0,69.59,1.96,0,0,1,0.003,0.31,0.548
0.07,2.36,8.77,67.22,5.5,5.68,43.21,51.45,5.77,-0.218,10588.5,141.7,4.28,142389.0,75.0,0.81,0,0,0,0.0,0.015,0.006
26.44,77.92,180.42,289.23,49.96,126.24,84.23,99.5,8.32,0.279,22861.7,81.4,1.25,183254.0,0.92,1.51,1,1,1,0.997,1.0,1.0
8.87,26.77,43.29,97.3,17.57,43.24,50.03,61.05,7.62,-0.061,14436.9,108.4,9.26,158207.0,71.68,1.74,0,0,0,0.019,0.449,0.339
8.05,29.96,71.41,145.82,17.92,40.7,58.68,69.81,6.94,-0.026,17193.8,58.6,1.54,202831.0,55.55,2.32,0,1,1,0.021,0.712,0.895
6.28,25.71,50.62,94.45,17.43,49.07,52.32,57.63,6.34,-0.08,8780.8,174.2,0.5,84248.0,75.0,0.48,0,0,0,0.001,0.082,0.109
7.11,31.45,68.43,100.77,16.14,32.64,59.28,69.85,6.88,-0.009,13021.8,158.5,3.14,71592.0,55.48,0.49,0,0,0,0.017,0.417,0.053
7.98,20.86,57.39,123.33,10.91,43.55,52.46,65.1,6.09,-0.07,7818.5,160.2,1.95,49554.0,64.22,0.9,0,0,0,0.002,0.035,0.098
3.89,6.36,19.3,25.04,1.23,3.63,33.95,39.87,6.18,-0.315,10037.9,94.0,4.69,155361.0,75.0,1.39,0,0,0,0.0,0.005,0.001
3.09,4.29,20.69,30.09,0.49,0.88,31.09,42.81,5.22,-0.412,8141.3,145.5,5.94,83517.0,75.0,1.26,0,0,0,0.0,0.001,0.0
7.25,15.92,51.68,107.53,24.76,63.23,54.43,59.3,7.13,-0.182,17891.4,55.9,2.36,235134.0,74.89,2.11,0,0,1,0.005,0.488,0.899
3.21,3.53,4.35,13.89,0.28,0.62,31.88,40.99,6.6,-0.188,14511.1,36.2,1.03,263735.0,75.0,2.72,0,0,0,0.0,0.021,0.004
36.66,100.65,201.25,354.51,45.49,139.38,85.09,99.5,8.58,0.529,26878.4,37.9,1.14,213481.0,0.92,2.3,1,1,1,1.0,1.0,1.0
0.05,5.15,6.7,37.27,0.5,5.23,41.16,47.95,6.54,-0.229,10091.0,120.1,3.4,155307.0,75.0,1.18,0,0,0,0.0,0.009,0.002
0.67,1.87,2.11,16.8,0.39,2.56,26.42,33.38,6.27,-0.448,14146.3,101.0,3.39,173032.0,75.0,1.8,0,0,0,0.0,0.008,0.001
0.18,2.5,3.55,14.38,5.86,14.74,34.98,37.33,5.21,-0.301,9432.6,110.1,5.51,124319.0,75.0,1.96,0,0,0,0.0,0.002,0.001
7.61,17.29,33.57,105.0,14.99,38.5,58.35,62.6,7.26,-0.108,14653.1,36.1,1.48,230847.0,68.81,2.82,0,0,1,0.01,0.367,0.613
0.31,4.89,20.32,37.21,3.47,6.86,39.42,48.58,6.02,-0.39,10745.2,96.3,4.24,155750.0,75.0,1.76,0,0,0,0.0,0.008,0.002
0.9,4.1,4.25,5.01,2.32,3.75,32.13,35.7,5.3,-0.383,9667.3,139.1,6.12,124276.0,75.0,1.06,0,0,0,0.0,0.001,0.0
0.81,4.61,8.06,27.69,1.09,2.27,30.68,39.0,5.96,-0.247,9200.9,99.2,5.05,142540.0,75.0,1.3,0,0,0,0.0,0.005,0.001
0.32,0.67,0.82,1.48,0.63,1.77,38.23,41.09,4.52,-0.45,8053.9,141.2,5.67,109111.0,75.0,0.94,0,0,0,0.0,0.0,0.0
29.54,88.21,183.77,279.58,56.57,104.22,87.74,99.5,9.37,0.5,26043.0,68.8,2.85,187166.0,0.92,1.61,1,1,1,1.0,1.0,1.0
44.72,91.12,191.36,286.6,63.27,148.74,87.1,99.5,8.97,0.606,21041.4,152.9,8.62,103613.0,0.92,0.8,1,1,1,1.0,1.0,1.0
0.53,1.9,1.92,5.39,0.68,2.79,20.59,29.1,5.19,-0.228,10015.3,120.3,2.77,132361.0,75.0,1.28,0,0,0,0.0,0.001,0.0
0.18,1.81,6.22,11.79,0.53,3.31,31.83,39.04,5.91,-0.173,14806.0,65.6,1.28,193299.0,75.0,1.35,0,0,0,0.0,0.009,0.001
5.38,19.17,50.0,96.79,16.91,57.36,51.12,61.7,6.94,-0.257,14374.4,69.3,0.95,193611.0,70.48,1.89,0,0,1,0.002,0.256,0.68
43.35,111.45,167.38,270.56,54.9,148.49,83.09,99.5,8.21,0.69,21292.0,126.1,4.83,159263.0,0.92,1.19,1,1,1,1.0,1.0,1.0
54.69,178.58,355.1,632.78,64.68,176.26,87.9,99.5,10.66,0.662,29792.9,155.3,0.5,87337.0,0.92,0.63,1,1,1,1.0,1.0,1.0
0.78,3.57,7.81,36.23,3.65,3.85,32.8,43.92,5.54,-0.325,9759.2,95.3,4.13,150066.0,75.0,1.62,0,0,0,0.0,0.002,0.001
11.33,26.25,71.16,122.52,23.65,47.19,61.95,71.74,7.22,-0.018,16736.8,72.5,2.39,201807.0,52.0,1.43,0,1,1,0.067,0.877,0.791
35.37,78.63,164.85,314.3,30.67,98.43,86.44,99.5,8.07,0.444,17134.3,160.7,8.91,84987.0,0.92,0.34,1,1,1,0.999,0.999,1.0
44.56,85.93,146.93,264.6,60.48,131.44,82.82,99.5,7.03,0.697,16442.6,132.0,3.02,100319.0,0.92,1.3,1,1,1,0.999,1.0,1.0
0.85,1.08,14.16,19.28,0.58,2.44,36.4,41.34,6.16,-0.45,12596.0,100.0,3.13,193506.0,75.0,1.44,0,0,0,0.0,0.008,0.002
10.38,26.18,61.84,135.23,11.15,40.87,58.81,67.89,7.14,-0.067,13132.4,105.7,5.84,147818.0,59.08,1.46,0,1,0,0.026,0.52,0.458
0.64,0.67,7.45,8.77,0.24,0.42,30.78,37.01,6.09,-0.314,13056.9,64.6,3.87,196791.0,75.0,1.78,0,0,0,0.0,0.004,0.001
0.27,0.75,2.46,15.38,0.11,7.0,41.49,45.62,5.08,-0.45,8143.5,125.9,2.86,131334.0,75.0,1.08,0,0,0,0.0,0.001,0.0
9.25,27.56,42.92,91.21,10.04,30.0,49.17,59.44,6.86,-0.114,16414.7,87.0,3.33,201531.0,74.62,0.94,0,0,0,0.003,0.38,0.27
0.71,2.63,3.29,19.7,0.42,0.85,39.79,43.61,4.41,-0.409,5931.1,179.4,7.23,39562.0,75.0,0.56,0,0,0,0.0,0.0,0.0
28.34,85.39,194.73,308.22,44.91,88.17,84.9,99.5,8.71,0.448,23593.3,104.6,4.37,158588.0,0.92,1.92,1,1,1,0.999,1.0,1.0
39.15,81.42,176.11,328.95,56.89,132.22,83.8,99.5,9.11,0.541,22518.7,105.5,3.19,184765.0,0.92,1.05,1,1,1,1.0,1.0,1.0
35.1,88.24,146.92,289.22,46.71,121.12,84.02,99.5,7.92,0.571,19204.5,117.0,6.8,141473.0,0.92,0.92,1,1,1,0.999,1.0,1.0
9.86,21.27,60.47,107.59,27.33,71.31,48.32,60.93,6.31,-0.262,9578.3,167.9,0.5,59954.0,71.88,0.6,0,0,0,0.001,0.21,0.469
2.13,2.47,10.19,18.99,0.55,0.89,27.33,33.22,4.68,-0.351,7866.1,151.1,4.14,89382.0,75.0,1.15,0,0,0,0.0,0.0,0.0
0.39,0.76,0.87,53.71,3.56,8.26,37.16,47.01,6.45,-0.348,9037.7,100.4,4.32,162607.0,75.0,1.44,0,0,0,0.0,0.019,0.003
7.51,15.98,45.54,112.62,29.26,69.57,56.72,65.95,6.98,0.057,12287.8,139.2,6.02,132908.0,62.66,0.51,0,1,1,0.013,0.641,0.704
16.62,28.67,48.33,90.72,12.77,51.73,50.24,56.45,6.22,-0.082,12640.6,120.0,7.12,130905.0,75.0,1.09,0,0,0,0.002,0.055,0.2
16.74,29.96,71.27,104.02,23.55,54.37,54.75,63.07,6.66,-0.056,17052.9,106.4,6.02,164728.0,67.95,1.04,0,1,1,0.008,0.607,0.809
8.6,29.66,51.02,101.83,24.2,49.34,51.94,63.21,6.48,-0.115,13648.3,62.9,1.88,183007.0,67.7,1.77,0,0,1,0.004,0.367,0.682
16.12,38.83,59.91,111.93,18.64,45.94,55.65,66.26,6.58,0.075,11800.4,102.3,5.97,135619.0,62.09,1.32,0,0,0,0.036,0.299,0.437
0.84,1.03,9.19,13.3,0.0,4.05,37.34,43.11,6.74,-0.26,13550.3,70.6,1.56,187986.0,75.0,1.58,0,0,0,0.0,0.031,0.003
13.46,38.17,74.75,121.38,29.05,55.01,64.27,74.64,5.61,0.071,10728.7,167.7,8.68,100388.0,46.65,0.24,0,1,0,0.01,0.574,0.488
15.68,29.38,45.84,112.53,17.0,42.17,56.58,61.75,7.52,-0.09,16157.9,83.6,5.65,180672.0,70.38,1.7,0,1,1,0.02,0.729,0.675
37.9,85.78,142.86,255.22,58.83,106.0,86.13,99.5,7.99,0.43,17282.6,173.1,9.5,76653.0,0.92,0.46,1,1,1,0.999,1.0,1.0
12.21,22.46,38.93,87.87,23.16,46.41,46.6,54.39,5.99,-0.054,13201.0,112.3,4.14,149420.0,75.0,0.84,0,0,0,0.002,0.183,0.221
0.71,2.4,9.76,30.27,0.0,1.87,41.55,48.58,4.64,-0.23,8568.6,126.6,3.67,144749.0,75.0,1.18,0,0,0,0.0,0.001,0.002
13.53,36.02,52.49,113.9,26.84,49.49,55.79,66.66,6.63,0.04,12491.1,113.7,0.85,134375.0,61.35,1.13,0,0,1,0.017,0.45,0.559
25.13,78.85,186.6,322.03,44.86,86.0,84.58,99.5,9.22,0.524,25603.9,53.8,2.18,225812.0,0.92,2.32,1,1,1,1.0,1.0,1.0
0.98,2.05,2.87,11.19,0.84,0.97,32.6,36.25,5.56,-0.435,11007.1,89.5,1.34,160144.0,75.0,1.83,0,0,0,0.0,0.002,0.0
38.14,102.44,189.57,336.84,37.11,92.85,82.81,99.5,9.81,0.685,27676.7,49.4,1.02,250498.0,0.92,2.0,1,1,1,1.0,1.0,1.0
0.74,0.89,9.49,17.59,0.79,3.06,37.48,42.89,6.32,-0.292,8205.8,125.3,1.7,117600.0,75.0,1.27,0,0,0,0.0,0.004,0.0
9.23,22.09,50.53,104.63,18.67,50.1,57.98,68.53,6.74,-0.06,14418.4,99.8,2.67,147008.0,57.91,1.19,0,1,1,0.018,0.523,0.692
76.34,149.77,332.81,504.8,72.6,200.56,88.87,99.5,9.56,0.905,30431.2,147.8,5.1,110876.0,0.92,1.16,1,1,1,1.0,1.0,1.0
17.68,25.98,61.17,126.02,21.47,36.76,59.86,69.56,7.98,-0.022,16961.3,67.0,2.67,200835.0,56.01,1.67,0,1,1,0.216,0.92,0.763
12.88,22.84,40.18,104.98,24.0,65.7,57.34,66.49,6.91,-0.082,15342.8,58.9,1.42,214268.0,61.65,2.14,0,1,1,0.022,0.71,0.918
0.0,1.19,1.24,6.69,1.35,3.99,25.75,32.81,6.08,-0.419,11513.0,93.9,5.09,170708.0,75.0,1.47,0,0,0,0.0,0.003,0.0
0.53,3.76,5.91,14.64,3.22,3.89,38.43,40.91,4.54,-0.275,3632.0,169.4,5.29,60418.0,75.0,0.15,0,0,0,0.0,0.0,0.0
9.17,26.04,64.06,115.33,11.46,56.12,60.53,69.72,7.33,-0.067,14108.7,138.0,2.87,138587.0,55.72,1.17,0,1,1,0.046,0.602,0.836
14.2,34.49,63.44,120.79,29.88,62.73,64.0,71.28,6.9,0.225,17443.6,95.7,3.74,178510.0,52.84,1.32,0,1,1,0.16,0.85,0.955
7.85,32.24,63.37,94.41,21.47,38.58,54.23,64.34,7.1,-0.072,15914.0,110.0,7.74,168379.0,65.61,0.79,0,1,1,0.005,0.581,0.594
66.1,185.62,344.12,536.4,104.13,258.34,84.57,99.5,10.51,0.759,34000.0,47.2,1.94,215422.0,0.92,1.33,1,1,1,1.0,1.0,1.0
0.51,2.24,18.52,20.87,0.71,2.67,33.57,43.52,5.49,-0.418,8534.8,177.8,5.06,72932.0,75.0,0.1,0,0,0,0.0,0.001,0.0
6.31,18.94,50.28,91.7,23.73,49.16,60.23,65.44,6.46,-0.117,13552.8,131.6,0.99,125006.0,63.59,1.4,0,0,0,0.004,0.296,0.388
6.17,27.16,59.19,130.43,17.2,32.78,57.91,67.04,7.85,0.052,16186.9,76.4,2.37,205260.0,60.65,2.16,0,1,1,0.087,0.91,0.877
5.61,27.13,54.45,133.27,26.61,42.09,65.18,71.23,7.34,0.104,14883.5,119.9,4.71,153473.0,52.94,0.94,0,1,1,0.048,0.811,0.748
16.31,27.93,57.52,112.82,11.19,29.96,59.4,70.91,7.08,0.12,17640.3,50.9,1.43,221846.0,53.52,2.03,0,1,1,0.209,0.804,0.789
0.66,3.23,4.46,13.43,0.95,4.44,31.14,35.24,4.22,-0.379,5568.8,175.0,0.88,47175.0,75.0,0.23,0,0,0,0.0,0.0,0.0
61.98,183.08,381.61,649.44,68.43,185.0,87.06,99.5,10.98,0.651,34000.0,60.3,1.19,234282.0,0.92,1.61,1,1,1,1.0,1.0,1.0
10.96,33.25,58.97,116.45,22.19,40.53,59.54,69.08,6.21,-0.204,12241.6,129.0,7.89,133583.0,56.89,0.74,0,0,0,0.006,0.255,0.301
12.25,24.45,45.65,88.16,11.99,29.08,54.31,64.88,6.77,-0.005,13875.1,70.6,4.29,186164.0,64.63,2.16,0,0,0,0.009,0.383,0.214
13.41,37.41,73.05,118.64,16.7,47.94,57.27,68.78,6.35,-0.008,10484.6,139.0,2.65,119242.0,57.45,1.04,0,0,0,0.01,0.143,0.388
2.41,2.98,5.51,13.8,5.35,8.04,32.26,38.98,5.21,-0.378,5984.2,147.6,6.96,80167.0,75.0,0.84,0,0,0,0.0,0.001,0.0
39.52,78.03,147.65,276.56,53.72,142.4,91.25,99.5,7.38,0.573,18446.2,132.6,1.83,136655.0,0.92,0.58,1,1,1,0.998,0.999,1.0
12.68,25.6,56.77,122.35,25.69,69.02,54.52,65.97,6.31,-0.114,11717.1,124.1,7.48,109009.0,62.62,1.13,0,0,1,0.006,0.233,0.518
7.48,26.72,47.73,93.62,12.86,51.05,54.14,69.53,6.3,0.088,10346.1,164.4,6.48,79398.0,56.06,0.1,0,0,0,0.014,0.244,0.137
42.85,79.05,177.86,277.2,47.04,128.2,84.67,99.5,9.21,0.723,26257.6,46.4,2.42,227986.0,0.92,2.46,1,1,1,1.0,1.0,1.0
32.67,76.92,181.29,308.78,62.59,149.16,84.64,99.5,8.93,0.528,22335.7,83.0,0.5,196003.0,0.92,1.76,1,1,1,0.999,1.0,1.0
16.4,30.54,75.16,147.78,16.75,58.64,63.86,76.06,7.51,0.09,17182.5,71.0,3.35,196396.0,44.05,1.45,0,1,1,0.364,0.901,0.967
38.88,102.89,153.26,235.07,54.32,109.65,79.52,95.37,7.69,0.452,15310.7,178.3,6.21,75610.0,8.51,0.81,1,1,1,0.997,0.997,1.0
0.07,0.91,8.19,15.83,1.91,7.55,29.92,36.0,5.39,-0.407,9861.5,91.5,4.6,169824.0,75.0,1.03,0,0,0,0.0,0.001,0.0
9.2,17.39,42.09,119.93,19.65,51.74,47.74,60.05,6.95,-0.065,11260.4,141.2,7.27,110043.0,73.52,1.01,0,0,0,0.003,0.274,0.372
1.71,2.02,7.32,11.56,0.98,2.08,39.51,41.25,5.51,-0.242,9204.0,134.3,4.86,120140.0,75.0,1.12,0,0,0,0.0,0.002,0.0
0.2,1.32,1.72,24.07,0.73,4.44,29.04,33.44,6.18,-0.367,12956.0,65.8,1.59,198262.0,75.0,1.56,0,0,0,0.0,0.004,0.002
0.42,1.01,6.02,17.75,0.49,3.81,37.05,43.25,6.13,-0.218,12072.2,69.7,3.42,171116.0,75.0,1.87,0,0,0,0.0,0.013,0.002
0.01,0.49,5.7,12.03,0.46,2.92,31.13,33.53,5.95,-0.36,11076.4,75.8,2.57,177532.0,75.0,1.3,0,0,0,0.0,0.003,0.0
0.75,3.26,3.56,24.1,0.12,2.24,44.44,44.31,6.65,-0.224,12484.6,94.6,1.83,170135.0,75.0,0.67,0,0,0,0.0,0.025,0.002
14.24,28.1,70.4,138.16,18.52,39.04,56.3,67.42,6.7,0.018,15503.5,69.0,1.27,193491.0,59.95,1.57,0,0,1,0.016,0.48,0.767
0.05,4.1,4.96,8.73,0.02,0.09,34.06,39.17,6.47,-0.448,12893.8,37.8,0.5,232244.0,75.0,2.15,0,0,0,0.0,0.006,0.001
25.76,95.68,192.52,334.11,58.95,109.21,86.58,99.5,8.55,0.506,19731.6,162.5,4.2,80135.0,0.92,0.74,1,1,1,0.999,1.0,1.0
4.64,5.3,5.95,10.14,1.51,1.98,35.89,40.19,5.24,-0.127,6305.8,175.0,9.5,57030.0,75.0,0.39,0,0,0,0.0,0.001,0.0
1.61,2.77,6.13,22.03,4.64,10.63,32.43,35.5,5.79,-0.348,10414.8,84.5,3.23,171170.0,75.0,1.69,0,0,0,0.0,0.005,0.002
11.99,36.84,67.73,124.53,13.17,32.63,65.49,74.34,6.56,0.012,14546.3,84.1,2.14,174497.0,47.21,1.37,0,0,1,0.023,0.316,0.574
7.19,25.25,52.71,102.0,12.55,38.98,54.51,65.34,7.23,-0.029,17934.6,36.0,1.78,236843.0,63.77,2.2,0,1,1,0.009,0.776,0.817
0.57,2.99,4.96,11.47,0.64,1.13,27.3,28.61,4.67,-0.45,9481.1,133.6,2.67,125537.0,75.0,0.68,0,0,0,0.0,0.0,0.0
57.0,129.57,257.9,443.39,67.28,200.48,84.29,99.5,8.59,0.718,22795.4,154.7,5.68,91665.0,0.92,0.29,1,1,1,1.0,1.0,1.0
0.4,2.79,6.92,14.03,1.19,4.24,43.34,50.16,6.16,-0.255,11873.3,56.3,1.79,197045.0,75.0,1.89,0,0,0,0.0,0.045,0.002
26.56,62.41,151.11,279.79,46.67,134.84,86.11,99.5,7.82,0.351,20560.9,58.2,2.85,189247.0,0.92,2.06,1,1,1,0.994,0.999,1.0
0.85,1.76,6.76,46.13,2.67,11.05,35.16,43.46,5.51,-0.37,7404.8,149.6,0.99,139487.0,75.0,0.56,0,0,0,0.0,0.001,0.001
22.82,62.66,121.93,258.16,43.64,109.91,85.66,99.5,8.46,0.368,17874.2,124.4,2.45,113818.0,0.92,1.0,1,1,1,0.998,1.0,1.0
8.4,28.92,69.28,107.29,13.85,39.04,56.71,64.89,7.48,-0.074,18168.6,41.5,0.5,222415.0,64.6,2.49,0,1,1,0.021,0.8,0.656
56.21,158.1,335.83,586.89,70.42,164.47,79.84,99.5,10.18,0.754,32632.5,125.3,3.8,137432.0,0.92,0.93,1,1,1,1.0,1.0,1.0
0.54,0.94,1.33,4.66,1.0,4.1,31.46,32.89,5.62,-0.382,11570.4,79.8,4.53,189661.0,75.0,1.33,0,0,0,0.0,0.001,0.001
1.54,2.17,9.0,9.41,1.17,4.68,34.49,42.98,6.06,-0.261,10895.9,88.5,2.29,181655.0,75.0,1.78,0,0,0,0.0,0.004,0.001
8.79,28.41,69.42,103.89,20.25,35.81,59.72,69.46,6.0,-0.028,11009.5,146.6,3.78,97426.0,56.2,0.86,0,0,0,0.006,0.219,0.234
8.63,18.96,52.69,95.12,15.65,36.82,58.48,64.3,5.2,-0.126,10063.4,152.6,7.73,100476.0,65.69,0.79,0,0,0,0.0,0.052,0.192
0.34,0.97,5.76,43.19,1.35,4.56,46.68,53.0,6.68,-0.322,10650.7,93.1,5.05,169258.0,75.0,1.73,0,0,0,0.0,0.024,0.004
2.05,3.66,5.1,41.28,4.73,5.6,43.62,48.26,5.45,-0.182,4671.5,172.3,5.76,68513.0,75.0,0.55,0,0,0,0.0,0.003,0.0
37.58,98.46,187.44,333.89,53.59,122.08,87.35,99.5,8.26,0.483,22697.6,93.9,4.45,170957.0,0.92,1.54,1,1,1,0.999,1.0,1.0
2.25,3.01,7.56,22.07,4.09,26.42,37.09,45.09,4.99,-0.336,8380.2,146.9,2.29,119531.0,75.0,1.49,0,0,0,0.0,0.002,0.003
12.25,28.48,61.5,124.44,24.26,47.7,58.46,71.83,7.12,0.14,15207.6,105.2,6.29,153472.0,51.83,0.98,0,1,1,0.12,0.861,0.713
11.33,25.64,41.8,102.28,27.5,70.14,55.11,63.62,6.2,-0.071,10169.5,165.1,9.5,81596.0,66.95,0.34,0,0,1,0.002,0.162,0.508
11.73,32.75,69.12,110.56,11.26,48.69,56.53,64.41,6.71,-0.204,11517.1,166.6,7.4,96072.0,65.49,0.78,0,0,0,0.006,0.166,0.393
0.4,2.39,5.36,25.8,2.07,8.64,35.4,38.4,6.31,-0.342,14989.4,47.7,0.5,237210.0,75.0,2.23,0,0,0,0.0,0.013,0.007
14.78,39.78,80.69,121.25,29.23,54.43,63.66,72.6,7.0,0.026,11541.7,170.8,4.26,98809.0,50.41,0.66,0,1,1,0.106,0.725,0.707
1.12,8.21,9.18,32.54,6.12,12.85,37.36,45.4,5.02,-0.352,5255.1,154.7,7.12,68013.0,75.0,0.71,0,0,0,0.0,0.001,0.001
2.05,2.82,4.91,22.05,0.25,7.93,36.45,40.29,5.99,-0.338,8521.0,149.7,4.1,113889.0,75.0,1.14,0,0,0,0.0,0.001,0.0
7.73,25.34,43.49,82.75,21.71,55.75,42.36,56.01,6.81,-0.303,15845.6,64.1,3.71,212065.0,75.0,1.65,0,0,1,0.001,0.309,0.573
55.79,132.94,292.4,550.09,70.07,205.4,87.76,99.5,8.81,0.555,25786.7,151.7,6.92,84624.0,0.92,1.11,1,1,1,1.0,1.0,1.0
0.59,7.75,8.1,8.58,0.27,5.6,29.78,37.65,5.46,-0.401,9533.0,158.3,3.53,93851.0,75.0,0.96,0,0,0,0.0,0.002,0.0
3.07,7.39,12.46,13.17,0.48,10.07,32.14,40.49,6.61,-0.27,14129.0,76.9,2.74,203455.0,75.0,1.41,0,0,0,0.0,0.016,0.001
13.1,29.06,63.63,102.56,27.86,62.55,60.48,63.84,6.47,-0.041,11171.6,173.1,3.27,59869.0,66.54,0.59,0,0,0,0.006,0.228,0.318
11.13,26.9,66.57,111.97,12.74,33.31,61.12,71.73,7.46,0.001,17674.9,42.2,1.34,235963.0,52.01,2.26,0,1,1,0.067,0.902,0.879
6.05,22.69,58.01,134.71,25.02,57.51,59.03,70.19,7.0,-0.038,17668.8,56.7,1.42,224986.0,54.84,1.88,0,1,1,0.03,0.789,0.977
79.56,203.09,377.21,525.09,74.59,181.48,81.69,99.5,10.11,1.013,32258.0,112.9,6.34,128396.0,0.92,0.69,1,1,1,1.0,1.0,1.0
84.9,182.75,361.31,615.25,92.66,174.13,85.68,99.5,9.82,0.998,31939.5,118.5,8.66,135678.0,0.92,0.88,1,1,1,1.0,1.0,1.0
5.25,27.17,64.35,121.15,14.98,32.58,56.61,64.27,6.43,-0.099,13658.7,128.5,1.19,130258.0,65.74,1.25,0,0,0,0.001,0.243,0.375
7.14,25.0,56.38,133.44,29.15,61.43,65.6,78.21,7.71,-0.005,16008.5,37.5,0.5,223105.0,40.09,2.58,0,1,1,0.202,0.951,0.979
78.66,197.39,375.11,576.33,79.47,180.6,79.21,99.5,9.35,0.901,29125.5,174.3,5.33,57709.0,0.92,0.32,1,1,1,1.0,1.0,1.0
3.32,7.82,8.59,12.09,1.74,3.61,36.88,38.6,6.07,-0.314,14725.6,41.5,0.5,228216.0,75.0,2.52,0,0,0,0.0,0.014,0.003
7.78,29.23,44.28,91.44,28.59,66.41,54.96,65.51,7.12,0.046,15467.5,55.7,2.0,225132.0,63.46,2.36,0,1,1,0.018,0.729,0.869
10.22,34.01,76.03,108.66,12.56,39.18,56.02,66.82,7.42,-0.005,20540.0,37.0,1.8,245217.0,61.04,2.39,0,1,1,0.015,0.76,0.881
3.18,7.83,8.02,16.64,2.55,3.68,33.39,39.38,5.36,-0.388,9165.3,117.2,7.25,126445.0,75.0,0.98,0,0,0,0.0,0.001,0.0
73.9,166.08,300.75,495.71,107.54,259.96,82.56,99.5,10.01,0.861,26334.5,170.2,6.57,85568.0,0.92,0.57,1,1,1,1.0,1.0,1.0
42.85,114.54,175.24,326.93,37.43,123.53,87.76,99.5,8.2,0.663,19806.2,131.6,4.15,109586.0,0.92,1.14,1,1,1,1.0,1.0,1.0
12.04,24.12,51.08,102.75,24.66,57.84,56.16,63.94,6.34,-0.024,9458.1,154.3,0.5,70705.0,66.35,0.87,0,0,0,0.005,0.246,0.345
40.42,91.29,185.91,329.33,32.21,92.87,85.79,99.5,10.22,0.439,26161.8,36.9,1.31,230182.0,0.92,2.6,1,1,1,1.0,1.0,1.0
16.52,36.5,64.06,103.2,11.93,33.81,57.97,61.41,6.72,0.028,13554.2,113.6,4.12,160534.0,71.01,0.84,0,0,0,0.016,0.239,0.235
26.12,75.94,136.56,228.24,59.54,113.26,82.83,99.5,7.97,0.356,16445.1,101.6,4.73,167875.0,0.92,1.27,1,1,1,0.996,0.999,1.0
0.99,1.55,4.25,8.14,0.18,14.28,34.16,36.44,5.58,-0.45,8634.9,107.4,2.39,151156.0,75.0,0.77,0,0,0,0.0,0.001,0.0
0.73,1.98,2.87,11.08,2.02,3.29,29.09,40.76,6.03,-0.33,12868.8,45.5,1.24,219184.0,75.0,2.45,0,0,0,0.0,0.004,0.002
0.79,1.46,4.46,23.03,0.12,2.68,34.45,38.64,5.62,-0.421,9154.8,134.2,1.13,113062.0,75.0,0.89,0,0,0,0.0,0.001,0.0
10.19,19.45,62.67,105.66,21.29,47.47,63.66,68.25,7.17,0.052,16760.3,108.0,0.5,152071.0,58.41,1.46,0,1,1,0.036,0.785,0.766
0.38,2.25,6.92,25.4,2.01,4.62,34.81,44.05,4.96,-0.305,6884.1,145.9,2.2,88838.0,75.0,0.34,0,0,0,0.0,0.002,0.0
1.8,3.62,18.26,27.23,0.76,2.83,38.47,40.43,6.11,-0.221,10324.3,105.4,0.71,148338.0,75.0,1.79,0,0,0,0.0,0.005,0.0
64.6,151.61,275.9,476.29,104.85,205.29,81.12,99.5,9.23,0.82,31080.6,56.7,2.33,208774.0,0.92,1.7,1,1,1,1.0,1.0,1.0
